data,dia_semana,horario_sugerido,fase,semana,formato,pilar,tema,gancho,legenda,cta,hashtags,direcao_visual,status_agendamento,observacoes
2026-08-17,segunda,19:30,Aquecimento e autoridade,Semana 1,Carrossel,Educativo,3 erros de quem comeca no marketing digital sem direcao,3 erros de quem comeca no marketing digital sem direcao,"Comecar do zero fica mais dificil quando voce tenta aprender tudo ao mesmo tempo.

Tema de hoje: 3 erros de quem comeca no marketing digital sem direcao.

Pensa nisso como uma escada: primeiro voce entende a base, depois monta a estrutura, depois publica, depois ajusta.

Quando voce pula etapas, tudo parece confuso e qualquer ferramenta vira desculpa para travar.

A meta aqui e fazer o simples bem feito: um produto claro, uma oferta honesta e conteudo constante.

Salva esse post e segue o @dozero.aoreal para aprender o caminho sem promessa falsa.

#dozeroaoreal #rendacomhonestidade #infoproduto #marketingdigital #faceless #rendaextra #kiwify #conteudodigital",Salva esse post e segue o @dozero.aoreal para aprender o caminho sem promessa falsa.,#dozeroaoreal #rendacomhonestidade #infoproduto #marketingdigital #faceless #rendaextra #kiwify #conteudodigital,Slide 1: titulo forte com fundo verde-noturno e palavra REAL em lima. Slides 2-6: um ponto por slide. Ultimo slide: CTA para ver o guia no link da bio.,Pendente,Agendar no Meta Business Suite. Revisar arte antes de publicar.
2026-08-18,terca,20:15,Aquecimento e autoridade,Semana 1,Reels,Jornada,O que eu faria se estivesse comecando hoje sem dinheiro para investir,O que eu faria se estivesse comecando hoje sem dinheiro para investir,"Nem todo bastidor e bonito, mas e nele que o negocio comeca a ficar real.

Tema de hoje: O que eu faria se estivesse comecando hoje sem dinheiro para investir.

Nao e sobre fingir que esta tudo pronto. E sobre documentar o processo e continuar mesmo quando ainda falta lapidar.

A vantagem de comecar pequeno e que voce consegue corrigir rapido, sem depender de equipe, estudio ou orcamento.

Feito com honestidade ainda vence muita ideia perfeita que nunca sai do papel.

Se voce tambem esta comecando, acompanha a jornada no @dozero.aoreal.

#dozeroaoreal #rendacomhonestidade #infoproduto #marketingdigital #faceless #rendaextra #kiwify #conteudodigital","Se voce tambem esta comecando, acompanha a jornada no @dozero.aoreal.",#dozeroaoreal #rendacomhonestidade #infoproduto #marketingdigital #faceless #rendaextra #kiwify #conteudodigital,"Tela gravada mostrando checklist/rotina, com legendas grandes e ritmo rapido. Encerrar com CTA na bio.",Pendente,Agendar no Meta Business Suite. Revisar arte antes de publicar.
2026-08-19,quarta,12:30,Aquecimento e autoridade,Semana 1,Stories,Conexao,"Se voce sente que esta atrasado, leia isso","Se voce sente que esta atrasado, leia isso","Voce nao precisa parecer expert para dar o primeiro passo com honestidade.

Tema de hoje: Se voce sente que esta atrasado, leia isso.

Se o seu ponto de partida parece ruim, isso nao te elimina. So define qual e o proximo passo.

Voce pode comecar sem aparecer, sem equipamento caro e sem discurso de guru.

O que nao da e esperar coragem infinita para fazer a primeira publicacao.

Comenta ""REAL"" se voce quer comecar do jeito possivel, nao do jeito perfeito.

#dozeroaoreal #rendacomhonestidade #infoproduto #marketingdigital #faceless #rendaextra #kiwify #conteudodigital","Comenta ""REAL"" se voce quer comecar do jeito possivel, nao do jeito perfeito.",#dozeroaoreal #rendacomhonestidade #infoproduto #marketingdigital #faceless #rendaextra #kiwify #conteudodigital,"Antes/depois conceitual: ""antes: perdido / depois: com checklist"". CTA discreto.",Pendente,Agendar no Meta Business Suite. Revisar arte antes de publicar.
2026-08-20,quinta,19:00,Aquecimento e autoridade,Semana 1,Post estatico,Bastidores / prova honesta,"Como o guia foi organizado por etapas, nao por promessa","Como o guia foi organizado por etapas, nao por promessa","Um bastidor importante: esse projeto nao usa promessa de resultado garantido.

Tema de hoje: Como o guia foi organizado por etapas, nao por promessa.

O conteudo foi pensado para ensinar a estrutura: plataformas, conteudo faceless, copy, organizacao e checklist de acao.

Sem depoimento inventado. Sem print falso. Sem ""ganhe X por dia"". A ideia e ser util sem vender ilusao.

Isso deixa a promessa menor -- e a entrega mais limpa.

Quer ver o mapa completo? O Guia Do Zero ao Real esta no link da bio.

#dozeroaoreal #rendacomhonestidade #infoproduto #marketingdigital #faceless #rendaextra #kiwify #conteudodigital",Quer ver o mapa completo? O Guia Do Zero ao Real esta no link da bio.,#dozeroaoreal #rendacomhonestidade #infoproduto #marketingdigital #faceless #rendaextra #kiwify #conteudodigital,"Imagem unica com frase forte central, logo discreta e CTA na legenda.",Pendente,Agendar no Meta Business Suite. Revisar arte antes de publicar.
2026-08-21,sexta,19:30,Aquecimento e autoridade,Semana 1,Carrossel,Venda direta honesta,O Guia Do Zero ao Real e para quem quer comecar com um mapa,O Guia Do Zero ao Real e para quem quer comecar com um mapa,"Se voce quer comecar, mas sempre trava na proxima etapa, esse guia pode te ajudar.

Tema de hoje: O Guia Do Zero ao Real e para quem quer comecar com um mapa.

Dentro dele voce encontra fundamentos, cadastro em plataformas, conteudo faceless, noes de copy e organizacao financeira basica.

Nao e uma formula magica. E um roteiro para parar de ficar perdido na primeira tela.

Voce olha, aplica no seu ritmo e decide se faz sentido. Tem garantia de 7 dias conforme o checkout.

Para comecar com um passo a passo organizado, acesse o guia pelo link da bio.

#dozeroaoreal #rendacomhonestidade #infoproduto #marketingdigital #faceless #rendaextra #kiwify #conteudodigital","Para comecar com um passo a passo organizado, acesse o guia pelo link da bio.",#dozeroaoreal #rendacomhonestidade #infoproduto #marketingdigital #faceless #rendaextra #kiwify #conteudodigital,"Slide 1: pergunta direta. Slides seguintes: resposta em passos curtos. Ultimo slide: ""salva para fazer depois"".",Pendente,Agendar no Meta Business Suite. Revisar arte antes de publicar.
2026-08-22,sabado,20:15,Aquecimento e autoridade,Semana 1,Reels,Educativo,O que e um infoproduto explicado sem enrolacao,O que e um infoproduto explicado sem enrolacao,"Antes de pensar em vender, voce precisa entender o caminho basico.

Tema de hoje: O que e um infoproduto explicado sem enrolacao.

Pensa nisso como uma escada: primeiro voce entende a base, depois monta a estrutura, depois publica, depois ajusta.

Quando voce pula etapas, tudo parece confuso e qualquer ferramenta vira desculpa para travar.

A meta aqui e fazer o simples bem feito: um produto claro, uma oferta honesta e conteudo constante.

Salva esse post e segue o @dozero.aoreal para aprender o caminho sem promessa falsa.

#dozeroaoreal #rendacomhonestidade #infoproduto #marketingdigital #faceless #rendaextra #kiwify #conteudodigital",Salva esse post e segue o @dozero.aoreal para aprender o caminho sem promessa falsa.,#dozeroaoreal #rendacomhonestidade #infoproduto #marketingdigital #faceless #rendaextra #kiwify #conteudodigital,"Reels silencioso com frases em tela e musica tendencia. 5 cenas, 2 segundos cada.",Pendente,Agendar no Meta Business Suite. Revisar arte antes de publicar.
2026-08-23,domingo,12:30,Aquecimento e autoridade,Semana 1,Stories,Jornada,A parte invisivel de construir um projeto do zero,A parte invisivel de construir um projeto do zero,"Esse projeto nasceu do jeito que muita gente comeca: sem estrutura perfeita.

Tema de hoje: A parte invisivel de construir um projeto do zero.

Nao e sobre fingir que esta tudo pronto. E sobre documentar o processo e continuar mesmo quando ainda falta lapidar.

A vantagem de comecar pequeno e que voce consegue corrigir rapido, sem depender de equipe, estudio ou orcamento.

Feito com honestidade ainda vence muita ideia perfeita que nunca sai do papel.

Se voce tambem esta comecando, acompanha a jornada no @dozero.aoreal.

#dozeroaoreal #rendacomhonestidade #infoproduto #marketingdigital #faceless #rendaextra #kiwify #conteudodigital","Se voce tambem esta comecando, acompanha a jornada no @dozero.aoreal.",#dozeroaoreal #rendacomhonestidade #infoproduto #marketingdigital #faceless #rendaextra #kiwify #conteudodigital,"Sequencia de 3 stories: 1) pergunta/enquete, 2) dica curta, 3) CTA para link da bio/check-out.",Pendente,Agendar no Meta Business Suite. Revisar arte antes de publicar.
2026-08-24,segunda,19:00,Aquecimento e autoridade,Semana 2,Post estatico,Conexao,"Nem todo mundo comeca com camera, equipe e dinheiro","Nem todo mundo comeca com camera, equipe e dinheiro","Tem muita gente vendendo uma vida perfeita. Aqui a conversa e outra.

Tema de hoje: Nem todo mundo comeca com camera, equipe e dinheiro.

Se o seu ponto de partida parece ruim, isso nao te elimina. So define qual e o proximo passo.

Voce pode comecar sem aparecer, sem equipamento caro e sem discurso de guru.

O que nao da e esperar coragem infinita para fazer a primeira publicacao.

Comenta ""REAL"" se voce quer comecar do jeito possivel, nao do jeito perfeito.

#dozeroaoreal #rendacomhonestidade #infoproduto #marketingdigital #faceless #rendaextra #kiwify #conteudodigital","Comenta ""REAL"" se voce quer comecar do jeito possivel, nao do jeito perfeito.",#dozeroaoreal #rendacomhonestidade #infoproduto #marketingdigital #faceless #rendaextra #kiwify #conteudodigital,"Card simples: titulo, subtitulo e elemento visual lima. Visual limpo, sem poluicao.",Pendente,Agendar no Meta Business Suite. Revisar arte antes de publicar.
2026-08-25,terca,19:30,Aquecimento e autoridade,Semana 2,Carrossel,Bastidores / prova honesta,O que tem por tras de uma landing page simples e honesta,O que tem por tras de uma landing page simples e honesta,"A construcao foi pensada para quem precisa sair da confusao e ir para um passo a passo.

Tema de hoje: O que tem por tras de uma landing page simples e honesta.

O conteudo foi pensado para ensinar a estrutura: plataformas, conteudo faceless, copy, organizacao e checklist de acao.

Sem depoimento inventado. Sem print falso. Sem ""ganhe X por dia"". A ideia e ser util sem vender ilusao.

Isso deixa a promessa menor -- e a entrega mais limpa.

Quer ver o mapa completo? O Guia Do Zero ao Real esta no link da bio.

#dozeroaoreal #rendacomhonestidade #infoproduto #marketingdigital #faceless #rendaextra #kiwify #conteudodigital",Quer ver o mapa completo? O Guia Do Zero ao Real esta no link da bio.,#dozeroaoreal #rendacomhonestidade #infoproduto #marketingdigital #faceless #rendaextra #kiwify #conteudodigital,"Slide 1: ""antes de comecar..."" Slides 2-5: erros/ajustes. Ultimo slide: convite para o guia.",Pendente,Agendar no Meta Business Suite. Revisar arte antes de publicar.
2026-08-26,quarta,20:15,Aquecimento e autoridade,Semana 2,Reels,Venda direta honesta,"Se voce trava no primeiro passo, o guia foi feito para isso","Se voce trava no primeiro passo, o guia foi feito para isso","O Guia Do Zero ao Real nao promete renda automatica. Ele entrega organizacao.

Tema de hoje: Se voce trava no primeiro passo, o guia foi feito para isso.

Dentro dele voce encontra fundamentos, cadastro em plataformas, conteudo faceless, noes de copy e organizacao financeira basica.

Nao e uma formula magica. E um roteiro para parar de ficar perdido na primeira tela.

Voce olha, aplica no seu ritmo e decide se faz sentido. Tem garantia de 7 dias conforme o checkout.

Para comecar com um passo a passo organizado, acesse o guia pelo link da bio.

#dozeroaoreal #rendacomhonestidade #infoproduto #marketingdigital #faceless #rendaextra #kiwify #conteudodigital","Para comecar com um passo a passo organizado, acesse o guia pelo link da bio.",#dozeroaoreal #rendacomhonestidade #infoproduto #marketingdigital #faceless #rendaextra #kiwify #conteudodigital,"Video faceless com texto na tela, cortes rapidos e b-roll simples de computador/celular. Sem aparecer. Narrativa opcional ou audio em alta baixo.",Pendente,Agendar no Meta Business Suite. Revisar arte antes de publicar.
2026-08-27,quinta,12:30,Aquecimento e autoridade,Semana 2,Stories,Educativo,Por que comecar pequeno e melhor do que esperar o plano perfeito,Por que comecar pequeno e melhor do que esperar o plano perfeito,"O problema nao e so falta de vontade. Muitas vezes e falta de ordem.

Tema de hoje: Por que comecar pequeno e melhor do que esperar o plano perfeito.

Pensa nisso como uma escada: primeiro voce entende a base, depois monta a estrutura, depois publica, depois ajusta.

Quando voce pula etapas, tudo parece confuso e qualquer ferramenta vira desculpa para travar.

A meta aqui e fazer o simples bem feito: um produto claro, uma oferta honesta e conteudo constante.

Salva esse post e segue o @dozero.aoreal para aprender o caminho sem promessa falsa.

#dozeroaoreal #rendacomhonestidade #infoproduto #marketingdigital #faceless #rendaextra #kiwify #conteudodigital",Salva esse post e segue o @dozero.aoreal para aprender o caminho sem promessa falsa.,#dozeroaoreal #rendacomhonestidade #infoproduto #marketingdigital #faceless #rendaextra #kiwify #conteudodigital,"Story unico com bastidor + caixa de pergunta: ""qual etapa mais te trava?"".",Pendente,Agendar no Meta Business Suite. Revisar arte antes de publicar.
2026-08-28,sexta,19:00,Aquecimento e autoridade,Semana 2,Post estatico,Jornada,Comecar sem aparecer tambem e uma escolha valida,Comecar sem aparecer tambem e uma escolha valida,"O comeco nao precisa ser impressionante. Precisa existir.

Tema de hoje: Comecar sem aparecer tambem e uma escolha valida.

Nao e sobre fingir que esta tudo pronto. E sobre documentar o processo e continuar mesmo quando ainda falta lapidar.

A vantagem de comecar pequeno e que voce consegue corrigir rapido, sem depender de equipe, estudio ou orcamento.

Feito com honestidade ainda vence muita ideia perfeita que nunca sai do papel.

Se voce tambem esta comecando, acompanha a jornada no @dozero.aoreal.

#dozeroaoreal #rendacomhonestidade #infoproduto #marketingdigital #faceless #rendaextra #kiwify #conteudodigital","Se voce tambem esta comecando, acompanha a jornada no @dozero.aoreal.",#dozeroaoreal #rendacomhonestidade #infoproduto #marketingdigital #faceless #rendaextra #kiwify #conteudodigital,"Print/nota visual estilo checklist, com 3 bullets curtos.",Pendente,Agendar no Meta Business Suite. Revisar arte antes de publicar.
2026-08-29,sabado,19:30,Aquecimento e autoridade,Semana 2,Carrossel,Conexao,A vergonha de comecar pequeno trava mais do que a falta de ferramenta,A vergonha de comecar pequeno trava mais do que a falta de ferramenta,"Se voce esta tentando comecar e sente que esta atrasado, respira.

Tema de hoje: A vergonha de comecar pequeno trava mais do que a falta de ferramenta.

Se o seu ponto de partida parece ruim, isso nao te elimina. So define qual e o proximo passo.

Voce pode comecar sem aparecer, sem equipamento caro e sem discurso de guru.

O que nao da e esperar coragem infinita para fazer a primeira publicacao.

Comenta ""REAL"" se voce quer comecar do jeito possivel, nao do jeito perfeito.

#dozeroaoreal #rendacomhonestidade #infoproduto #marketingdigital #faceless #rendaextra #kiwify #conteudodigital","Comenta ""REAL"" se voce quer comecar do jeito possivel, nao do jeito perfeito.",#dozeroaoreal #rendacomhonestidade #infoproduto #marketingdigital #faceless #rendaextra #kiwify #conteudodigital,Slide 1: titulo forte com fundo verde-noturno e palavra REAL em lima. Slides 2-6: um ponto por slide. Ultimo slide: CTA para ver o guia no link da bio.,Pendente,Agendar no Meta Business Suite. Revisar arte antes de publicar.
2026-08-30,domingo,20:15,Aquecimento e autoridade,Semana 2,Reels,Bastidores / prova honesta,Por que nao uso depoimento falso nem print inventado,Por que nao uso depoimento falso nem print inventado,"Por tras do guia existe uma escolha simples: clareza antes de hype.

Tema de hoje: Por que nao uso depoimento falso nem print inventado.

O conteudo foi pensado para ensinar a estrutura: plataformas, conteudo faceless, copy, organizacao e checklist de acao.

Sem depoimento inventado. Sem print falso. Sem ""ganhe X por dia"". A ideia e ser util sem vender ilusao.

Isso deixa a promessa menor -- e a entrega mais limpa.

Quer ver o mapa completo? O Guia Do Zero ao Real esta no link da bio.

#dozeroaoreal #rendacomhonestidade #infoproduto #marketingdigital #faceless #rendaextra #kiwify #conteudodigital",Quer ver o mapa completo? O Guia Do Zero ao Real esta no link da bio.,#dozeroaoreal #rendacomhonestidade #infoproduto #marketingdigital #faceless #rendaextra #kiwify #conteudodigital,"Tela gravada mostrando checklist/rotina, com legendas grandes e ritmo rapido. Encerrar com CTA na bio.",Pendente,Agendar no Meta Business Suite. Revisar arte antes de publicar.
2026-08-31,segunda,12:30,Aquecimento e autoridade,Semana 3,Stories,Venda direta honesta,O que voce recebe dentro do Do Zero ao Real,O que voce recebe dentro do Do Zero ao Real,"A proposta e simples: um mapa pratico para quem esta comecando sem nada.

Tema de hoje: O que voce recebe dentro do Do Zero ao Real.

Dentro dele voce encontra fundamentos, cadastro em plataformas, conteudo faceless, noes de copy e organizacao financeira basica.

Nao e uma formula magica. E um roteiro para parar de ficar perdido na primeira tela.

Voce olha, aplica no seu ritmo e decide se faz sentido. Tem garantia de 7 dias conforme o checkout.

Para comecar com um passo a passo organizado, acesse o guia pelo link da bio.

#dozeroaoreal #rendacomhonestidade #infoproduto #marketingdigital #faceless #rendaextra #kiwify #conteudodigital","Para comecar com um passo a passo organizado, acesse o guia pelo link da bio.",#dozeroaoreal #rendacomhonestidade #infoproduto #marketingdigital #faceless #rendaextra #kiwify #conteudodigital,"Antes/depois conceitual: ""antes: perdido / depois: com checklist"". CTA discreto.",Pendente,Agendar no Meta Business Suite. Revisar arte antes de publicar.
2026-09-01,terca,19:00,Aquecimento e autoridade,Semana 3,Post estatico,Educativo,Como escolher uma plataforma sem travar na comparacao,Como escolher uma plataforma sem travar na comparacao,"Comecar do zero fica mais dificil quando voce tenta aprender tudo ao mesmo tempo.

Tema de hoje: Como escolher uma plataforma sem travar na comparacao.

Pensa nisso como uma escada: primeiro voce entende a base, depois monta a estrutura, depois publica, depois ajusta.

Quando voce pula etapas, tudo parece confuso e qualquer ferramenta vira desculpa para travar.

A meta aqui e fazer o simples bem feito: um produto claro, uma oferta honesta e conteudo constante.

Salva esse post e segue o @dozero.aoreal para aprender o caminho sem promessa falsa.

#dozeroaoreal #rendacomhonestidade #infoproduto #marketingdigital #faceless #rendaextra #kiwify #conteudodigital",Salva esse post e segue o @dozero.aoreal para aprender o caminho sem promessa falsa.,#dozeroaoreal #rendacomhonestidade #infoproduto #marketingdigital #faceless #rendaextra #kiwify #conteudodigital,"Imagem unica com frase forte central, logo discreta e CTA na legenda.",Pendente,Agendar no Meta Business Suite. Revisar arte antes de publicar.
2026-09-02,quarta,19:30,Aquecimento e autoridade,Semana 3,Carrossel,Jornada,O dia em que eu percebi que precisava parar de esperar estar pronto,O dia em que eu percebi que precisava parar de esperar estar pronto,"Nem todo bastidor e bonito, mas e nele que o negocio comeca a ficar real.

Tema de hoje: O dia em que eu percebi que precisava parar de esperar estar pronto.

Nao e sobre fingir que esta tudo pronto. E sobre documentar o processo e continuar mesmo quando ainda falta lapidar.

A vantagem de comecar pequeno e que voce consegue corrigir rapido, sem depender de equipe, estudio ou orcamento.

Feito com honestidade ainda vence muita ideia perfeita que nunca sai do papel.

Se voce tambem esta comecando, acompanha a jornada no @dozero.aoreal.

#dozeroaoreal #rendacomhonestidade #infoproduto #marketingdigital #faceless #rendaextra #kiwify #conteudodigital","Se voce tambem esta comecando, acompanha a jornada no @dozero.aoreal.",#dozeroaoreal #rendacomhonestidade #infoproduto #marketingdigital #faceless #rendaextra #kiwify #conteudodigital,"Slide 1: pergunta direta. Slides seguintes: resposta em passos curtos. Ultimo slide: ""salva para fazer depois"".",Pendente,Agendar no Meta Business Suite. Revisar arte antes de publicar.
2026-09-03,quinta,20:15,Aquecimento e autoridade,Semana 3,Reels,Conexao,Voce nao precisa virar guru para vender algo util,Voce nao precisa virar guru para vender algo util,"Voce nao precisa parecer expert para dar o primeiro passo com honestidade.

Tema de hoje: Voce nao precisa virar guru para vender algo util.

Se o seu ponto de partida parece ruim, isso nao te elimina. So define qual e o proximo passo.

Voce pode comecar sem aparecer, sem equipamento caro e sem discurso de guru.

O que nao da e esperar coragem infinita para fazer a primeira publicacao.

Comenta ""REAL"" se voce quer comecar do jeito possivel, nao do jeito perfeito.

#dozeroaoreal #rendacomhonestidade #infoproduto #marketingdigital #faceless #rendaextra #kiwify #conteudodigital","Comenta ""REAL"" se voce quer comecar do jeito possivel, nao do jeito perfeito.",#dozeroaoreal #rendacomhonestidade #infoproduto #marketingdigital #faceless #rendaextra #kiwify #conteudodigital,"Reels silencioso com frases em tela e musica tendencia. 5 cenas, 2 segundos cada.",Pendente,Agendar no Meta Business Suite. Revisar arte antes de publicar.
2026-09-04,sexta,12:30,Aquecimento e autoridade,Semana 3,Stories,Bastidores / prova honesta,Bastidor: o produto foi feito para quem precisa de clareza,Bastidor: o produto foi feito para quem precisa de clareza,"Um bastidor importante: esse projeto nao usa promessa de resultado garantido.

Tema de hoje: Bastidor: o produto foi feito para quem precisa de clareza.

O conteudo foi pensado para ensinar a estrutura: plataformas, conteudo faceless, copy, organizacao e checklist de acao.

Sem depoimento inventado. Sem print falso. Sem ""ganhe X por dia"". A ideia e ser util sem vender ilusao.

Isso deixa a promessa menor -- e a entrega mais limpa.

Quer ver o mapa completo? O Guia Do Zero ao Real esta no link da bio.

#dozeroaoreal #rendacomhonestidade #infoproduto #marketingdigital #faceless #rendaextra #kiwify #conteudodigital",Quer ver o mapa completo? O Guia Do Zero ao Real esta no link da bio.,#dozeroaoreal #rendacomhonestidade #infoproduto #marketingdigital #faceless #rendaextra #kiwify #conteudodigital,"Sequencia de 3 stories: 1) pergunta/enquete, 2) dica curta, 3) CTA para link da bio/check-out.",Pendente,Agendar no Meta Business Suite. Revisar arte antes de publicar.
2026-09-05,sabado,19:00,Aquecimento e autoridade,Semana 3,Post estatico,Venda direta honesta,"Por que R$49,99 compra clareza, nao promessa de dinheiro","Por que R$49,99 compra clareza, nao promessa de dinheiro","Se voce quer comecar, mas sempre trava na proxima etapa, esse guia pode te ajudar.

Tema de hoje: Por que R$49,99 compra clareza, nao promessa de dinheiro.

Dentro dele voce encontra fundamentos, cadastro em plataformas, conteudo faceless, noes de copy e organizacao financeira basica.

Nao e uma formula magica. E um roteiro para parar de ficar perdido na primeira tela.

Voce olha, aplica no seu ritmo e decide se faz sentido. Tem garantia de 7 dias conforme o checkout.

Para comecar com um passo a passo organizado, acesse o guia pelo link da bio.

#dozeroaoreal #rendacomhonestidade #infoproduto #marketingdigital #faceless #rendaextra #kiwify #conteudodigital","Para comecar com um passo a passo organizado, acesse o guia pelo link da bio.",#dozeroaoreal #rendacomhonestidade #infoproduto #marketingdigital #faceless #rendaextra #kiwify #conteudodigital,"Card simples: titulo, subtitulo e elemento visual lima. Visual limpo, sem poluicao.",Pendente,Agendar no Meta Business Suite. Revisar arte antes de publicar.
2026-09-06,domingo,19:30,Aquecimento e autoridade,Semana 3,Carrossel,Educativo,A diferenca entre conteudo que ensina e conteudo que so ocupa espaco,A diferenca entre conteudo que ensina e conteudo que so ocupa espaco,"Antes de pensar em vender, voce precisa entender o caminho basico.

Tema de hoje: A diferenca entre conteudo que ensina e conteudo que so ocupa espaco.

Pensa nisso como uma escada: primeiro voce entende a base, depois monta a estrutura, depois publica, depois ajusta.

Quando voce pula etapas, tudo parece confuso e qualquer ferramenta vira desculpa para travar.

A meta aqui e fazer o simples bem feito: um produto claro, uma oferta honesta e conteudo constante.

Salva esse post e segue o @dozero.aoreal para aprender o caminho sem promessa falsa.

#dozeroaoreal #rendacomhonestidade #infoproduto #marketingdigital #faceless #rendaextra #kiwify #conteudodigital",Salva esse post e segue o @dozero.aoreal para aprender o caminho sem promessa falsa.,#dozeroaoreal #rendacomhonestidade #infoproduto #marketingdigital #faceless #rendaextra #kiwify #conteudodigital,"Slide 1: ""antes de comecar..."" Slides 2-5: erros/ajustes. Ultimo slide: convite para o guia.",Pendente,Agendar no Meta Business Suite. Revisar arte antes de publicar.
2026-09-07,segunda,20:15,Aquecimento e autoridade,Semana 4,Reels,Jornada,O que mudou quando eu organizei o projeto em etapas,O que mudou quando eu organizei o projeto em etapas,"Esse projeto nasceu do jeito que muita gente comeca: sem estrutura perfeita.

Tema de hoje: O que mudou quando eu organizei o projeto em etapas.

Nao e sobre fingir que esta tudo pronto. E sobre documentar o processo e continuar mesmo quando ainda falta lapidar.

A vantagem de comecar pequeno e que voce consegue corrigir rapido, sem depender de equipe, estudio ou orcamento.

Feito com honestidade ainda vence muita ideia perfeita que nunca sai do papel.

Se voce tambem esta comecando, acompanha a jornada no @dozero.aoreal.

#dozeroaoreal #rendacomhonestidade #infoproduto #marketingdigital #faceless #rendaextra #kiwify #conteudodigital","Se voce tambem esta comecando, acompanha a jornada no @dozero.aoreal.",#dozeroaoreal #rendacomhonestidade #infoproduto #marketingdigital #faceless #rendaextra #kiwify #conteudodigital,"Video faceless com texto na tela, cortes rapidos e b-roll simples de computador/celular. Sem aparecer. Narrativa opcional ou audio em alta baixo.",Pendente,Agendar no Meta Business Suite. Revisar arte antes de publicar.
2026-09-08,terca,12:30,Aquecimento e autoridade,Semana 4,Stories,Conexao,O medo de errar nao pode ser maior que a vontade de sair do lugar,O medo de errar nao pode ser maior que a vontade de sair do lugar,"Tem muita gente vendendo uma vida perfeita. Aqui a conversa e outra.

Tema de hoje: O medo de errar nao pode ser maior que a vontade de sair do lugar.

Se o seu ponto de partida parece ruim, isso nao te elimina. So define qual e o proximo passo.

Voce pode comecar sem aparecer, sem equipamento caro e sem discurso de guru.

O que nao da e esperar coragem infinita para fazer a primeira publicacao.

Comenta ""REAL"" se voce quer comecar do jeito possivel, nao do jeito perfeito.

#dozeroaoreal #rendacomhonestidade #infoproduto #marketingdigital #faceless #rendaextra #kiwify #conteudodigital","Comenta ""REAL"" se voce quer comecar do jeito possivel, nao do jeito perfeito.",#dozeroaoreal #rendacomhonestidade #infoproduto #marketingdigital #faceless #rendaextra #kiwify #conteudodigital,"Story unico com bastidor + caixa de pergunta: ""qual etapa mais te trava?"".",Pendente,Agendar no Meta Business Suite. Revisar arte antes de publicar.
2026-09-09,quarta,19:00,Aquecimento e autoridade,Semana 4,Post estatico,Bastidores / prova honesta,O que entra no guia e por que isso importa para iniciantes,O que entra no guia e por que isso importa para iniciantes,"A construcao foi pensada para quem precisa sair da confusao e ir para um passo a passo.

Tema de hoje: O que entra no guia e por que isso importa para iniciantes.

O conteudo foi pensado para ensinar a estrutura: plataformas, conteudo faceless, copy, organizacao e checklist de acao.

Sem depoimento inventado. Sem print falso. Sem ""ganhe X por dia"". A ideia e ser util sem vender ilusao.

Isso deixa a promessa menor -- e a entrega mais limpa.

Quer ver o mapa completo? O Guia Do Zero ao Real esta no link da bio.

#dozeroaoreal #rendacomhonestidade #infoproduto #marketingdigital #faceless #rendaextra #kiwify #conteudodigital",Quer ver o mapa completo? O Guia Do Zero ao Real esta no link da bio.,#dozeroaoreal #rendacomhonestidade #infoproduto #marketingdigital #faceless #rendaextra #kiwify #conteudodigital,"Print/nota visual estilo checklist, com 3 bullets curtos.",Pendente,Agendar no Meta Business Suite. Revisar arte antes de publicar.
2026-09-10,quinta,19:30,Aquecimento e autoridade,Semana 4,Carrossel,Venda direta honesta,Antes de comprar: para quem esse guia serve e para quem nao serve,Antes de comprar: para quem esse guia serve e para quem nao serve,"O Guia Do Zero ao Real nao promete renda automatica. Ele entrega organizacao.

Tema de hoje: Antes de comprar: para quem esse guia serve e para quem nao serve.

Dentro dele voce encontra fundamentos, cadastro em plataformas, conteudo faceless, noes de copy e organizacao financeira basica.

Nao e uma formula magica. E um roteiro para parar de ficar perdido na primeira tela.

Voce olha, aplica no seu ritmo e decide se faz sentido. Tem garantia de 7 dias conforme o checkout.

Para comecar com um passo a passo organizado, acesse o guia pelo link da bio.

#dozeroaoreal #rendacomhonestidade #infoproduto #marketingdigital #faceless #rendaextra #kiwify #conteudodigital","Para comecar com um passo a passo organizado, acesse o guia pelo link da bio.",#dozeroaoreal #rendacomhonestidade #infoproduto #marketingdigital #faceless #rendaextra #kiwify #conteudodigital,Slide 1: titulo forte com fundo verde-noturno e palavra REAL em lima. Slides 2-6: um ponto por slide. Ultimo slide: CTA para ver o guia no link da bio.,Pendente,Agendar no Meta Business Suite. Revisar arte antes de publicar.
2026-09-11,sexta,20:15,Aquecimento e autoridade,Semana 4,Reels,Educativo,Como pensar em oferta sem prometer resultado impossivel,Como pensar em oferta sem prometer resultado impossivel,"O problema nao e so falta de vontade. Muitas vezes e falta de ordem.

Tema de hoje: Como pensar em oferta sem prometer resultado impossivel.

Pensa nisso como uma escada: primeiro voce entende a base, depois monta a estrutura, depois publica, depois ajusta.

Quando voce pula etapas, tudo parece confuso e qualquer ferramenta vira desculpa para travar.

A meta aqui e fazer o simples bem feito: um produto claro, uma oferta honesta e conteudo constante.

Salva esse post e segue o @dozero.aoreal para aprender o caminho sem promessa falsa.

#dozeroaoreal #rendacomhonestidade #infoproduto #marketingdigital #faceless #rendaextra #kiwify #conteudodigital",Salva esse post e segue o @dozero.aoreal para aprender o caminho sem promessa falsa.,#dozeroaoreal #rendacomhonestidade #infoproduto #marketingdigital #faceless #rendaextra #kiwify #conteudodigital,"Tela gravada mostrando checklist/rotina, com legendas grandes e ritmo rapido. Encerrar com CTA na bio.",Pendente,Agendar no Meta Business Suite. Revisar arte antes de publicar.
2026-09-12,sabado,12:30,Aquecimento e autoridade,Semana 4,Stories,Jornada,Por que documentar o processo ajuda mais do que fingir perfeicao,Por que documentar o processo ajuda mais do que fingir perfeicao,"O comeco nao precisa ser impressionante. Precisa existir.

Tema de hoje: Por que documentar o processo ajuda mais do que fingir perfeicao.

Nao e sobre fingir que esta tudo pronto. E sobre documentar o processo e continuar mesmo quando ainda falta lapidar.

A vantagem de comecar pequeno e que voce consegue corrigir rapido, sem depender de equipe, estudio ou orcamento.

Feito com honestidade ainda vence muita ideia perfeita que nunca sai do papel.

Se voce tambem esta comecando, acompanha a jornada no @dozero.aoreal.

#dozeroaoreal #rendacomhonestidade #infoproduto #marketingdigital #faceless #rendaextra #kiwify #conteudodigital","Se voce tambem esta comecando, acompanha a jornada no @dozero.aoreal.",#dozeroaoreal #rendacomhonestidade #infoproduto #marketingdigital #faceless #rendaextra #kiwify #conteudodigital,"Antes/depois conceitual: ""antes: perdido / depois: com checklist"". CTA discreto.",Pendente,Agendar no Meta Business Suite. Revisar arte antes de publicar.
2026-09-13,domingo,19:00,Aquecimento e autoridade,Semana 4,Post estatico,Conexao,O comeco parece feio porque ainda e comeco,O comeco parece feio porque ainda e comeco,"Se voce esta tentando comecar e sente que esta atrasado, respira.

Tema de hoje: O comeco parece feio porque ainda e comeco.

Se o seu ponto de partida parece ruim, isso nao te elimina. So define qual e o proximo passo.

Voce pode comecar sem aparecer, sem equipamento caro e sem discurso de guru.

O que nao da e esperar coragem infinita para fazer a primeira publicacao.

Comenta ""REAL"" se voce quer comecar do jeito possivel, nao do jeito perfeito.

#dozeroaoreal #rendacomhonestidade #infoproduto #marketingdigital #faceless #rendaextra #kiwify #conteudodigital","Comenta ""REAL"" se voce quer comecar do jeito possivel, nao do jeito perfeito.",#dozeroaoreal #rendacomhonestidade #infoproduto #marketingdigital #faceless #rendaextra #kiwify #conteudodigital,"Imagem unica com frase forte central, logo discreta e CTA na legenda.",Pendente,Agendar no Meta Business Suite. Revisar arte antes de publicar.
2026-09-14,segunda,19:30,Aquecimento e autoridade,Semana 5,Carrossel,Bastidores / prova honesta,Como transformei duvidas comuns em capitulos praticos,Como transformei duvidas comuns em capitulos praticos,"Por tras do guia existe uma escolha simples: clareza antes de hype.

Tema de hoje: Como transformei duvidas comuns em capitulos praticos.

O conteudo foi pensado para ensinar a estrutura: plataformas, conteudo faceless, copy, organizacao e checklist de acao.

Sem depoimento inventado. Sem print falso. Sem ""ganhe X por dia"". A ideia e ser util sem vender ilusao.

Isso deixa a promessa menor -- e a entrega mais limpa.

Quer ver o mapa completo? O Guia Do Zero ao Real esta no link da bio.

#dozeroaoreal #rendacomhonestidade #infoproduto #marketingdigital #faceless #rendaextra #kiwify #conteudodigital",Quer ver o mapa completo? O Guia Do Zero ao Real esta no link da bio.,#dozeroaoreal #rendacomhonestidade #infoproduto #marketingdigital #faceless #rendaextra #kiwify #conteudodigital,"Slide 1: pergunta direta. Slides seguintes: resposta em passos curtos. Ultimo slide: ""salva para fazer depois"".",Pendente,Agendar no Meta Business Suite. Revisar arte antes de publicar.
2026-09-15,terca,20:15,Aquecimento e autoridade,Semana 5,Reels,Venda direta honesta,"O guia nao faz por voce, mas te mostra o caminho com ordem","O guia nao faz por voce, mas te mostra o caminho com ordem","A proposta e simples: um mapa pratico para quem esta comecando sem nada.

Tema de hoje: O guia nao faz por voce, mas te mostra o caminho com ordem.

Dentro dele voce encontra fundamentos, cadastro em plataformas, conteudo faceless, noes de copy e organizacao financeira basica.

Nao e uma formula magica. E um roteiro para parar de ficar perdido na primeira tela.

Voce olha, aplica no seu ritmo e decide se faz sentido. Tem garantia de 7 dias conforme o checkout.

Para comecar com um passo a passo organizado, acesse o guia pelo link da bio.

#dozeroaoreal #rendacomhonestidade #infoproduto #marketingdigital #faceless #rendaextra #kiwify #conteudodigital","Para comecar com um passo a passo organizado, acesse o guia pelo link da bio.",#dozeroaoreal #rendacomhonestidade #infoproduto #marketingdigital #faceless #rendaextra #kiwify #conteudodigital,"Reels silencioso com frases em tela e musica tendencia. 5 cenas, 2 segundos cada.",Pendente,Agendar no Meta Business Suite. Revisar arte antes de publicar.
2026-09-16,quarta,12:30,Lancamento do guia,Semana 5,Stories,Educativo,O basico de copywriting para quem esta comecando do zero,O basico de copywriting para quem esta comecando do zero,"Comecar do zero fica mais dificil quando voce tenta aprender tudo ao mesmo tempo.

Tema de hoje: O basico de copywriting para quem esta comecando do zero.

Pensa nisso como uma escada: primeiro voce entende a base, depois monta a estrutura, depois publica, depois ajusta.

Quando voce pula etapas, tudo parece confuso e qualquer ferramenta vira desculpa para travar.

A meta aqui e fazer o simples bem feito: um produto claro, uma oferta honesta e conteudo constante.

Salva esse post e segue o @dozero.aoreal para aprender o caminho sem promessa falsa.

#dozeroaoreal #rendacomhonestidade #infoproduto #marketingdigital #faceless #rendaextra #kiwify #conteudodigital",Salva esse post e segue o @dozero.aoreal para aprender o caminho sem promessa falsa.,#dozeroaoreal #rendacomhonestidade #infoproduto #marketingdigital #faceless #rendaextra #kiwify #conteudodigital,"Sequencia de 3 stories: 1) pergunta/enquete, 2) dica curta, 3) CTA para link da bio/check-out.",Pendente,Agendar no Meta Business Suite. Revisar arte antes de publicar.
2026-09-17,quinta,19:00,Lancamento do guia,Semana 5,Post estatico,Jornada,Bastidor real: fazer simples para conseguir terminar,Bastidor real: fazer simples para conseguir terminar,"Nem todo bastidor e bonito, mas e nele que o negocio comeca a ficar real.

Tema de hoje: Bastidor real: fazer simples para conseguir terminar.

Nao e sobre fingir que esta tudo pronto. E sobre documentar o processo e continuar mesmo quando ainda falta lapidar.

A vantagem de comecar pequeno e que voce consegue corrigir rapido, sem depender de equipe, estudio ou orcamento.

Feito com honestidade ainda vence muita ideia perfeita que nunca sai do papel.

Se voce tambem esta comecando, acompanha a jornada no @dozero.aoreal.

#dozeroaoreal #rendacomhonestidade #infoproduto #marketingdigital #faceless #rendaextra #kiwify #conteudodigital","Se voce tambem esta comecando, acompanha a jornada no @dozero.aoreal.",#dozeroaoreal #rendacomhonestidade #infoproduto #marketingdigital #faceless #rendaextra #kiwify #conteudodigital,"Card simples: titulo, subtitulo e elemento visual lima. Visual limpo, sem poluicao.",Pendente,Agendar no Meta Business Suite. Revisar arte antes de publicar.
2026-09-18,sexta,19:30,Lancamento do guia,Semana 5,Carrossel,Conexao,Faceless nao e se esconder; e escolher um formato possivel,Faceless nao e se esconder; e escolher um formato possivel,"Voce nao precisa parecer expert para dar o primeiro passo com honestidade.

Tema de hoje: Faceless nao e se esconder; e escolher um formato possivel.

Se o seu ponto de partida parece ruim, isso nao te elimina. So define qual e o proximo passo.

Voce pode comecar sem aparecer, sem equipamento caro e sem discurso de guru.

O que nao da e esperar coragem infinita para fazer a primeira publicacao.

Comenta ""REAL"" se voce quer comecar do jeito possivel, nao do jeito perfeito.

#dozeroaoreal #rendacomhonestidade #infoproduto #marketingdigital #faceless #rendaextra #kiwify #conteudodigital","Comenta ""REAL"" se voce quer comecar do jeito possivel, nao do jeito perfeito.",#dozeroaoreal #rendacomhonestidade #infoproduto #marketingdigital #faceless #rendaextra #kiwify #conteudodigital,"Slide 1: ""antes de comecar..."" Slides 2-5: erros/ajustes. Ultimo slide: convite para o guia.",Pendente,Agendar no Meta Business Suite. Revisar arte antes de publicar.
2026-09-19,sabado,20:15,Lancamento do guia,Semana 5,Reels,Bastidores / prova honesta,"Por que a garantia existe, mas o esforco continua sendo seu","Por que a garantia existe, mas o esforco continua sendo seu","Um bastidor importante: esse projeto nao usa promessa de resultado garantido.

Tema de hoje: Por que a garantia existe, mas o esforco continua sendo seu.

O conteudo foi pensado para ensinar a estrutura: plataformas, conteudo faceless, copy, organizacao e checklist de acao.

Sem depoimento inventado. Sem print falso. Sem ""ganhe X por dia"". A ideia e ser util sem vender ilusao.

Isso deixa a promessa menor -- e a entrega mais limpa.

Quer ver o mapa completo? O Guia Do Zero ao Real esta no link da bio.

#dozeroaoreal #rendacomhonestidade #infoproduto #marketingdigital #faceless #rendaextra #kiwify #conteudodigital",Quer ver o mapa completo? O Guia Do Zero ao Real esta no link da bio.,#dozeroaoreal #rendacomhonestidade #infoproduto #marketingdigital #faceless #rendaextra #kiwify #conteudodigital,"Video faceless com texto na tela, cortes rapidos e b-roll simples de computador/celular. Sem aparecer. Narrativa opcional ou audio em alta baixo.",Pendente,Agendar no Meta Business Suite. Revisar arte antes de publicar.
2026-09-20,domingo,12:30,Lancamento do guia,Semana 5,Stories,Venda direta honesta,7 dias de garantia para voce olhar com calma,7 dias de garantia para voce olhar com calma,"Se voce quer comecar, mas sempre trava na proxima etapa, esse guia pode te ajudar.

Tema de hoje: 7 dias de garantia para voce olhar com calma.

Dentro dele voce encontra fundamentos, cadastro em plataformas, conteudo faceless, noes de copy e organizacao financeira basica.

Nao e uma formula magica. E um roteiro para parar de ficar perdido na primeira tela.

Voce olha, aplica no seu ritmo e decide se faz sentido. Tem garantia de 7 dias conforme o checkout.

Para comecar com um passo a passo organizado, acesse o guia pelo link da bio.

#dozeroaoreal #rendacomhonestidade #infoproduto #marketingdigital #faceless #rendaextra #kiwify #conteudodigital","Para comecar com um passo a passo organizado, acesse o guia pelo link da bio.",#dozeroaoreal #rendacomhonestidade #infoproduto #marketingdigital #faceless #rendaextra #kiwify #conteudodigital,"Story unico com bastidor + caixa de pergunta: ""qual etapa mais te trava?"".",Pendente,Agendar no Meta Business Suite. Revisar arte antes de publicar.
2026-09-21,segunda,19:00,Lancamento do guia,Semana 6,Post estatico,Educativo,Como montar uma rotina simples de producao de conteudo,Como montar uma rotina simples de producao de conteudo,"Antes de pensar em vender, voce precisa entender o caminho basico.

Tema de hoje: Como montar uma rotina simples de producao de conteudo.

Pensa nisso como uma escada: primeiro voce entende a base, depois monta a estrutura, depois publica, depois ajusta.

Quando voce pula etapas, tudo parece confuso e qualquer ferramenta vira desculpa para travar.

A meta aqui e fazer o simples bem feito: um produto claro, uma oferta honesta e conteudo constante.

Salva esse post e segue o @dozero.aoreal para aprender o caminho sem promessa falsa.

#dozeroaoreal #rendacomhonestidade #infoproduto #marketingdigital #faceless #rendaextra #kiwify #conteudodigital",Salva esse post e segue o @dozero.aoreal para aprender o caminho sem promessa falsa.,#dozeroaoreal #rendacomhonestidade #infoproduto #marketingdigital #faceless #rendaextra #kiwify #conteudodigital,"Print/nota visual estilo checklist, com 3 bullets curtos.",Pendente,Agendar no Meta Business Suite. Revisar arte antes de publicar.
2026-09-22,terca,19:30,Lancamento do guia,Semana 6,Carrossel,Jornada,A diferenca entre estar perdido e estar no comeco,A diferenca entre estar perdido e estar no comeco,"Esse projeto nasceu do jeito que muita gente comeca: sem estrutura perfeita.

Tema de hoje: A diferenca entre estar perdido e estar no comeco.

Nao e sobre fingir que esta tudo pronto. E sobre documentar o processo e continuar mesmo quando ainda falta lapidar.

A vantagem de comecar pequeno e que voce consegue corrigir rapido, sem depender de equipe, estudio ou orcamento.

Feito com honestidade ainda vence muita ideia perfeita que nunca sai do papel.

Se voce tambem esta comecando, acompanha a jornada no @dozero.aoreal.

#dozeroaoreal #rendacomhonestidade #infoproduto #marketingdigital #faceless #rendaextra #kiwify #conteudodigital","Se voce tambem esta comecando, acompanha a jornada no @dozero.aoreal.",#dozeroaoreal #rendacomhonestidade #infoproduto #marketingdigital #faceless #rendaextra #kiwify #conteudodigital,Slide 1: titulo forte com fundo verde-noturno e palavra REAL em lima. Slides 2-6: um ponto por slide. Ultimo slide: CTA para ver o guia no link da bio.,Pendente,Agendar no Meta Business Suite. Revisar arte antes de publicar.
2026-09-23,quarta,20:15,Lancamento do guia,Semana 6,Reels,Conexao,O plano perfeito muitas vezes e so procrastinacao com nome bonito,O plano perfeito muitas vezes e so procrastinacao com nome bonito,"Tem muita gente vendendo uma vida perfeita. Aqui a conversa e outra.

Tema de hoje: O plano perfeito muitas vezes e so procrastinacao com nome bonito.

Se o seu ponto de partida parece ruim, isso nao te elimina. So define qual e o proximo passo.

Voce pode comecar sem aparecer, sem equipamento caro e sem discurso de guru.

O que nao da e esperar coragem infinita para fazer a primeira publicacao.

Comenta ""REAL"" se voce quer comecar do jeito possivel, nao do jeito perfeito.

#dozeroaoreal #rendacomhonestidade #infoproduto #marketingdigital #faceless #rendaextra #kiwify #conteudodigital","Comenta ""REAL"" se voce quer comecar do jeito possivel, nao do jeito perfeito.",#dozeroaoreal #rendacomhonestidade #infoproduto #marketingdigital #faceless #rendaextra #kiwify #conteudodigital,"Tela gravada mostrando checklist/rotina, com legendas grandes e ritmo rapido. Encerrar com CTA na bio.",Pendente,Agendar no Meta Business Suite. Revisar arte antes de publicar.
2026-09-24,quinta,12:30,Lancamento do guia,Semana 6,Stories,Bastidores / prova honesta,"Bastidor da VSL: direto ao ponto, sem teatro de riqueza","Bastidor da VSL: direto ao ponto, sem teatro de riqueza","A construcao foi pensada para quem precisa sair da confusao e ir para um passo a passo.

Tema de hoje: Bastidor da VSL: direto ao ponto, sem teatro de riqueza.

O conteudo foi pensado para ensinar a estrutura: plataformas, conteudo faceless, copy, organizacao e checklist de acao.

Sem depoimento inventado. Sem print falso. Sem ""ganhe X por dia"". A ideia e ser util sem vender ilusao.

Isso deixa a promessa menor -- e a entrega mais limpa.

Quer ver o mapa completo? O Guia Do Zero ao Real esta no link da bio.

#dozeroaoreal #rendacomhonestidade #infoproduto #marketingdigital #faceless #rendaextra #kiwify #conteudodigital",Quer ver o mapa completo? O Guia Do Zero ao Real esta no link da bio.,#dozeroaoreal #rendacomhonestidade #infoproduto #marketingdigital #faceless #rendaextra #kiwify #conteudodigital,"Antes/depois conceitual: ""antes: perdido / depois: com checklist"". CTA discreto.",Pendente,Agendar no Meta Business Suite. Revisar arte antes de publicar.
2026-09-25,sexta,19:00,Lancamento do guia,Semana 6,Post estatico,Venda direta honesta,Quer comecar hoje? O checkout esta na bio,Quer comecar hoje? O checkout esta na bio,"O Guia Do Zero ao Real nao promete renda automatica. Ele entrega organizacao.

Tema de hoje: Quer comecar hoje? O checkout esta na bio.

Dentro dele voce encontra fundamentos, cadastro em plataformas, conteudo faceless, noes de copy e organizacao financeira basica.

Nao e uma formula magica. E um roteiro para parar de ficar perdido na primeira tela.

Voce olha, aplica no seu ritmo e decide se faz sentido. Tem garantia de 7 dias conforme o checkout.

Para comecar com um passo a passo organizado, acesse o guia pelo link da bio.

#dozeroaoreal #rendacomhonestidade #infoproduto #marketingdigital #faceless #rendaextra #kiwify #conteudodigital","Para comecar com um passo a passo organizado, acesse o guia pelo link da bio.",#dozeroaoreal #rendacomhonestidade #infoproduto #marketingdigital #faceless #rendaextra #kiwify #conteudodigital,"Imagem unica com frase forte central, logo discreta e CTA na legenda.",Pendente,Agendar no Meta Business Suite. Revisar arte antes de publicar.
2026-09-26,sabado,19:30,Lancamento do guia,Semana 6,Carrossel,Educativo,O que colocar numa bio que realmente explica o perfil,O que colocar numa bio que realmente explica o perfil,"O problema nao e so falta de vontade. Muitas vezes e falta de ordem.

Tema de hoje: O que colocar numa bio que realmente explica o perfil.

Pensa nisso como uma escada: primeiro voce entende a base, depois monta a estrutura, depois publica, depois ajusta.

Quando voce pula etapas, tudo parece confuso e qualquer ferramenta vira desculpa para travar.

A meta aqui e fazer o simples bem feito: um produto claro, uma oferta honesta e conteudo constante.

Salva esse post e segue o @dozero.aoreal para aprender o caminho sem promessa falsa.

#dozeroaoreal #rendacomhonestidade #infoproduto #marketingdigital #faceless #rendaextra #kiwify #conteudodigital",Salva esse post e segue o @dozero.aoreal para aprender o caminho sem promessa falsa.,#dozeroaoreal #rendacomhonestidade #infoproduto #marketingdigital #faceless #rendaextra #kiwify #conteudodigital,"Slide 1: pergunta direta. Slides seguintes: resposta em passos curtos. Ultimo slide: ""salva para fazer depois"".",Pendente,Agendar no Meta Business Suite. Revisar arte antes de publicar.
2026-09-27,domingo,20:15,Lancamento do guia,Semana 6,Reels,Jornada,O que eu faria se estivesse comecando hoje sem dinheiro para investir,O que eu faria se estivesse comecando hoje sem dinheiro para investir,"O comeco nao precisa ser impressionante. Precisa existir.

Tema de hoje: O que eu faria se estivesse comecando hoje sem dinheiro para investir.

Nao e sobre fingir que esta tudo pronto. E sobre documentar o processo e continuar mesmo quando ainda falta lapidar.

A vantagem de comecar pequeno e que voce consegue corrigir rapido, sem depender de equipe, estudio ou orcamento.

Feito com honestidade ainda vence muita ideia perfeita que nunca sai do papel.

Se voce tambem esta comecando, acompanha a jornada no @dozero.aoreal.

#dozeroaoreal #rendacomhonestidade #infoproduto #marketingdigital #faceless #rendaextra #kiwify #conteudodigital","Se voce tambem esta comecando, acompanha a jornada no @dozero.aoreal.",#dozeroaoreal #rendacomhonestidade #infoproduto #marketingdigital #faceless #rendaextra #kiwify #conteudodigital,"Reels silencioso com frases em tela e musica tendencia. 5 cenas, 2 segundos cada.",Pendente,Agendar no Meta Business Suite. Revisar arte antes de publicar.
2026-09-28,segunda,12:30,Lancamento do guia,Semana 7,Stories,Conexao,"Se voce sente que esta atrasado, leia isso","Se voce sente que esta atrasado, leia isso","Se voce esta tentando comecar e sente que esta atrasado, respira.

Tema de hoje: Se voce sente que esta atrasado, leia isso.

Se o seu ponto de partida parece ruim, isso nao te elimina. So define qual e o proximo passo.

Voce pode comecar sem aparecer, sem equipamento caro e sem discurso de guru.

O que nao da e esperar coragem infinita para fazer a primeira publicacao.

Comenta ""REAL"" se voce quer comecar do jeito possivel, nao do jeito perfeito.

#dozeroaoreal #rendacomhonestidade #infoproduto #marketingdigital #faceless #rendaextra #kiwify #conteudodigital","Comenta ""REAL"" se voce quer comecar do jeito possivel, nao do jeito perfeito.",#dozeroaoreal #rendacomhonestidade #infoproduto #marketingdigital #faceless #rendaextra #kiwify #conteudodigital,"Sequencia de 3 stories: 1) pergunta/enquete, 2) dica curta, 3) CTA para link da bio/check-out.",Pendente,Agendar no Meta Business Suite. Revisar arte antes de publicar.
2026-09-29,terca,19:00,Lancamento do guia,Semana 7,Post estatico,Bastidores / prova honesta,"Como o guia foi organizado por etapas, nao por promessa","Como o guia foi organizado por etapas, nao por promessa","Por tras do guia existe uma escolha simples: clareza antes de hype.

Tema de hoje: Como o guia foi organizado por etapas, nao por promessa.

O conteudo foi pensado para ensinar a estrutura: plataformas, conteudo faceless, copy, organizacao e checklist de acao.

Sem depoimento inventado. Sem print falso. Sem ""ganhe X por dia"". A ideia e ser util sem vender ilusao.

Isso deixa a promessa menor -- e a entrega mais limpa.

Quer ver o mapa completo? O Guia Do Zero ao Real esta no link da bio.

#dozeroaoreal #rendacomhonestidade #infoproduto #marketingdigital #faceless #rendaextra #kiwify #conteudodigital",Quer ver o mapa completo? O Guia Do Zero ao Real esta no link da bio.,#dozeroaoreal #rendacomhonestidade #infoproduto #marketingdigital #faceless #rendaextra #kiwify #conteudodigital,"Card simples: titulo, subtitulo e elemento visual lima. Visual limpo, sem poluicao.",Pendente,Agendar no Meta Business Suite. Revisar arte antes de publicar.
2026-09-30,quarta,19:30,Lancamento do guia,Semana 7,Carrossel,Venda direta honesta,O Guia Do Zero ao Real e para quem quer comecar com um mapa,O Guia Do Zero ao Real e para quem quer comecar com um mapa,"A proposta e simples: um mapa pratico para quem esta comecando sem nada.

Tema de hoje: O Guia Do Zero ao Real e para quem quer comecar com um mapa.

Dentro dele voce encontra fundamentos, cadastro em plataformas, conteudo faceless, noes de copy e organizacao financeira basica.

Nao e uma formula magica. E um roteiro para parar de ficar perdido na primeira tela.

Voce olha, aplica no seu ritmo e decide se faz sentido. Tem garantia de 7 dias conforme o checkout.

Para comecar com um passo a passo organizado, acesse o guia pelo link da bio.

#dozeroaoreal #rendacomhonestidade #infoproduto #marketingdigital #faceless #rendaextra #kiwify #conteudodigital","Para comecar com um passo a passo organizado, acesse o guia pelo link da bio.",#dozeroaoreal #rendacomhonestidade #infoproduto #marketingdigital #faceless #rendaextra #kiwify #conteudodigital,"Slide 1: ""antes de comecar..."" Slides 2-5: erros/ajustes. Ultimo slide: convite para o guia.",Pendente,Agendar no Meta Business Suite. Revisar arte antes de publicar.
2026-10-01,quinta,20:15,Lancamento do guia,Semana 7,Reels,Educativo,Como usar prova honesta mesmo sem depoimentos ainda,Como usar prova honesta mesmo sem depoimentos ainda,"Comecar do zero fica mais dificil quando voce tenta aprender tudo ao mesmo tempo.

Tema de hoje: Como usar prova honesta mesmo sem depoimentos ainda.

Pensa nisso como uma escada: primeiro voce entende a base, depois monta a estrutura, depois publica, depois ajusta.

Quando voce pula etapas, tudo parece confuso e qualquer ferramenta vira desculpa para travar.

A meta aqui e fazer o simples bem feito: um produto claro, uma oferta honesta e conteudo constante.

Salva esse post e segue o @dozero.aoreal para aprender o caminho sem promessa falsa.

#dozeroaoreal #rendacomhonestidade #infoproduto #marketingdigital #faceless #rendaextra #kiwify #conteudodigital",Salva esse post e segue o @dozero.aoreal para aprender o caminho sem promessa falsa.,#dozeroaoreal #rendacomhonestidade #infoproduto #marketingdigital #faceless #rendaextra #kiwify #conteudodigital,"Video faceless com texto na tela, cortes rapidos e b-roll simples de computador/celular. Sem aparecer. Narrativa opcional ou audio em alta baixo.",Pendente,Agendar no Meta Business Suite. Revisar arte antes de publicar.
2026-10-02,sexta,12:30,Lancamento do guia,Semana 7,Stories,Jornada,A parte invisivel de construir um projeto do zero,A parte invisivel de construir um projeto do zero,"Nem todo bastidor e bonito, mas e nele que o negocio comeca a ficar real.

Tema de hoje: A parte invisivel de construir um projeto do zero.

Nao e sobre fingir que esta tudo pronto. E sobre documentar o processo e continuar mesmo quando ainda falta lapidar.

A vantagem de comecar pequeno e que voce consegue corrigir rapido, sem depender de equipe, estudio ou orcamento.

Feito com honestidade ainda vence muita ideia perfeita que nunca sai do papel.

Se voce tambem esta comecando, acompanha a jornada no @dozero.aoreal.

#dozeroaoreal #rendacomhonestidade #infoproduto #marketingdigital #faceless #rendaextra #kiwify #conteudodigital","Se voce tambem esta comecando, acompanha a jornada no @dozero.aoreal.",#dozeroaoreal #rendacomhonestidade #infoproduto #marketingdigital #faceless #rendaextra #kiwify #conteudodigital,"Story unico com bastidor + caixa de pergunta: ""qual etapa mais te trava?"".",Pendente,Agendar no Meta Business Suite. Revisar arte antes de publicar.
2026-10-03,sabado,19:00,Lancamento do guia,Semana 7,Post estatico,Conexao,"Nem todo mundo comeca com camera, equipe e dinheiro","Nem todo mundo comeca com camera, equipe e dinheiro","Voce nao precisa parecer expert para dar o primeiro passo com honestidade.

Tema de hoje: Nem todo mundo comeca com camera, equipe e dinheiro.

Se o seu ponto de partida parece ruim, isso nao te elimina. So define qual e o proximo passo.

Voce pode comecar sem aparecer, sem equipamento caro e sem discurso de guru.

O que nao da e esperar coragem infinita para fazer a primeira publicacao.

Comenta ""REAL"" se voce quer comecar do jeito possivel, nao do jeito perfeito.

#dozeroaoreal #rendacomhonestidade #infoproduto #marketingdigital #faceless #rendaextra #kiwify #conteudodigital","Comenta ""REAL"" se voce quer comecar do jeito possivel, nao do jeito perfeito.",#dozeroaoreal #rendacomhonestidade #infoproduto #marketingdigital #faceless #rendaextra #kiwify #conteudodigital,"Print/nota visual estilo checklist, com 3 bullets curtos.",Pendente,Agendar no Meta Business Suite. Revisar arte antes de publicar.
2026-10-04,domingo,19:30,Lancamento do guia,Semana 7,Carrossel,Bastidores / prova honesta,O que tem por tras de uma landing page simples e honesta,O que tem por tras de uma landing page simples e honesta,"Um bastidor importante: esse projeto nao usa promessa de resultado garantido.

Tema de hoje: O que tem por tras de uma landing page simples e honesta.

O conteudo foi pensado para ensinar a estrutura: plataformas, conteudo faceless, copy, organizacao e checklist de acao.

Sem depoimento inventado. Sem print falso. Sem ""ganhe X por dia"". A ideia e ser util sem vender ilusao.

Isso deixa a promessa menor -- e a entrega mais limpa.

Quer ver o mapa completo? O Guia Do Zero ao Real esta no link da bio.

#dozeroaoreal #rendacomhonestidade #infoproduto #marketingdigital #faceless #rendaextra #kiwify #conteudodigital",Quer ver o mapa completo? O Guia Do Zero ao Real esta no link da bio.,#dozeroaoreal #rendacomhonestidade #infoproduto #marketingdigital #faceless #rendaextra #kiwify #conteudodigital,Slide 1: titulo forte com fundo verde-noturno e palavra REAL em lima. Slides 2-6: um ponto por slide. Ultimo slide: CTA para ver o guia no link da bio.,Pendente,Agendar no Meta Business Suite. Revisar arte antes de publicar.
2026-10-05,segunda,20:15,Lancamento do guia,Semana 8,Reels,Venda direta honesta,"Se voce trava no primeiro passo, o guia foi feito para isso","Se voce trava no primeiro passo, o guia foi feito para isso","Se voce quer comecar, mas sempre trava na proxima etapa, esse guia pode te ajudar.

Tema de hoje: Se voce trava no primeiro passo, o guia foi feito para isso.

Dentro dele voce encontra fundamentos, cadastro em plataformas, conteudo faceless, noes de copy e organizacao financeira basica.

Nao e uma formula magica. E um roteiro para parar de ficar perdido na primeira tela.

Voce olha, aplica no seu ritmo e decide se faz sentido. Tem garantia de 7 dias conforme o checkout.

Para comecar com um passo a passo organizado, acesse o guia pelo link da bio.

#dozeroaoreal #rendacomhonestidade #infoproduto #marketingdigital #faceless #rendaextra #kiwify #conteudodigital","Para comecar com um passo a passo organizado, acesse o guia pelo link da bio.",#dozeroaoreal #rendacomhonestidade #infoproduto #marketingdigital #faceless #rendaextra #kiwify #conteudodigital,"Tela gravada mostrando checklist/rotina, com legendas grandes e ritmo rapido. Encerrar com CTA na bio.",Pendente,Agendar no Meta Business Suite. Revisar arte antes de publicar.
2026-10-06,terca,12:30,Lancamento do guia,Semana 8,Stories,Educativo,3 erros de quem comeca no marketing digital sem direcao,3 erros de quem comeca no marketing digital sem direcao,"Antes de pensar em vender, voce precisa entender o caminho basico.

Tema de hoje: 3 erros de quem comeca no marketing digital sem direcao.

Pensa nisso como uma escada: primeiro voce entende a base, depois monta a estrutura, depois publica, depois ajusta.

Quando voce pula etapas, tudo parece confuso e qualquer ferramenta vira desculpa para travar.

A meta aqui e fazer o simples bem feito: um produto claro, uma oferta honesta e conteudo constante.

Salva esse post e segue o @dozero.aoreal para aprender o caminho sem promessa falsa.

#dozeroaoreal #rendacomhonestidade #infoproduto #marketingdigital #faceless #rendaextra #kiwify #conteudodigital",Salva esse post e segue o @dozero.aoreal para aprender o caminho sem promessa falsa.,#dozeroaoreal #rendacomhonestidade #infoproduto #marketingdigital #faceless #rendaextra #kiwify #conteudodigital,"Antes/depois conceitual: ""antes: perdido / depois: com checklist"". CTA discreto.",Pendente,Agendar no Meta Business Suite. Revisar arte antes de publicar.
2026-10-07,quarta,19:00,Lancamento do guia,Semana 8,Post estatico,Jornada,Comecar sem aparecer tambem e uma escolha valida,Comecar sem aparecer tambem e uma escolha valida,"Esse projeto nasceu do jeito que muita gente comeca: sem estrutura perfeita.

Tema de hoje: Comecar sem aparecer tambem e uma escolha valida.

Nao e sobre fingir que esta tudo pronto. E sobre documentar o processo e continuar mesmo quando ainda falta lapidar.

A vantagem de comecar pequeno e que voce consegue corrigir rapido, sem depender de equipe, estudio ou orcamento.

Feito com honestidade ainda vence muita ideia perfeita que nunca sai do papel.

Se voce tambem esta comecando, acompanha a jornada no @dozero.aoreal.

#dozeroaoreal #rendacomhonestidade #infoproduto #marketingdigital #faceless #rendaextra #kiwify #conteudodigital","Se voce tambem esta comecando, acompanha a jornada no @dozero.aoreal.",#dozeroaoreal #rendacomhonestidade #infoproduto #marketingdigital #faceless #rendaextra #kiwify #conteudodigital,"Imagem unica com frase forte central, logo discreta e CTA na legenda.",Pendente,Agendar no Meta Business Suite. Revisar arte antes de publicar.
2026-10-08,quinta,19:30,Lancamento do guia,Semana 8,Carrossel,Conexao,A vergonha de comecar pequeno trava mais do que a falta de ferramenta,A vergonha de comecar pequeno trava mais do que a falta de ferramenta,"Tem muita gente vendendo uma vida perfeita. Aqui a conversa e outra.

Tema de hoje: A vergonha de comecar pequeno trava mais do que a falta de ferramenta.

Se o seu ponto de partida parece ruim, isso nao te elimina. So define qual e o proximo passo.

Voce pode comecar sem aparecer, sem equipamento caro e sem discurso de guru.

O que nao da e esperar coragem infinita para fazer a primeira publicacao.

Comenta ""REAL"" se voce quer comecar do jeito possivel, nao do jeito perfeito.

#dozeroaoreal #rendacomhonestidade #infoproduto #marketingdigital #faceless #rendaextra #kiwify #conteudodigital","Comenta ""REAL"" se voce quer comecar do jeito possivel, nao do jeito perfeito.",#dozeroaoreal #rendacomhonestidade #infoproduto #marketingdigital #faceless #rendaextra #kiwify #conteudodigital,"Slide 1: pergunta direta. Slides seguintes: resposta em passos curtos. Ultimo slide: ""salva para fazer depois"".",Pendente,Agendar no Meta Business Suite. Revisar arte antes de publicar.
2026-10-09,sexta,20:15,Lancamento do guia,Semana 8,Reels,Bastidores / prova honesta,Por que nao uso depoimento falso nem print inventado,Por que nao uso depoimento falso nem print inventado,"A construcao foi pensada para quem precisa sair da confusao e ir para um passo a passo.

Tema de hoje: Por que nao uso depoimento falso nem print inventado.

O conteudo foi pensado para ensinar a estrutura: plataformas, conteudo faceless, copy, organizacao e checklist de acao.

Sem depoimento inventado. Sem print falso. Sem ""ganhe X por dia"". A ideia e ser util sem vender ilusao.

Isso deixa a promessa menor -- e a entrega mais limpa.

Quer ver o mapa completo? O Guia Do Zero ao Real esta no link da bio.

#dozeroaoreal #rendacomhonestidade #infoproduto #marketingdigital #faceless #rendaextra #kiwify #conteudodigital",Quer ver o mapa completo? O Guia Do Zero ao Real esta no link da bio.,#dozeroaoreal #rendacomhonestidade #infoproduto #marketingdigital #faceless #rendaextra #kiwify #conteudodigital,"Reels silencioso com frases em tela e musica tendencia. 5 cenas, 2 segundos cada.",Pendente,Agendar no Meta Business Suite. Revisar arte antes de publicar.
2026-10-10,sabado,12:30,Lancamento do guia,Semana 8,Stories,Venda direta honesta,O que voce recebe dentro do Do Zero ao Real,O que voce recebe dentro do Do Zero ao Real,"O Guia Do Zero ao Real nao promete renda automatica. Ele entrega organizacao.

Tema de hoje: O que voce recebe dentro do Do Zero ao Real.

Dentro dele voce encontra fundamentos, cadastro em plataformas, conteudo faceless, noes de copy e organizacao financeira basica.

Nao e uma formula magica. E um roteiro para parar de ficar perdido na primeira tela.

Voce olha, aplica no seu ritmo e decide se faz sentido. Tem garantia de 7 dias conforme o checkout.

Para comecar com um passo a passo organizado, acesse o guia pelo link da bio.

#dozeroaoreal #rendacomhonestidade #infoproduto #marketingdigital #faceless #rendaextra #kiwify #conteudodigital","Para comecar com um passo a passo organizado, acesse o guia pelo link da bio.",#dozeroaoreal #rendacomhonestidade #infoproduto #marketingdigital #faceless #rendaextra #kiwify #conteudodigital,"Sequencia de 3 stories: 1) pergunta/enquete, 2) dica curta, 3) CTA para link da bio/check-out.",Pendente,Agendar no Meta Business Suite. Revisar arte antes de publicar.
2026-10-11,domingo,19:00,Lancamento do guia,Semana 8,Post estatico,Educativo,O que e um infoproduto explicado sem enrolacao,O que e um infoproduto explicado sem enrolacao,"O problema nao e so falta de vontade. Muitas vezes e falta de ordem.

Tema de hoje: O que e um infoproduto explicado sem enrolacao.

Pensa nisso como uma escada: primeiro voce entende a base, depois monta a estrutura, depois publica, depois ajusta.

Quando voce pula etapas, tudo parece confuso e qualquer ferramenta vira desculpa para travar.

A meta aqui e fazer o simples bem feito: um produto claro, uma oferta honesta e conteudo constante.

Salva esse post e segue o @dozero.aoreal para aprender o caminho sem promessa falsa.

#dozeroaoreal #rendacomhonestidade #infoproduto #marketingdigital #faceless #rendaextra #kiwify #conteudodigital",Salva esse post e segue o @dozero.aoreal para aprender o caminho sem promessa falsa.,#dozeroaoreal #rendacomhonestidade #infoproduto #marketingdigital #faceless #rendaextra #kiwify #conteudodigital,"Card simples: titulo, subtitulo e elemento visual lima. Visual limpo, sem poluicao.",Pendente,Agendar no Meta Business Suite. Revisar arte antes de publicar.
2026-10-12,segunda,19:30,Lancamento do guia,Semana 9,Carrossel,Jornada,O dia em que eu percebi que precisava parar de esperar estar pronto,O dia em que eu percebi que precisava parar de esperar estar pronto,"O comeco nao precisa ser impressionante. Precisa existir.

Tema de hoje: O dia em que eu percebi que precisava parar de esperar estar pronto.

Nao e sobre fingir que esta tudo pronto. E sobre documentar o processo e continuar mesmo quando ainda falta lapidar.

A vantagem de comecar pequeno e que voce consegue corrigir rapido, sem depender de equipe, estudio ou orcamento.

Feito com honestidade ainda vence muita ideia perfeita que nunca sai do papel.

Se voce tambem esta comecando, acompanha a jornada no @dozero.aoreal.

#dozeroaoreal #rendacomhonestidade #infoproduto #marketingdigital #faceless #rendaextra #kiwify #conteudodigital","Se voce tambem esta comecando, acompanha a jornada no @dozero.aoreal.",#dozeroaoreal #rendacomhonestidade #infoproduto #marketingdigital #faceless #rendaextra #kiwify #conteudodigital,"Slide 1: ""antes de comecar..."" Slides 2-5: erros/ajustes. Ultimo slide: convite para o guia.",Pendente,Agendar no Meta Business Suite. Revisar arte antes de publicar.
2026-10-13,terca,20:15,Lancamento do guia,Semana 9,Reels,Conexao,Voce nao precisa virar guru para vender algo util,Voce nao precisa virar guru para vender algo util,"Se voce esta tentando comecar e sente que esta atrasado, respira.

Tema de hoje: Voce nao precisa virar guru para vender algo util.

Se o seu ponto de partida parece ruim, isso nao te elimina. So define qual e o proximo passo.

Voce pode comecar sem aparecer, sem equipamento caro e sem discurso de guru.

O que nao da e esperar coragem infinita para fazer a primeira publicacao.

Comenta ""REAL"" se voce quer comecar do jeito possivel, nao do jeito perfeito.

#dozeroaoreal #rendacomhonestidade #infoproduto #marketingdigital #faceless #rendaextra #kiwify #conteudodigital","Comenta ""REAL"" se voce quer comecar do jeito possivel, nao do jeito perfeito.",#dozeroaoreal #rendacomhonestidade #infoproduto #marketingdigital #faceless #rendaextra #kiwify #conteudodigital,"Video faceless com texto na tela, cortes rapidos e b-roll simples de computador/celular. Sem aparecer. Narrativa opcional ou audio em alta baixo.",Pendente,Agendar no Meta Business Suite. Revisar arte antes de publicar.
2026-10-14,quarta,12:30,Lancamento do guia,Semana 9,Stories,Bastidores / prova honesta,Bastidor: o produto foi feito para quem precisa de clareza,Bastidor: o produto foi feito para quem precisa de clareza,"Por tras do guia existe uma escolha simples: clareza antes de hype.

Tema de hoje: Bastidor: o produto foi feito para quem precisa de clareza.

O conteudo foi pensado para ensinar a estrutura: plataformas, conteudo faceless, copy, organizacao e checklist de acao.

Sem depoimento inventado. Sem print falso. Sem ""ganhe X por dia"". A ideia e ser util sem vender ilusao.

Isso deixa a promessa menor -- e a entrega mais limpa.

Quer ver o mapa completo? O Guia Do Zero ao Real esta no link da bio.

#dozeroaoreal #rendacomhonestidade #infoproduto #marketingdigital #faceless #rendaextra #kiwify #conteudodigital",Quer ver o mapa completo? O Guia Do Zero ao Real esta no link da bio.,#dozeroaoreal #rendacomhonestidade #infoproduto #marketingdigital #faceless #rendaextra #kiwify #conteudodigital,"Story unico com bastidor + caixa de pergunta: ""qual etapa mais te trava?"".",Pendente,Agendar no Meta Business Suite. Revisar arte antes de publicar.
2026-10-15,quinta,19:00,Lancamento do guia,Semana 9,Post estatico,Venda direta honesta,"Por que R$49,99 compra clareza, nao promessa de dinheiro","Por que R$49,99 compra clareza, nao promessa de dinheiro","A proposta e simples: um mapa pratico para quem esta comecando sem nada.

Tema de hoje: Por que R$49,99 compra clareza, nao promessa de dinheiro.

Dentro dele voce encontra fundamentos, cadastro em plataformas, conteudo faceless, noes de copy e organizacao financeira basica.

Nao e uma formula magica. E um roteiro para parar de ficar perdido na primeira tela.

Voce olha, aplica no seu ritmo e decide se faz sentido. Tem garantia de 7 dias conforme o checkout.

Para comecar com um passo a passo organizado, acesse o guia pelo link da bio.

#dozeroaoreal #rendacomhonestidade #infoproduto #marketingdigital #faceless #rendaextra #kiwify #conteudodigital","Para comecar com um passo a passo organizado, acesse o guia pelo link da bio.",#dozeroaoreal #rendacomhonestidade #infoproduto #marketingdigital #faceless #rendaextra #kiwify #conteudodigital,"Print/nota visual estilo checklist, com 3 bullets curtos.",Pendente,Agendar no Meta Business Suite. Revisar arte antes de publicar.
2026-10-16,sexta,19:30,Evergreen de trafego,Semana 9,Carrossel,Educativo,Por que comecar pequeno e melhor do que esperar o plano perfeito,Por que comecar pequeno e melhor do que esperar o plano perfeito,"Comecar do zero fica mais dificil quando voce tenta aprender tudo ao mesmo tempo.

Tema de hoje: Por que comecar pequeno e melhor do que esperar o plano perfeito.

Pensa nisso como uma escada: primeiro voce entende a base, depois monta a estrutura, depois publica, depois ajusta.

Quando voce pula etapas, tudo parece confuso e qualquer ferramenta vira desculpa para travar.

A meta aqui e fazer o simples bem feito: um produto claro, uma oferta honesta e conteudo constante.

Salva esse post e segue o @dozero.aoreal para aprender o caminho sem promessa falsa.

#dozeroaoreal #rendacomhonestidade #infoproduto #marketingdigital #faceless #rendaextra #kiwify #conteudodigital",Salva esse post e segue o @dozero.aoreal para aprender o caminho sem promessa falsa.,#dozeroaoreal #rendacomhonestidade #infoproduto #marketingdigital #faceless #rendaextra #kiwify #conteudodigital,Slide 1: titulo forte com fundo verde-noturno e palavra REAL em lima. Slides 2-6: um ponto por slide. Ultimo slide: CTA para ver o guia no link da bio.,Pendente,Agendar no Meta Business Suite. Revisar arte antes de publicar.
2026-10-17,sabado,20:15,Evergreen de trafego,Semana 9,Reels,Jornada,O que mudou quando eu organizei o projeto em etapas,O que mudou quando eu organizei o projeto em etapas,"Nem todo bastidor e bonito, mas e nele que o negocio comeca a ficar real.

Tema de hoje: O que mudou quando eu organizei o projeto em etapas.

Nao e sobre fingir que esta tudo pronto. E sobre documentar o processo e continuar mesmo quando ainda falta lapidar.

A vantagem de comecar pequeno e que voce consegue corrigir rapido, sem depender de equipe, estudio ou orcamento.

Feito com honestidade ainda vence muita ideia perfeita que nunca sai do papel.

Se voce tambem esta comecando, acompanha a jornada no @dozero.aoreal.

#dozeroaoreal #rendacomhonestidade #infoproduto #marketingdigital #faceless #rendaextra #kiwify #conteudodigital","Se voce tambem esta comecando, acompanha a jornada no @dozero.aoreal.",#dozeroaoreal #rendacomhonestidade #infoproduto #marketingdigital #faceless #rendaextra #kiwify #conteudodigital,"Tela gravada mostrando checklist/rotina, com legendas grandes e ritmo rapido. Encerrar com CTA na bio.",Pendente,Agendar no Meta Business Suite. Revisar arte antes de publicar.
2026-10-18,domingo,12:30,Evergreen de trafego,Semana 9,Stories,Conexao,O medo de errar nao pode ser maior que a vontade de sair do lugar,O medo de errar nao pode ser maior que a vontade de sair do lugar,"Voce nao precisa parecer expert para dar o primeiro passo com honestidade.

Tema de hoje: O medo de errar nao pode ser maior que a vontade de sair do lugar.

Se o seu ponto de partida parece ruim, isso nao te elimina. So define qual e o proximo passo.

Voce pode comecar sem aparecer, sem equipamento caro e sem discurso de guru.

O que nao da e esperar coragem infinita para fazer a primeira publicacao.

Comenta ""REAL"" se voce quer comecar do jeito possivel, nao do jeito perfeito.

#dozeroaoreal #rendacomhonestidade #infoproduto #marketingdigital #faceless #rendaextra #kiwify #conteudodigital","Comenta ""REAL"" se voce quer comecar do jeito possivel, nao do jeito perfeito.",#dozeroaoreal #rendacomhonestidade #infoproduto #marketingdigital #faceless #rendaextra #kiwify #conteudodigital,"Antes/depois conceitual: ""antes: perdido / depois: com checklist"". CTA discreto.",Pendente,Agendar no Meta Business Suite. Revisar arte antes de publicar.
2026-10-19,segunda,19:00,Evergreen de trafego,Semana 10,Post estatico,Bastidores / prova honesta,O que entra no guia e por que isso importa para iniciantes,O que entra no guia e por que isso importa para iniciantes,"Um bastidor importante: esse projeto nao usa promessa de resultado garantido.

Tema de hoje: O que entra no guia e por que isso importa para iniciantes.

O conteudo foi pensado para ensinar a estrutura: plataformas, conteudo faceless, copy, organizacao e checklist de acao.

Sem depoimento inventado. Sem print falso. Sem ""ganhe X por dia"". A ideia e ser util sem vender ilusao.

Isso deixa a promessa menor -- e a entrega mais limpa.

Quer ver o mapa completo? O Guia Do Zero ao Real esta no link da bio.

#dozeroaoreal #rendacomhonestidade #infoproduto #marketingdigital #faceless #rendaextra #kiwify #conteudodigital",Quer ver o mapa completo? O Guia Do Zero ao Real esta no link da bio.,#dozeroaoreal #rendacomhonestidade #infoproduto #marketingdigital #faceless #rendaextra #kiwify #conteudodigital,"Imagem unica com frase forte central, logo discreta e CTA na legenda.",Pendente,Agendar no Meta Business Suite. Revisar arte antes de publicar.
2026-10-20,terca,19:30,Evergreen de trafego,Semana 10,Carrossel,Venda direta honesta,Antes de comprar: para quem esse guia serve e para quem nao serve,Antes de comprar: para quem esse guia serve e para quem nao serve,"Se voce quer comecar, mas sempre trava na proxima etapa, esse guia pode te ajudar.

Tema de hoje: Antes de comprar: para quem esse guia serve e para quem nao serve.

Dentro dele voce encontra fundamentos, cadastro em plataformas, conteudo faceless, noes de copy e organizacao financeira basica.

Nao e uma formula magica. E um roteiro para parar de ficar perdido na primeira tela.

Voce olha, aplica no seu ritmo e decide se faz sentido. Tem garantia de 7 dias conforme o checkout.

Para comecar com um passo a passo organizado, acesse o guia pelo link da bio.

#dozeroaoreal #rendacomhonestidade #infoproduto #marketingdigital #faceless #rendaextra #kiwify #conteudodigital","Para comecar com um passo a passo organizado, acesse o guia pelo link da bio.",#dozeroaoreal #rendacomhonestidade #infoproduto #marketingdigital #faceless #rendaextra #kiwify #conteudodigital,"Slide 1: pergunta direta. Slides seguintes: resposta em passos curtos. Ultimo slide: ""salva para fazer depois"".",Pendente,Agendar no Meta Business Suite. Revisar arte antes de publicar.
2026-10-21,quarta,20:15,Evergreen de trafego,Semana 10,Reels,Educativo,Como escolher uma plataforma sem travar na comparacao,Como escolher uma plataforma sem travar na comparacao,"Antes de pensar em vender, voce precisa entender o caminho basico.

Tema de hoje: Como escolher uma plataforma sem travar na comparacao.

Pensa nisso como uma escada: primeiro voce entende a base, depois monta a estrutura, depois publica, depois ajusta.

Quando voce pula etapas, tudo parece confuso e qualquer ferramenta vira desculpa para travar.

A meta aqui e fazer o simples bem feito: um produto claro, uma oferta honesta e conteudo constante.

Salva esse post e segue o @dozero.aoreal para aprender o caminho sem promessa falsa.

#dozeroaoreal #rendacomhonestidade #infoproduto #marketingdigital #faceless #rendaextra #kiwify #conteudodigital",Salva esse post e segue o @dozero.aoreal para aprender o caminho sem promessa falsa.,#dozeroaoreal #rendacomhonestidade #infoproduto #marketingdigital #faceless #rendaextra #kiwify #conteudodigital,"Reels silencioso com frases em tela e musica tendencia. 5 cenas, 2 segundos cada.",Pendente,Agendar no Meta Business Suite. Revisar arte antes de publicar.
2026-10-22,quinta,12:30,Evergreen de trafego,Semana 10,Stories,Jornada,Por que documentar o processo ajuda mais do que fingir perfeicao,Por que documentar o processo ajuda mais do que fingir perfeicao,"Esse projeto nasceu do jeito que muita gente comeca: sem estrutura perfeita.

Tema de hoje: Por que documentar o processo ajuda mais do que fingir perfeicao.

Nao e sobre fingir que esta tudo pronto. E sobre documentar o processo e continuar mesmo quando ainda falta lapidar.

A vantagem de comecar pequeno e que voce consegue corrigir rapido, sem depender de equipe, estudio ou orcamento.

Feito com honestidade ainda vence muita ideia perfeita que nunca sai do papel.

Se voce tambem esta comecando, acompanha a jornada no @dozero.aoreal.

#dozeroaoreal #rendacomhonestidade #infoproduto #marketingdigital #faceless #rendaextra #kiwify #conteudodigital","Se voce tambem esta comecando, acompanha a jornada no @dozero.aoreal.",#dozeroaoreal #rendacomhonestidade #infoproduto #marketingdigital #faceless #rendaextra #kiwify #conteudodigital,"Sequencia de 3 stories: 1) pergunta/enquete, 2) dica curta, 3) CTA para link da bio/check-out.",Pendente,Agendar no Meta Business Suite. Revisar arte antes de publicar.
2026-10-23,sexta,19:00,Evergreen de trafego,Semana 10,Post estatico,Conexao,O comeco parece feio porque ainda e comeco,O comeco parece feio porque ainda e comeco,"Tem muita gente vendendo uma vida perfeita. Aqui a conversa e outra.

Tema de hoje: O comeco parece feio porque ainda e comeco.

Se o seu ponto de partida parece ruim, isso nao te elimina. So define qual e o proximo passo.

Voce pode comecar sem aparecer, sem equipamento caro e sem discurso de guru.

O que nao da e esperar coragem infinita para fazer a primeira publicacao.

Comenta ""REAL"" se voce quer comecar do jeito possivel, nao do jeito perfeito.

#dozeroaoreal #rendacomhonestidade #infoproduto #marketingdigital #faceless #rendaextra #kiwify #conteudodigital","Comenta ""REAL"" se voce quer comecar do jeito possivel, nao do jeito perfeito.",#dozeroaoreal #rendacomhonestidade #infoproduto #marketingdigital #faceless #rendaextra #kiwify #conteudodigital,"Card simples: titulo, subtitulo e elemento visual lima. Visual limpo, sem poluicao.",Pendente,Agendar no Meta Business Suite. Revisar arte antes de publicar.
2026-10-24,sabado,19:30,Evergreen de trafego,Semana 10,Carrossel,Bastidores / prova honesta,Como transformei duvidas comuns em capitulos praticos,Como transformei duvidas comuns em capitulos praticos,"A construcao foi pensada para quem precisa sair da confusao e ir para um passo a passo.

Tema de hoje: Como transformei duvidas comuns em capitulos praticos.

O conteudo foi pensado para ensinar a estrutura: plataformas, conteudo faceless, copy, organizacao e checklist de acao.

Sem depoimento inventado. Sem print falso. Sem ""ganhe X por dia"". A ideia e ser util sem vender ilusao.

Isso deixa a promessa menor -- e a entrega mais limpa.

Quer ver o mapa completo? O Guia Do Zero ao Real esta no link da bio.

#dozeroaoreal #rendacomhonestidade #infoproduto #marketingdigital #faceless #rendaextra #kiwify #conteudodigital",Quer ver o mapa completo? O Guia Do Zero ao Real esta no link da bio.,#dozeroaoreal #rendacomhonestidade #infoproduto #marketingdigital #faceless #rendaextra #kiwify #conteudodigital,"Slide 1: ""antes de comecar..."" Slides 2-5: erros/ajustes. Ultimo slide: convite para o guia.",Pendente,Agendar no Meta Business Suite. Revisar arte antes de publicar.
2026-10-25,domingo,20:15,Evergreen de trafego,Semana 10,Reels,Venda direta honesta,"O guia nao faz por voce, mas te mostra o caminho com ordem","O guia nao faz por voce, mas te mostra o caminho com ordem","O Guia Do Zero ao Real nao promete renda automatica. Ele entrega organizacao.

Tema de hoje: O guia nao faz por voce, mas te mostra o caminho com ordem.

Dentro dele voce encontra fundamentos, cadastro em plataformas, conteudo faceless, noes de copy e organizacao financeira basica.

Nao e uma formula magica. E um roteiro para parar de ficar perdido na primeira tela.

Voce olha, aplica no seu ritmo e decide se faz sentido. Tem garantia de 7 dias conforme o checkout.

Para comecar com um passo a passo organizado, acesse o guia pelo link da bio.

#dozeroaoreal #rendacomhonestidade #infoproduto #marketingdigital #faceless #rendaextra #kiwify #conteudodigital","Para comecar com um passo a passo organizado, acesse o guia pelo link da bio.",#dozeroaoreal #rendacomhonestidade #infoproduto #marketingdigital #faceless #rendaextra #kiwify #conteudodigital,"Video faceless com texto na tela, cortes rapidos e b-roll simples de computador/celular. Sem aparecer. Narrativa opcional ou audio em alta baixo.",Pendente,Agendar no Meta Business Suite. Revisar arte antes de publicar.
2026-10-26,segunda,12:30,Evergreen de trafego,Semana 11,Stories,Educativo,A diferenca entre conteudo que ensina e conteudo que so ocupa espaco,A diferenca entre conteudo que ensina e conteudo que so ocupa espaco,"O problema nao e so falta de vontade. Muitas vezes e falta de ordem.

Tema de hoje: A diferenca entre conteudo que ensina e conteudo que so ocupa espaco.

Pensa nisso como uma escada: primeiro voce entende a base, depois monta a estrutura, depois publica, depois ajusta.

Quando voce pula etapas, tudo parece confuso e qualquer ferramenta vira desculpa para travar.

A meta aqui e fazer o simples bem feito: um produto claro, uma oferta honesta e conteudo constante.

Salva esse post e segue o @dozero.aoreal para aprender o caminho sem promessa falsa.

#dozeroaoreal #rendacomhonestidade #infoproduto #marketingdigital #faceless #rendaextra #kiwify #conteudodigital",Salva esse post e segue o @dozero.aoreal para aprender o caminho sem promessa falsa.,#dozeroaoreal #rendacomhonestidade #infoproduto #marketingdigital #faceless #rendaextra #kiwify #conteudodigital,"Story unico com bastidor + caixa de pergunta: ""qual etapa mais te trava?"".",Pendente,Agendar no Meta Business Suite. Revisar arte antes de publicar.
2026-10-27,terca,19:00,Evergreen de trafego,Semana 11,Post estatico,Jornada,Bastidor real: fazer simples para conseguir terminar,Bastidor real: fazer simples para conseguir terminar,"O comeco nao precisa ser impressionante. Precisa existir.

Tema de hoje: Bastidor real: fazer simples para conseguir terminar.

Nao e sobre fingir que esta tudo pronto. E sobre documentar o processo e continuar mesmo quando ainda falta lapidar.

A vantagem de comecar pequeno e que voce consegue corrigir rapido, sem depender de equipe, estudio ou orcamento.

Feito com honestidade ainda vence muita ideia perfeita que nunca sai do papel.

Se voce tambem esta comecando, acompanha a jornada no @dozero.aoreal.

#dozeroaoreal #rendacomhonestidade #infoproduto #marketingdigital #faceless #rendaextra #kiwify #conteudodigital","Se voce tambem esta comecando, acompanha a jornada no @dozero.aoreal.",#dozeroaoreal #rendacomhonestidade #infoproduto #marketingdigital #faceless #rendaextra #kiwify #conteudodigital,"Print/nota visual estilo checklist, com 3 bullets curtos.",Pendente,Agendar no Meta Business Suite. Revisar arte antes de publicar.
2026-10-28,quarta,19:30,Evergreen de trafego,Semana 11,Carrossel,Conexao,Faceless nao e se esconder; e escolher um formato possivel,Faceless nao e se esconder; e escolher um formato possivel,"Se voce esta tentando comecar e sente que esta atrasado, respira.

Tema de hoje: Faceless nao e se esconder; e escolher um formato possivel.

Se o seu ponto de partida parece ruim, isso nao te elimina. So define qual e o proximo passo.

Voce pode comecar sem aparecer, sem equipamento caro e sem discurso de guru.

O que nao da e esperar coragem infinita para fazer a primeira publicacao.

Comenta ""REAL"" se voce quer comecar do jeito possivel, nao do jeito perfeito.

#dozeroaoreal #rendacomhonestidade #infoproduto #marketingdigital #faceless #rendaextra #kiwify #conteudodigital","Comenta ""REAL"" se voce quer comecar do jeito possivel, nao do jeito perfeito.",#dozeroaoreal #rendacomhonestidade #infoproduto #marketingdigital #faceless #rendaextra #kiwify #conteudodigital,Slide 1: titulo forte com fundo verde-noturno e palavra REAL em lima. Slides 2-6: um ponto por slide. Ultimo slide: CTA para ver o guia no link da bio.,Pendente,Agendar no Meta Business Suite. Revisar arte antes de publicar.
2026-10-29,quinta,20:15,Evergreen de trafego,Semana 11,Reels,Bastidores / prova honesta,"Por que a garantia existe, mas o esforco continua sendo seu","Por que a garantia existe, mas o esforco continua sendo seu","Por tras do guia existe uma escolha simples: clareza antes de hype.

Tema de hoje: Por que a garantia existe, mas o esforco continua sendo seu.

O conteudo foi pensado para ensinar a estrutura: plataformas, conteudo faceless, copy, organizacao e checklist de acao.

Sem depoimento inventado. Sem print falso. Sem ""ganhe X por dia"". A ideia e ser util sem vender ilusao.

Isso deixa a promessa menor -- e a entrega mais limpa.

Quer ver o mapa completo? O Guia Do Zero ao Real esta no link da bio.

#dozeroaoreal #rendacomhonestidade #infoproduto #marketingdigital #faceless #rendaextra #kiwify #conteudodigital",Quer ver o mapa completo? O Guia Do Zero ao Real esta no link da bio.,#dozeroaoreal #rendacomhonestidade #infoproduto #marketingdigital #faceless #rendaextra #kiwify #conteudodigital,"Tela gravada mostrando checklist/rotina, com legendas grandes e ritmo rapido. Encerrar com CTA na bio.",Pendente,Agendar no Meta Business Suite. Revisar arte antes de publicar.
2026-10-30,sexta,12:30,Evergreen de trafego,Semana 11,Stories,Venda direta honesta,7 dias de garantia para voce olhar com calma,7 dias de garantia para voce olhar com calma,"A proposta e simples: um mapa pratico para quem esta comecando sem nada.

Tema de hoje: 7 dias de garantia para voce olhar com calma.

Dentro dele voce encontra fundamentos, cadastro em plataformas, conteudo faceless, noes de copy e organizacao financeira basica.

Nao e uma formula magica. E um roteiro para parar de ficar perdido na primeira tela.

Voce olha, aplica no seu ritmo e decide se faz sentido. Tem garantia de 7 dias conforme o checkout.

Para comecar com um passo a passo organizado, acesse o guia pelo link da bio.

#dozeroaoreal #rendacomhonestidade #infoproduto #marketingdigital #faceless #rendaextra #kiwify #conteudodigital","Para comecar com um passo a passo organizado, acesse o guia pelo link da bio.",#dozeroaoreal #rendacomhonestidade #infoproduto #marketingdigital #faceless #rendaextra #kiwify #conteudodigital,"Antes/depois conceitual: ""antes: perdido / depois: com checklist"". CTA discreto.",Pendente,Agendar no Meta Business Suite. Revisar arte antes de publicar.
2026-10-31,sabado,19:00,Evergreen de trafego,Semana 11,Post estatico,Educativo,Como pensar em oferta sem prometer resultado impossivel,Como pensar em oferta sem prometer resultado impossivel,"Comecar do zero fica mais dificil quando voce tenta aprender tudo ao mesmo tempo.

Tema de hoje: Como pensar em oferta sem prometer resultado impossivel.

Pensa nisso como uma escada: primeiro voce entende a base, depois monta a estrutura, depois publica, depois ajusta.

Quando voce pula etapas, tudo parece confuso e qualquer ferramenta vira desculpa para travar.

A meta aqui e fazer o simples bem feito: um produto claro, uma oferta honesta e conteudo constante.

Salva esse post e segue o @dozero.aoreal para aprender o caminho sem promessa falsa.

#dozeroaoreal #rendacomhonestidade #infoproduto #marketingdigital #faceless #rendaextra #kiwify #conteudodigital",Salva esse post e segue o @dozero.aoreal para aprender o caminho sem promessa falsa.,#dozeroaoreal #rendacomhonestidade #infoproduto #marketingdigital #faceless #rendaextra #kiwify #conteudodigital,"Imagem unica com frase forte central, logo discreta e CTA na legenda.",Pendente,Agendar no Meta Business Suite. Revisar arte antes de publicar.
2026-11-01,domingo,19:30,Evergreen de trafego,Semana 11,Carrossel,Jornada,A diferenca entre estar perdido e estar no comeco,A diferenca entre estar perdido e estar no comeco,"Nem todo bastidor e bonito, mas e nele que o negocio comeca a ficar real.

Tema de hoje: A diferenca entre estar perdido e estar no comeco.

Nao e sobre fingir que esta tudo pronto. E sobre documentar o processo e continuar mesmo quando ainda falta lapidar.

A vantagem de comecar pequeno e que voce consegue corrigir rapido, sem depender de equipe, estudio ou orcamento.

Feito com honestidade ainda vence muita ideia perfeita que nunca sai do papel.

Se voce tambem esta comecando, acompanha a jornada no @dozero.aoreal.

#dozeroaoreal #rendacomhonestidade #infoproduto #marketingdigital #faceless #rendaextra #kiwify #conteudodigital","Se voce tambem esta comecando, acompanha a jornada no @dozero.aoreal.",#dozeroaoreal #rendacomhonestidade #infoproduto #marketingdigital #faceless #rendaextra #kiwify #conteudodigital,"Slide 1: pergunta direta. Slides seguintes: resposta em passos curtos. Ultimo slide: ""salva para fazer depois"".",Pendente,Agendar no Meta Business Suite. Revisar arte antes de publicar.
2026-11-02,segunda,20:15,Evergreen de trafego,Semana 12,Reels,Conexao,O plano perfeito muitas vezes e so procrastinacao com nome bonito,O plano perfeito muitas vezes e so procrastinacao com nome bonito,"Voce nao precisa parecer expert para dar o primeiro passo com honestidade.

Tema de hoje: O plano perfeito muitas vezes e so procrastinacao com nome bonito.

Se o seu ponto de partida parece ruim, isso nao te elimina. So define qual e o proximo passo.

Voce pode comecar sem aparecer, sem equipamento caro e sem discurso de guru.

O que nao da e esperar coragem infinita para fazer a primeira publicacao.

Comenta ""REAL"" se voce quer comecar do jeito possivel, nao do jeito perfeito.

#dozeroaoreal #rendacomhonestidade #infoproduto #marketingdigital #faceless #rendaextra #kiwify #conteudodigital","Comenta ""REAL"" se voce quer comecar do jeito possivel, nao do jeito perfeito.",#dozeroaoreal #rendacomhonestidade #infoproduto #marketingdigital #faceless #rendaextra #kiwify #conteudodigital,"Reels silencioso com frases em tela e musica tendencia. 5 cenas, 2 segundos cada.",Pendente,Agendar no Meta Business Suite. Revisar arte antes de publicar.
2026-11-03,terca,12:30,Evergreen de trafego,Semana 12,Stories,Bastidores / prova honesta,"Bastidor da VSL: direto ao ponto, sem teatro de riqueza","Bastidor da VSL: direto ao ponto, sem teatro de riqueza","Um bastidor importante: esse projeto nao usa promessa de resultado garantido.

Tema de hoje: Bastidor da VSL: direto ao ponto, sem teatro de riqueza.

O conteudo foi pensado para ensinar a estrutura: plataformas, conteudo faceless, copy, organizacao e checklist de acao.

Sem depoimento inventado. Sem print falso. Sem ""ganhe X por dia"". A ideia e ser util sem vender ilusao.

Isso deixa a promessa menor -- e a entrega mais limpa.

Quer ver o mapa completo? O Guia Do Zero ao Real esta no link da bio.

#dozeroaoreal #rendacomhonestidade #infoproduto #marketingdigital #faceless #rendaextra #kiwify #conteudodigital",Quer ver o mapa completo? O Guia Do Zero ao Real esta no link da bio.,#dozeroaoreal #rendacomhonestidade #infoproduto #marketingdigital #faceless #rendaextra #kiwify #conteudodigital,"Sequencia de 3 stories: 1) pergunta/enquete, 2) dica curta, 3) CTA para link da bio/check-out.",Pendente,Agendar no Meta Business Suite. Revisar arte antes de publicar.
2026-11-04,quarta,19:00,Evergreen de trafego,Semana 12,Post estatico,Venda direta honesta,Quer comecar hoje? O checkout esta na bio,Quer comecar hoje? O checkout esta na bio,"Se voce quer comecar, mas sempre trava na proxima etapa, esse guia pode te ajudar.

Tema de hoje: Quer comecar hoje? O checkout esta na bio.

Dentro dele voce encontra fundamentos, cadastro em plataformas, conteudo faceless, noes de copy e organizacao financeira basica.

Nao e uma formula magica. E um roteiro para parar de ficar perdido na primeira tela.

Voce olha, aplica no seu ritmo e decide se faz sentido. Tem garantia de 7 dias conforme o checkout.

Para comecar com um passo a passo organizado, acesse o guia pelo link da bio.

#dozeroaoreal #rendacomhonestidade #infoproduto #marketingdigital #faceless #rendaextra #kiwify #conteudodigital","Para comecar com um passo a passo organizado, acesse o guia pelo link da bio.",#dozeroaoreal #rendacomhonestidade #infoproduto #marketingdigital #faceless #rendaextra #kiwify #conteudodigital,"Card simples: titulo, subtitulo e elemento visual lima. Visual limpo, sem poluicao.",Pendente,Agendar no Meta Business Suite. Revisar arte antes de publicar.
2026-11-05,quinta,19:30,Evergreen de trafego,Semana 12,Carrossel,Educativo,O basico de copywriting para quem esta comecando do zero,O basico de copywriting para quem esta comecando do zero,"Antes de pensar em vender, voce precisa entender o caminho basico.

Tema de hoje: O basico de copywriting para quem esta comecando do zero.

Pensa nisso como uma escada: primeiro voce entende a base, depois monta a estrutura, depois publica, depois ajusta.

Quando voce pula etapas, tudo parece confuso e qualquer ferramenta vira desculpa para travar.

A meta aqui e fazer o simples bem feito: um produto claro, uma oferta honesta e conteudo constante.

Salva esse post e segue o @dozero.aoreal para aprender o caminho sem promessa falsa.

#dozeroaoreal #rendacomhonestidade #infoproduto #marketingdigital #faceless #rendaextra #kiwify #conteudodigital",Salva esse post e segue o @dozero.aoreal para aprender o caminho sem promessa falsa.,#dozeroaoreal #rendacomhonestidade #infoproduto #marketingdigital #faceless #rendaextra #kiwify #conteudodigital,"Slide 1: ""antes de comecar..."" Slides 2-5: erros/ajustes. Ultimo slide: convite para o guia.",Pendente,Agendar no Meta Business Suite. Revisar arte antes de publicar.
2026-11-06,sexta,20:15,Evergreen de trafego,Semana 12,Reels,Jornada,O que eu faria se estivesse comecando hoje sem dinheiro para investir,O que eu faria se estivesse comecando hoje sem dinheiro para investir,"Esse projeto nasceu do jeito que muita gente comeca: sem estrutura perfeita.

Tema de hoje: O que eu faria se estivesse comecando hoje sem dinheiro para investir.

Nao e sobre fingir que esta tudo pronto. E sobre documentar o processo e continuar mesmo quando ainda falta lapidar.

A vantagem de comecar pequeno e que voce consegue corrigir rapido, sem depender de equipe, estudio ou orcamento.

Feito com honestidade ainda vence muita ideia perfeita que nunca sai do papel.

Se voce tambem esta comecando, acompanha a jornada no @dozero.aoreal.

#dozeroaoreal #rendacomhonestidade #infoproduto #marketingdigital #faceless #rendaextra #kiwify #conteudodigital","Se voce tambem esta comecando, acompanha a jornada no @dozero.aoreal.",#dozeroaoreal #rendacomhonestidade #infoproduto #marketingdigital #faceless #rendaextra #kiwify #conteudodigital,"Video faceless com texto na tela, cortes rapidos e b-roll simples de computador/celular. Sem aparecer. Narrativa opcional ou audio em alta baixo.",Pendente,Agendar no Meta Business Suite. Revisar arte antes de publicar.
2026-11-07,sabado,12:30,Evergreen de trafego,Semana 12,Stories,Conexao,"Se voce sente que esta atrasado, leia isso","Se voce sente que esta atrasado, leia isso","Tem muita gente vendendo uma vida perfeita. Aqui a conversa e outra.

Tema de hoje: Se voce sente que esta atrasado, leia isso.

Se o seu ponto de partida parece ruim, isso nao te elimina. So define qual e o proximo passo.

Voce pode comecar sem aparecer, sem equipamento caro e sem discurso de guru.

O que nao da e esperar coragem infinita para fazer a primeira publicacao.

Comenta ""REAL"" se voce quer comecar do jeito possivel, nao do jeito perfeito.

#dozeroaoreal #rendacomhonestidade #infoproduto #marketingdigital #faceless #rendaextra #kiwify #conteudodigital","Comenta ""REAL"" se voce quer comecar do jeito possivel, nao do jeito perfeito.",#dozeroaoreal #rendacomhonestidade #infoproduto #marketingdigital #faceless #rendaextra #kiwify #conteudodigital,"Story unico com bastidor + caixa de pergunta: ""qual etapa mais te trava?"".",Pendente,Agendar no Meta Business Suite. Revisar arte antes de publicar.
2026-11-08,domingo,19:00,Evergreen de trafego,Semana 12,Post estatico,Bastidores / prova honesta,"Como o guia foi organizado por etapas, nao por promessa","Como o guia foi organizado por etapas, nao por promessa","A construcao foi pensada para quem precisa sair da confusao e ir para um passo a passo.

Tema de hoje: Como o guia foi organizado por etapas, nao por promessa.

O conteudo foi pensado para ensinar a estrutura: plataformas, conteudo faceless, copy, organizacao e checklist de acao.

Sem depoimento inventado. Sem print falso. Sem ""ganhe X por dia"". A ideia e ser util sem vender ilusao.

Isso deixa a promessa menor -- e a entrega mais limpa.

Quer ver o mapa completo? O Guia Do Zero ao Real esta no link da bio.

#dozeroaoreal #rendacomhonestidade #infoproduto #marketingdigital #faceless #rendaextra #kiwify #conteudodigital",Quer ver o mapa completo? O Guia Do Zero ao Real esta no link da bio.,#dozeroaoreal #rendacomhonestidade #infoproduto #marketingdigital #faceless #rendaextra #kiwify #conteudodigital,"Print/nota visual estilo checklist, com 3 bullets curtos.",Pendente,Agendar no Meta Business Suite. Revisar arte antes de publicar.
2026-11-09,segunda,19:30,Evergreen de trafego,Semana 13,Carrossel,Venda direta honesta,O Guia Do Zero ao Real e para quem quer comecar com um mapa,O Guia Do Zero ao Real e para quem quer comecar com um mapa,"O Guia Do Zero ao Real nao promete renda automatica. Ele entrega organizacao.

Tema de hoje: O Guia Do Zero ao Real e para quem quer comecar com um mapa.

Dentro dele voce encontra fundamentos, cadastro em plataformas, conteudo faceless, noes de copy e organizacao financeira basica.

Nao e uma formula magica. E um roteiro para parar de ficar perdido na primeira tela.

Voce olha, aplica no seu ritmo e decide se faz sentido. Tem garantia de 7 dias conforme o checkout.

Para comecar com um passo a passo organizado, acesse o guia pelo link da bio.

#dozeroaoreal #rendacomhonestidade #infoproduto #marketingdigital #faceless #rendaextra #kiwify #conteudodigital","Para comecar com um passo a passo organizado, acesse o guia pelo link da bio.",#dozeroaoreal #rendacomhonestidade #infoproduto #marketingdigital #faceless #rendaextra #kiwify #conteudodigital,Slide 1: titulo forte com fundo verde-noturno e palavra REAL em lima. Slides 2-6: um ponto por slide. Ultimo slide: CTA para ver o guia no link da bio.,Pendente,Agendar no Meta Business Suite. Revisar arte antes de publicar.
2026-11-10,terca,20:15,Evergreen de trafego,Semana 13,Reels,Educativo,Como montar uma rotina simples de producao de conteudo,Como montar uma rotina simples de producao de conteudo,"O problema nao e so falta de vontade. Muitas vezes e falta de ordem.

Tema de hoje: Como montar uma rotina simples de producao de conteudo.

Pensa nisso como uma escada: primeiro voce entende a base, depois monta a estrutura, depois publica, depois ajusta.

Quando voce pula etapas, tudo parece confuso e qualquer ferramenta vira desculpa para travar.

A meta aqui e fazer o simples bem feito: um produto claro, uma oferta honesta e conteudo constante.

Salva esse post e segue o @dozero.aoreal para aprender o caminho sem promessa falsa.

#dozeroaoreal #rendacomhonestidade #infoproduto #marketingdigital #faceless #rendaextra #kiwify #conteudodigital",Salva esse post e segue o @dozero.aoreal para aprender o caminho sem promessa falsa.,#dozeroaoreal #rendacomhonestidade #infoproduto #marketingdigital #faceless #rendaextra #kiwify #conteudodigital,"Tela gravada mostrando checklist/rotina, com legendas grandes e ritmo rapido. Encerrar com CTA na bio.",Pendente,Agendar no Meta Business Suite. Revisar arte antes de publicar.
2026-11-11,quarta,12:30,Evergreen de trafego,Semana 13,Stories,Jornada,A parte invisivel de construir um projeto do zero,A parte invisivel de construir um projeto do zero,"O comeco nao precisa ser impressionante. Precisa existir.

Tema de hoje: A parte invisivel de construir um projeto do zero.

Nao e sobre fingir que esta tudo pronto. E sobre documentar o processo e continuar mesmo quando ainda falta lapidar.

A vantagem de comecar pequeno e que voce consegue corrigir rapido, sem depender de equipe, estudio ou orcamento.

Feito com honestidade ainda vence muita ideia perfeita que nunca sai do papel.

Se voce tambem esta comecando, acompanha a jornada no @dozero.aoreal.

#dozeroaoreal #rendacomhonestidade #infoproduto #marketingdigital #faceless #rendaextra #kiwify #conteudodigital","Se voce tambem esta comecando, acompanha a jornada no @dozero.aoreal.",#dozeroaoreal #rendacomhonestidade #infoproduto #marketingdigital #faceless #rendaextra #kiwify #conteudodigital,"Antes/depois conceitual: ""antes: perdido / depois: com checklist"". CTA discreto.",Pendente,Agendar no Meta Business Suite. Revisar arte antes de publicar.
2026-11-12,quinta,19:00,Evergreen de trafego,Semana 13,Post estatico,Conexao,"Nem todo mundo comeca com camera, equipe e dinheiro","Nem todo mundo comeca com camera, equipe e dinheiro","Se voce esta tentando comecar e sente que esta atrasado, respira.

Tema de hoje: Nem todo mundo comeca com camera, equipe e dinheiro.

Se o seu ponto de partida parece ruim, isso nao te elimina. So define qual e o proximo passo.

Voce pode comecar sem aparecer, sem equipamento caro e sem discurso de guru.

O que nao da e esperar coragem infinita para fazer a primeira publicacao.

Comenta ""REAL"" se voce quer comecar do jeito possivel, nao do jeito perfeito.

#dozeroaoreal #rendacomhonestidade #infoproduto #marketingdigital #faceless #rendaextra #kiwify #conteudodigital","Comenta ""REAL"" se voce quer comecar do jeito possivel, nao do jeito perfeito.",#dozeroaoreal #rendacomhonestidade #infoproduto #marketingdigital #faceless #rendaextra #kiwify #conteudodigital,"Imagem unica com frase forte central, logo discreta e CTA na legenda.",Pendente,Agendar no Meta Business Suite. Revisar arte antes de publicar.
2026-11-13,sexta,19:30,Evergreen de trafego,Semana 13,Carrossel,Bastidores / prova honesta,O que tem por tras de uma landing page simples e honesta,O que tem por tras de uma landing page simples e honesta,"Por tras do guia existe uma escolha simples: clareza antes de hype.

Tema de hoje: O que tem por tras de uma landing page simples e honesta.

O conteudo foi pensado para ensinar a estrutura: plataformas, conteudo faceless, copy, organizacao e checklist de acao.

Sem depoimento inventado. Sem print falso. Sem ""ganhe X por dia"". A ideia e ser util sem vender ilusao.

Isso deixa a promessa menor -- e a entrega mais limpa.

Quer ver o mapa completo? O Guia Do Zero ao Real esta no link da bio.

#dozeroaoreal #rendacomhonestidade #infoproduto #marketingdigital #faceless #rendaextra #kiwify #conteudodigital",Quer ver o mapa completo? O Guia Do Zero ao Real esta no link da bio.,#dozeroaoreal #rendacomhonestidade #infoproduto #marketingdigital #faceless #rendaextra #kiwify #conteudodigital,"Slide 1: pergunta direta. Slides seguintes: resposta em passos curtos. Ultimo slide: ""salva para fazer depois"".",Pendente,Agendar no Meta Business Suite. Revisar arte antes de publicar.
2026-11-14,sabado,20:15,Evergreen de trafego,Semana 13,Reels,Venda direta honesta,"Se voce trava no primeiro passo, o guia foi feito para isso","Se voce trava no primeiro passo, o guia foi feito para isso","A proposta e simples: um mapa pratico para quem esta comecando sem nada.

Tema de hoje: Se voce trava no primeiro passo, o guia foi feito para isso.

Dentro dele voce encontra fundamentos, cadastro em plataformas, conteudo faceless, noes de copy e organizacao financeira basica.

Nao e uma formula magica. E um roteiro para parar de ficar perdido na primeira tela.

Voce olha, aplica no seu ritmo e decide se faz sentido. Tem garantia de 7 dias conforme o checkout.

Para comecar com um passo a passo organizado, acesse o guia pelo link da bio.

#dozeroaoreal #rendacomhonestidade #infoproduto #marketingdigital #faceless #rendaextra #kiwify #conteudodigital","Para comecar com um passo a passo organizado, acesse o guia pelo link da bio.",#dozeroaoreal #rendacomhonestidade #infoproduto #marketingdigital #faceless #rendaextra #kiwify #conteudodigital,"Reels silencioso com frases em tela e musica tendencia. 5 cenas, 2 segundos cada.",Pendente,Agendar no Meta Business Suite. Revisar arte antes de publicar.
2026-11-15,domingo,12:30,Evergreen de trafego,Semana 13,Stories,Educativo,O que colocar numa bio que realmente explica o perfil,O que colocar numa bio que realmente explica o perfil,"Comecar do zero fica mais dificil quando voce tenta aprender tudo ao mesmo tempo.

Tema de hoje: O que colocar numa bio que realmente explica o perfil.

Pensa nisso como uma escada: primeiro voce entende a base, depois monta a estrutura, depois publica, depois ajusta.

Quando voce pula etapas, tudo parece confuso e qualquer ferramenta vira desculpa para travar.

A meta aqui e fazer o simples bem feito: um produto claro, uma oferta honesta e conteudo constante.

Salva esse post e segue o @dozero.aoreal para aprender o caminho sem promessa falsa.

#dozeroaoreal #rendacomhonestidade #infoproduto #marketingdigital #faceless #rendaextra #kiwify #conteudodigital",Salva esse post e segue o @dozero.aoreal para aprender o caminho sem promessa falsa.,#dozeroaoreal #rendacomhonestidade #infoproduto #marketingdigital #faceless #rendaextra #kiwify #conteudodigital,"Sequencia de 3 stories: 1) pergunta/enquete, 2) dica curta, 3) CTA para link da bio/check-out.",Pendente,Agendar no Meta Business Suite. Revisar arte antes de publicar.
2026-11-16,segunda,19:00,Evergreen de trafego,Semana 14,Post estatico,Jornada,Comecar sem aparecer tambem e uma escolha valida,Comecar sem aparecer tambem e uma escolha valida,"Nem todo bastidor e bonito, mas e nele que o negocio comeca a ficar real.

Tema de hoje: Comecar sem aparecer tambem e uma escolha valida.

Nao e sobre fingir que esta tudo pronto. E sobre documentar o processo e continuar mesmo quando ainda falta lapidar.

A vantagem de comecar pequeno e que voce consegue corrigir rapido, sem depender de equipe, estudio ou orcamento.

Feito com honestidade ainda vence muita ideia perfeita que nunca sai do papel.

Se voce tambem esta comecando, acompanha a jornada no @dozero.aoreal.

#dozeroaoreal #rendacomhonestidade #infoproduto #marketingdigital #faceless #rendaextra #kiwify #conteudodigital","Se voce tambem esta comecando, acompanha a jornada no @dozero.aoreal.",#dozeroaoreal #rendacomhonestidade #infoproduto #marketingdigital #faceless #rendaextra #kiwify #conteudodigital,"Card simples: titulo, subtitulo e elemento visual lima. Visual limpo, sem poluicao.",Pendente,Agendar no Meta Business Suite. Revisar arte antes de publicar.
2026-11-17,terca,19:30,Evergreen de trafego,Semana 14,Carrossel,Conexao,A vergonha de comecar pequeno trava mais do que a falta de ferramenta,A vergonha de comecar pequeno trava mais do que a falta de ferramenta,"Voce nao precisa parecer expert para dar o primeiro passo com honestidade.

Tema de hoje: A vergonha de comecar pequeno trava mais do que a falta de ferramenta.

Se o seu ponto de partida parece ruim, isso nao te elimina. So define qual e o proximo passo.

Voce pode comecar sem aparecer, sem equipamento caro e sem discurso de guru.

O que nao da e esperar coragem infinita para fazer a primeira publicacao.

Comenta ""REAL"" se voce quer comecar do jeito possivel, nao do jeito perfeito.

#dozeroaoreal #rendacomhonestidade #infoproduto #marketingdigital #faceless #rendaextra #kiwify #conteudodigital","Comenta ""REAL"" se voce quer comecar do jeito possivel, nao do jeito perfeito.",#dozeroaoreal #rendacomhonestidade #infoproduto #marketingdigital #faceless #rendaextra #kiwify #conteudodigital,"Slide 1: ""antes de comecar..."" Slides 2-5: erros/ajustes. Ultimo slide: convite para o guia.",Pendente,Agendar no Meta Business Suite. Revisar arte antes de publicar.
2026-11-18,quarta,20:15,Evergreen de trafego,Semana 14,Reels,Bastidores / prova honesta,Por que nao uso depoimento falso nem print inventado,Por que nao uso depoimento falso nem print inventado,"Um bastidor importante: esse projeto nao usa promessa de resultado garantido.

Tema de hoje: Por que nao uso depoimento falso nem print inventado.

O conteudo foi pensado para ensinar a estrutura: plataformas, conteudo faceless, copy, organizacao e checklist de acao.

Sem depoimento inventado. Sem print falso. Sem ""ganhe X por dia"". A ideia e ser util sem vender ilusao.

Isso deixa a promessa menor -- e a entrega mais limpa.

Quer ver o mapa completo? O Guia Do Zero ao Real esta no link da bio.

#dozeroaoreal #rendacomhonestidade #infoproduto #marketingdigital #faceless #rendaextra #kiwify #conteudodigital",Quer ver o mapa completo? O Guia Do Zero ao Real esta no link da bio.,#dozeroaoreal #rendacomhonestidade #infoproduto #marketingdigital #faceless #rendaextra #kiwify #conteudodigital,"Video faceless com texto na tela, cortes rapidos e b-roll simples de computador/celular. Sem aparecer. Narrativa opcional ou audio em alta baixo.",Pendente,Agendar no Meta Business Suite. Revisar arte antes de publicar.
2026-11-19,quinta,12:30,Evergreen de trafego,Semana 14,Stories,Venda direta honesta,O que voce recebe dentro do Do Zero ao Real,O que voce recebe dentro do Do Zero ao Real,"Se voce quer comecar, mas sempre trava na proxima etapa, esse guia pode te ajudar.

Tema de hoje: O que voce recebe dentro do Do Zero ao Real.

Dentro dele voce encontra fundamentos, cadastro em plataformas, conteudo faceless, noes de copy e organizacao financeira basica.

Nao e uma formula magica. E um roteiro para parar de ficar perdido na primeira tela.

Voce olha, aplica no seu ritmo e decide se faz sentido. Tem garantia de 7 dias conforme o checkout.

Para comecar com um passo a passo organizado, acesse o guia pelo link da bio.

#dozeroaoreal #rendacomhonestidade #infoproduto #marketingdigital #faceless #rendaextra #kiwify #conteudodigital","Para comecar com um passo a passo organizado, acesse o guia pelo link da bio.",#dozeroaoreal #rendacomhonestidade #infoproduto #marketingdigital #faceless #rendaextra #kiwify #conteudodigital,"Story unico com bastidor + caixa de pergunta: ""qual etapa mais te trava?"".",Pendente,Agendar no Meta Business Suite. Revisar arte antes de publicar.
2026-11-20,sexta,19:00,Evergreen de trafego,Semana 14,Post estatico,Educativo,Como usar prova honesta mesmo sem depoimentos ainda,Como usar prova honesta mesmo sem depoimentos ainda,"Antes de pensar em vender, voce precisa entender o caminho basico.

Tema de hoje: Como usar prova honesta mesmo sem depoimentos ainda.

Pensa nisso como uma escada: primeiro voce entende a base, depois monta a estrutura, depois publica, depois ajusta.

Quando voce pula etapas, tudo parece confuso e qualquer ferramenta vira desculpa para travar.

A meta aqui e fazer o simples bem feito: um produto claro, uma oferta honesta e conteudo constante.

Salva esse post e segue o @dozero.aoreal para aprender o caminho sem promessa falsa.

#dozeroaoreal #rendacomhonestidade #infoproduto #marketingdigital #faceless #rendaextra #kiwify #conteudodigital",Salva esse post e segue o @dozero.aoreal para aprender o caminho sem promessa falsa.,#dozeroaoreal #rendacomhonestidade #infoproduto #marketingdigital #faceless #rendaextra #kiwify #conteudodigital,"Print/nota visual estilo checklist, com 3 bullets curtos.",Pendente,Agendar no Meta Business Suite. Revisar arte antes de publicar.
2026-11-21,sabado,19:30,Evergreen de trafego,Semana 14,Carrossel,Jornada,O dia em que eu percebi que precisava parar de esperar estar pronto,O dia em que eu percebi que precisava parar de esperar estar pronto,"Esse projeto nasceu do jeito que muita gente comeca: sem estrutura perfeita.

Tema de hoje: O dia em que eu percebi que precisava parar de esperar estar pronto.

Nao e sobre fingir que esta tudo pronto. E sobre documentar o processo e continuar mesmo quando ainda falta lapidar.

A vantagem de comecar pequeno e que voce consegue corrigir rapido, sem depender de equipe, estudio ou orcamento.

Feito com honestidade ainda vence muita ideia perfeita que nunca sai do papel.

Se voce tambem esta comecando, acompanha a jornada no @dozero.aoreal.

#dozeroaoreal #rendacomhonestidade #infoproduto #marketingdigital #faceless #rendaextra #kiwify #conteudodigital","Se voce tambem esta comecando, acompanha a jornada no @dozero.aoreal.",#dozeroaoreal #rendacomhonestidade #infoproduto #marketingdigital #faceless #rendaextra #kiwify #conteudodigital,Slide 1: titulo forte com fundo verde-noturno e palavra REAL em lima. Slides 2-6: um ponto por slide. Ultimo slide: CTA para ver o guia no link da bio.,Pendente,Agendar no Meta Business Suite. Revisar arte antes de publicar.
2026-11-22,domingo,20:15,Evergreen de trafego,Semana 14,Reels,Conexao,Voce nao precisa virar guru para vender algo util,Voce nao precisa virar guru para vender algo util,"Tem muita gente vendendo uma vida perfeita. Aqui a conversa e outra.

Tema de hoje: Voce nao precisa virar guru para vender algo util.

Se o seu ponto de partida parece ruim, isso nao te elimina. So define qual e o proximo passo.

Voce pode comecar sem aparecer, sem equipamento caro e sem discurso de guru.

O que nao da e esperar coragem infinita para fazer a primeira publicacao.

Comenta ""REAL"" se voce quer comecar do jeito possivel, nao do jeito perfeito.

#dozeroaoreal #rendacomhonestidade #infoproduto #marketingdigital #faceless #rendaextra #kiwify #conteudodigital","Comenta ""REAL"" se voce quer comecar do jeito possivel, nao do jeito perfeito.",#dozeroaoreal #rendacomhonestidade #infoproduto #marketingdigital #faceless #rendaextra #kiwify #conteudodigital,"Tela gravada mostrando checklist/rotina, com legendas grandes e ritmo rapido. Encerrar com CTA na bio.",Pendente,Agendar no Meta Business Suite. Revisar arte antes de publicar.
2026-11-23,segunda,12:30,Evergreen de trafego,Semana 15,Stories,Bastidores / prova honesta,Bastidor: o produto foi feito para quem precisa de clareza,Bastidor: o produto foi feito para quem precisa de clareza,"A construcao foi pensada para quem precisa sair da confusao e ir para um passo a passo.

Tema de hoje: Bastidor: o produto foi feito para quem precisa de clareza.

O conteudo foi pensado para ensinar a estrutura: plataformas, conteudo faceless, copy, organizacao e checklist de acao.

Sem depoimento inventado. Sem print falso. Sem ""ganhe X por dia"". A ideia e ser util sem vender ilusao.

Isso deixa a promessa menor -- e a entrega mais limpa.

Quer ver o mapa completo? O Guia Do Zero ao Real esta no link da bio.

#dozeroaoreal #rendacomhonestidade #infoproduto #marketingdigital #faceless #rendaextra #kiwify #conteudodigital",Quer ver o mapa completo? O Guia Do Zero ao Real esta no link da bio.,#dozeroaoreal #rendacomhonestidade #infoproduto #marketingdigital #faceless #rendaextra #kiwify #conteudodigital,"Antes/depois conceitual: ""antes: perdido / depois: com checklist"". CTA discreto.",Pendente,Agendar no Meta Business Suite. Revisar arte antes de publicar.
2026-11-24,terca,19:00,Evergreen de trafego,Semana 15,Post estatico,Venda direta honesta,"Por que R$49,99 compra clareza, nao promessa de dinheiro","Por que R$49,99 compra clareza, nao promessa de dinheiro","O Guia Do Zero ao Real nao promete renda automatica. Ele entrega organizacao.

Tema de hoje: Por que R$49,99 compra clareza, nao promessa de dinheiro.

Dentro dele voce encontra fundamentos, cadastro em plataformas, conteudo faceless, noes de copy e organizacao financeira basica.

Nao e uma formula magica. E um roteiro para parar de ficar perdido na primeira tela.

Voce olha, aplica no seu ritmo e decide se faz sentido. Tem garantia de 7 dias conforme o checkout.

Para comecar com um passo a passo organizado, acesse o guia pelo link da bio.

#dozeroaoreal #rendacomhonestidade #infoproduto #marketingdigital #faceless #rendaextra #kiwify #conteudodigital","Para comecar com um passo a passo organizado, acesse o guia pelo link da bio.",#dozeroaoreal #rendacomhonestidade #infoproduto #marketingdigital #faceless #rendaextra #kiwify #conteudodigital,"Imagem unica com frase forte central, logo discreta e CTA na legenda.",Pendente,Agendar no Meta Business Suite. Revisar arte antes de publicar.
2026-11-25,quarta,19:30,Evergreen de trafego,Semana 15,Carrossel,Educativo,3 erros de quem comeca no marketing digital sem direcao,3 erros de quem comeca no marketing digital sem direcao,"O problema nao e so falta de vontade. Muitas vezes e falta de ordem.

Tema de hoje: 3 erros de quem comeca no marketing digital sem direcao.

Pensa nisso como uma escada: primeiro voce entende a base, depois monta a estrutura, depois publica, depois ajusta.

Quando voce pula etapas, tudo parece confuso e qualquer ferramenta vira desculpa para travar.

A meta aqui e fazer o simples bem feito: um produto claro, uma oferta honesta e conteudo constante.

Salva esse post e segue o @dozero.aoreal para aprender o caminho sem promessa falsa.

#dozeroaoreal #rendacomhonestidade #infoproduto #marketingdigital #faceless #rendaextra #kiwify #conteudodigital",Salva esse post e segue o @dozero.aoreal para aprender o caminho sem promessa falsa.,#dozeroaoreal #rendacomhonestidade #infoproduto #marketingdigital #faceless #rendaextra #kiwify #conteudodigital,"Slide 1: pergunta direta. Slides seguintes: resposta em passos curtos. Ultimo slide: ""salva para fazer depois"".",Pendente,Agendar no Meta Business Suite. Revisar arte antes de publicar.
2026-11-26,quinta,20:15,Evergreen de trafego,Semana 15,Reels,Jornada,O que mudou quando eu organizei o projeto em etapas,O que mudou quando eu organizei o projeto em etapas,"O comeco nao precisa ser impressionante. Precisa existir.

Tema de hoje: O que mudou quando eu organizei o projeto em etapas.

Nao e sobre fingir que esta tudo pronto. E sobre documentar o processo e continuar mesmo quando ainda falta lapidar.

A vantagem de comecar pequeno e que voce consegue corrigir rapido, sem depender de equipe, estudio ou orcamento.

Feito com honestidade ainda vence muita ideia perfeita que nunca sai do papel.

Se voce tambem esta comecando, acompanha a jornada no @dozero.aoreal.

#dozeroaoreal #rendacomhonestidade #infoproduto #marketingdigital #faceless #rendaextra #kiwify #conteudodigital","Se voce tambem esta comecando, acompanha a jornada no @dozero.aoreal.",#dozeroaoreal #rendacomhonestidade #infoproduto #marketingdigital #faceless #rendaextra #kiwify #conteudodigital,"Reels silencioso com frases em tela e musica tendencia. 5 cenas, 2 segundos cada.",Pendente,Agendar no Meta Business Suite. Revisar arte antes de publicar.
2026-11-27,sexta,12:30,Evergreen de trafego,Semana 15,Stories,Conexao,O medo de errar nao pode ser maior que a vontade de sair do lugar,O medo de errar nao pode ser maior que a vontade de sair do lugar,"Se voce esta tentando comecar e sente que esta atrasado, respira.

Tema de hoje: O medo de errar nao pode ser maior que a vontade de sair do lugar.

Se o seu ponto de partida parece ruim, isso nao te elimina. So define qual e o proximo passo.

Voce pode comecar sem aparecer, sem equipamento caro e sem discurso de guru.

O que nao da e esperar coragem infinita para fazer a primeira publicacao.

Comenta ""REAL"" se voce quer comecar do jeito possivel, nao do jeito perfeito.

#dozeroaoreal #rendacomhonestidade #infoproduto #marketingdigital #faceless #rendaextra #kiwify #conteudodigital","Comenta ""REAL"" se voce quer comecar do jeito possivel, nao do jeito perfeito.",#dozeroaoreal #rendacomhonestidade #infoproduto #marketingdigital #faceless #rendaextra #kiwify #conteudodigital,"Sequencia de 3 stories: 1) pergunta/enquete, 2) dica curta, 3) CTA para link da bio/check-out.",Pendente,Agendar no Meta Business Suite. Revisar arte antes de publicar.
2026-11-28,sabado,19:00,Evergreen de trafego,Semana 15,Post estatico,Bastidores / prova honesta,O que entra no guia e por que isso importa para iniciantes,O que entra no guia e por que isso importa para iniciantes,"Por tras do guia existe uma escolha simples: clareza antes de hype.

Tema de hoje: O que entra no guia e por que isso importa para iniciantes.

O conteudo foi pensado para ensinar a estrutura: plataformas, conteudo faceless, copy, organizacao e checklist de acao.

Sem depoimento inventado. Sem print falso. Sem ""ganhe X por dia"". A ideia e ser util sem vender ilusao.

Isso deixa a promessa menor -- e a entrega mais limpa.

Quer ver o mapa completo? O Guia Do Zero ao Real esta no link da bio.

#dozeroaoreal #rendacomhonestidade #infoproduto #marketingdigital #faceless #rendaextra #kiwify #conteudodigital",Quer ver o mapa completo? O Guia Do Zero ao Real esta no link da bio.,#dozeroaoreal #rendacomhonestidade #infoproduto #marketingdigital #faceless #rendaextra #kiwify #conteudodigital,"Card simples: titulo, subtitulo e elemento visual lima. Visual limpo, sem poluicao.",Pendente,Agendar no Meta Business Suite. Revisar arte antes de publicar.
2026-11-29,domingo,19:30,Evergreen de trafego,Semana 15,Carrossel,Venda direta honesta,Antes de comprar: para quem esse guia serve e para quem nao serve,Antes de comprar: para quem esse guia serve e para quem nao serve,"A proposta e simples: um mapa pratico para quem esta comecando sem nada.

Tema de hoje: Antes de comprar: para quem esse guia serve e para quem nao serve.

Dentro dele voce encontra fundamentos, cadastro em plataformas, conteudo faceless, noes de copy e organizacao financeira basica.

Nao e uma formula magica. E um roteiro para parar de ficar perdido na primeira tela.

Voce olha, aplica no seu ritmo e decide se faz sentido. Tem garantia de 7 dias conforme o checkout.

Para comecar com um passo a passo organizado, acesse o guia pelo link da bio.

#dozeroaoreal #rendacomhonestidade #infoproduto #marketingdigital #faceless #rendaextra #kiwify #conteudodigital","Para comecar com um passo a passo organizado, acesse o guia pelo link da bio.",#dozeroaoreal #rendacomhonestidade #infoproduto #marketingdigital #faceless #rendaextra #kiwify #conteudodigital,"Slide 1: ""antes de comecar..."" Slides 2-5: erros/ajustes. Ultimo slide: convite para o guia.",Pendente,Agendar no Meta Business Suite. Revisar arte antes de publicar.
2026-11-30,segunda,20:15,Evergreen de trafego,Semana 16,Reels,Educativo,O que e um infoproduto explicado sem enrolacao,O que e um infoproduto explicado sem enrolacao,"Comecar do zero fica mais dificil quando voce tenta aprender tudo ao mesmo tempo.

Tema de hoje: O que e um infoproduto explicado sem enrolacao.

Pensa nisso como uma escada: primeiro voce entende a base, depois monta a estrutura, depois publica, depois ajusta.

Quando voce pula etapas, tudo parece confuso e qualquer ferramenta vira desculpa para travar.

A meta aqui e fazer o simples bem feito: um produto claro, uma oferta honesta e conteudo constante.

Salva esse post e segue o @dozero.aoreal para aprender o caminho sem promessa falsa.

#dozeroaoreal #rendacomhonestidade #infoproduto #marketingdigital #faceless #rendaextra #kiwify #conteudodigital",Salva esse post e segue o @dozero.aoreal para aprender o caminho sem promessa falsa.,#dozeroaoreal #rendacomhonestidade #infoproduto #marketingdigital #faceless #rendaextra #kiwify #conteudodigital,"Video faceless com texto na tela, cortes rapidos e b-roll simples de computador/celular. Sem aparecer. Narrativa opcional ou audio em alta baixo.",Pendente,Agendar no Meta Business Suite. Revisar arte antes de publicar.
2026-12-01,terca,12:30,Evergreen de trafego,Semana 16,Stories,Jornada,Por que documentar o processo ajuda mais do que fingir perfeicao,Por que documentar o processo ajuda mais do que fingir perfeicao,"Nem todo bastidor e bonito, mas e nele que o negocio comeca a ficar real.

Tema de hoje: Por que documentar o processo ajuda mais do que fingir perfeicao.

Nao e sobre fingir que esta tudo pronto. E sobre documentar o processo e continuar mesmo quando ainda falta lapidar.

A vantagem de comecar pequeno e que voce consegue corrigir rapido, sem depender de equipe, estudio ou orcamento.

Feito com honestidade ainda vence muita ideia perfeita que nunca sai do papel.

Se voce tambem esta comecando, acompanha a jornada no @dozero.aoreal.

#dozeroaoreal #rendacomhonestidade #infoproduto #marketingdigital #faceless #rendaextra #kiwify #conteudodigital","Se voce tambem esta comecando, acompanha a jornada no @dozero.aoreal.",#dozeroaoreal #rendacomhonestidade #infoproduto #marketingdigital #faceless #rendaextra #kiwify #conteudodigital,"Story unico com bastidor + caixa de pergunta: ""qual etapa mais te trava?"".",Pendente,Agendar no Meta Business Suite. Revisar arte antes de publicar.
2026-12-02,quarta,19:00,Evergreen de trafego,Semana 16,Post estatico,Conexao,O comeco parece feio porque ainda e comeco,O comeco parece feio porque ainda e comeco,"Voce nao precisa parecer expert para dar o primeiro passo com honestidade.

Tema de hoje: O comeco parece feio porque ainda e comeco.

Se o seu ponto de partida parece ruim, isso nao te elimina. So define qual e o proximo passo.

Voce pode comecar sem aparecer, sem equipamento caro e sem discurso de guru.

O que nao da e esperar coragem infinita para fazer a primeira publicacao.

Comenta ""REAL"" se voce quer comecar do jeito possivel, nao do jeito perfeito.

#dozeroaoreal #rendacomhonestidade #infoproduto #marketingdigital #faceless #rendaextra #kiwify #conteudodigital","Comenta ""REAL"" se voce quer comecar do jeito possivel, nao do jeito perfeito.",#dozeroaoreal #rendacomhonestidade #infoproduto #marketingdigital #faceless #rendaextra #kiwify #conteudodigital,"Print/nota visual estilo checklist, com 3 bullets curtos.",Pendente,Agendar no Meta Business Suite. Revisar arte antes de publicar.
2026-12-03,quinta,19:30,Evergreen de trafego,Semana 16,Carrossel,Bastidores / prova honesta,Como transformei duvidas comuns em capitulos praticos,Como transformei duvidas comuns em capitulos praticos,"Um bastidor importante: esse projeto nao usa promessa de resultado garantido.

Tema de hoje: Como transformei duvidas comuns em capitulos praticos.

O conteudo foi pensado para ensinar a estrutura: plataformas, conteudo faceless, copy, organizacao e checklist de acao.

Sem depoimento inventado. Sem print falso. Sem ""ganhe X por dia"". A ideia e ser util sem vender ilusao.

Isso deixa a promessa menor -- e a entrega mais limpa.

Quer ver o mapa completo? O Guia Do Zero ao Real esta no link da bio.

#dozeroaoreal #rendacomhonestidade #infoproduto #marketingdigital #faceless #rendaextra #kiwify #conteudodigital",Quer ver o mapa completo? O Guia Do Zero ao Real esta no link da bio.,#dozeroaoreal #rendacomhonestidade #infoproduto #marketingdigital #faceless #rendaextra #kiwify #conteudodigital,Slide 1: titulo forte com fundo verde-noturno e palavra REAL em lima. Slides 2-6: um ponto por slide. Ultimo slide: CTA para ver o guia no link da bio.,Pendente,Agendar no Meta Business Suite. Revisar arte antes de publicar.
2026-12-04,sexta,20:15,Evergreen de trafego,Semana 16,Reels,Venda direta honesta,"O guia nao faz por voce, mas te mostra o caminho com ordem","O guia nao faz por voce, mas te mostra o caminho com ordem","Se voce quer comecar, mas sempre trava na proxima etapa, esse guia pode te ajudar.

Tema de hoje: O guia nao faz por voce, mas te mostra o caminho com ordem.

Dentro dele voce encontra fundamentos, cadastro em plataformas, conteudo faceless, noes de copy e organizacao financeira basica.

Nao e uma formula magica. E um roteiro para parar de ficar perdido na primeira tela.

Voce olha, aplica no seu ritmo e decide se faz sentido. Tem garantia de 7 dias conforme o checkout.

Para comecar com um passo a passo organizado, acesse o guia pelo link da bio.

#dozeroaoreal #rendacomhonestidade #infoproduto #marketingdigital #faceless #rendaextra #kiwify #conteudodigital","Para comecar com um passo a passo organizado, acesse o guia pelo link da bio.",#dozeroaoreal #rendacomhonestidade #infoproduto #marketingdigital #faceless #rendaextra #kiwify #conteudodigital,"Tela gravada mostrando checklist/rotina, com legendas grandes e ritmo rapido. Encerrar com CTA na bio.",Pendente,Agendar no Meta Business Suite. Revisar arte antes de publicar.
2026-12-05,sabado,12:30,Evergreen de trafego,Semana 16,Stories,Educativo,Por que comecar pequeno e melhor do que esperar o plano perfeito,Por que comecar pequeno e melhor do que esperar o plano perfeito,"Antes de pensar em vender, voce precisa entender o caminho basico.

Tema de hoje: Por que comecar pequeno e melhor do que esperar o plano perfeito.

Pensa nisso como uma escada: primeiro voce entende a base, depois monta a estrutura, depois publica, depois ajusta.

Quando voce pula etapas, tudo parece confuso e qualquer ferramenta vira desculpa para travar.

A meta aqui e fazer o simples bem feito: um produto claro, uma oferta honesta e conteudo constante.

Salva esse post e segue o @dozero.aoreal para aprender o caminho sem promessa falsa.

#dozeroaoreal #rendacomhonestidade #infoproduto #marketingdigital #faceless #rendaextra #kiwify #conteudodigital",Salva esse post e segue o @dozero.aoreal para aprender o caminho sem promessa falsa.,#dozeroaoreal #rendacomhonestidade #infoproduto #marketingdigital #faceless #rendaextra #kiwify #conteudodigital,"Antes/depois conceitual: ""antes: perdido / depois: com checklist"". CTA discreto.",Pendente,Agendar no Meta Business Suite. Revisar arte antes de publicar.
2026-12-06,domingo,19:00,Evergreen de trafego,Semana 16,Post estatico,Jornada,Bastidor real: fazer simples para conseguir terminar,Bastidor real: fazer simples para conseguir terminar,"Esse projeto nasceu do jeito que muita gente comeca: sem estrutura perfeita.

Tema de hoje: Bastidor real: fazer simples para conseguir terminar.

Nao e sobre fingir que esta tudo pronto. E sobre documentar o processo e continuar mesmo quando ainda falta lapidar.

A vantagem de comecar pequeno e que voce consegue corrigir rapido, sem depender de equipe, estudio ou orcamento.

Feito com honestidade ainda vence muita ideia perfeita que nunca sai do papel.

Se voce tambem esta comecando, acompanha a jornada no @dozero.aoreal.

#dozeroaoreal #rendacomhonestidade #infoproduto #marketingdigital #faceless #rendaextra #kiwify #conteudodigital","Se voce tambem esta comecando, acompanha a jornada no @dozero.aoreal.",#dozeroaoreal #rendacomhonestidade #infoproduto #marketingdigital #faceless #rendaextra #kiwify #conteudodigital,"Imagem unica com frase forte central, logo discreta e CTA na legenda.",Pendente,Agendar no Meta Business Suite. Revisar arte antes de publicar.
2026-12-07,segunda,19:30,Evergreen de trafego,Semana 17,Carrossel,Conexao,Faceless nao e se esconder; e escolher um formato possivel,Faceless nao e se esconder; e escolher um formato possivel,"Tem muita gente vendendo uma vida perfeita. Aqui a conversa e outra.

Tema de hoje: Faceless nao e se esconder; e escolher um formato possivel.

Se o seu ponto de partida parece ruim, isso nao te elimina. So define qual e o proximo passo.

Voce pode comecar sem aparecer, sem equipamento caro e sem discurso de guru.

O que nao da e esperar coragem infinita para fazer a primeira publicacao.

Comenta ""REAL"" se voce quer comecar do jeito possivel, nao do jeito perfeito.

#dozeroaoreal #rendacomhonestidade #infoproduto #marketingdigital #faceless #rendaextra #kiwify #conteudodigital","Comenta ""REAL"" se voce quer comecar do jeito possivel, nao do jeito perfeito.",#dozeroaoreal #rendacomhonestidade #infoproduto #marketingdigital #faceless #rendaextra #kiwify #conteudodigital,"Slide 1: pergunta direta. Slides seguintes: resposta em passos curtos. Ultimo slide: ""salva para fazer depois"".",Pendente,Agendar no Meta Business Suite. Revisar arte antes de publicar.
2026-12-08,terca,20:15,Evergreen de trafego,Semana 17,Reels,Bastidores / prova honesta,"Por que a garantia existe, mas o esforco continua sendo seu","Por que a garantia existe, mas o esforco continua sendo seu","A construcao foi pensada para quem precisa sair da confusao e ir para um passo a passo.

Tema de hoje: Por que a garantia existe, mas o esforco continua sendo seu.

O conteudo foi pensado para ensinar a estrutura: plataformas, conteudo faceless, copy, organizacao e checklist de acao.

Sem depoimento inventado. Sem print falso. Sem ""ganhe X por dia"". A ideia e ser util sem vender ilusao.

Isso deixa a promessa menor -- e a entrega mais limpa.

Quer ver o mapa completo? O Guia Do Zero ao Real esta no link da bio.

#dozeroaoreal #rendacomhonestidade #infoproduto #marketingdigital #faceless #rendaextra #kiwify #conteudodigital",Quer ver o mapa completo? O Guia Do Zero ao Real esta no link da bio.,#dozeroaoreal #rendacomhonestidade #infoproduto #marketingdigital #faceless #rendaextra #kiwify #conteudodigital,"Reels silencioso com frases em tela e musica tendencia. 5 cenas, 2 segundos cada.",Pendente,Agendar no Meta Business Suite. Revisar arte antes de publicar.
2026-12-09,quarta,12:30,Evergreen de trafego,Semana 17,Stories,Venda direta honesta,7 dias de garantia para voce olhar com calma,7 dias de garantia para voce olhar com calma,"O Guia Do Zero ao Real nao promete renda automatica. Ele entrega organizacao.

Tema de hoje: 7 dias de garantia para voce olhar com calma.

Dentro dele voce encontra fundamentos, cadastro em plataformas, conteudo faceless, noes de copy e organizacao financeira basica.

Nao e uma formula magica. E um roteiro para parar de ficar perdido na primeira tela.

Voce olha, aplica no seu ritmo e decide se faz sentido. Tem garantia de 7 dias conforme o checkout.

Para comecar com um passo a passo organizado, acesse o guia pelo link da bio.

#dozeroaoreal #rendacomhonestidade #infoproduto #marketingdigital #faceless #rendaextra #kiwify #conteudodigital","Para comecar com um passo a passo organizado, acesse o guia pelo link da bio.",#dozeroaoreal #rendacomhonestidade #infoproduto #marketingdigital #faceless #rendaextra #kiwify #conteudodigital,"Sequencia de 3 stories: 1) pergunta/enquete, 2) dica curta, 3) CTA para link da bio/check-out.",Pendente,Agendar no Meta Business Suite. Revisar arte antes de publicar.
2026-12-10,quinta,19:00,Evergreen de trafego,Semana 17,Post estatico,Educativo,Como escolher uma plataforma sem travar na comparacao,Como escolher uma plataforma sem travar na comparacao,"O problema nao e so falta de vontade. Muitas vezes e falta de ordem.

Tema de hoje: Como escolher uma plataforma sem travar na comparacao.

Pensa nisso como uma escada: primeiro voce entende a base, depois monta a estrutura, depois publica, depois ajusta.

Quando voce pula etapas, tudo parece confuso e qualquer ferramenta vira desculpa para travar.

A meta aqui e fazer o simples bem feito: um produto claro, uma oferta honesta e conteudo constante.

Salva esse post e segue o @dozero.aoreal para aprender o caminho sem promessa falsa.

#dozeroaoreal #rendacomhonestidade #infoproduto #marketingdigital #faceless #rendaextra #kiwify #conteudodigital",Salva esse post e segue o @dozero.aoreal para aprender o caminho sem promessa falsa.,#dozeroaoreal #rendacomhonestidade #infoproduto #marketingdigital #faceless #rendaextra #kiwify #conteudodigital,"Card simples: titulo, subtitulo e elemento visual lima. Visual limpo, sem poluicao.",Pendente,Agendar no Meta Business Suite. Revisar arte antes de publicar.
2026-12-11,sexta,19:30,Evergreen de trafego,Semana 17,Carrossel,Jornada,A diferenca entre estar perdido e estar no comeco,A diferenca entre estar perdido e estar no comeco,"O comeco nao precisa ser impressionante. Precisa existir.

Tema de hoje: A diferenca entre estar perdido e estar no comeco.

Nao e sobre fingir que esta tudo pronto. E sobre documentar o processo e continuar mesmo quando ainda falta lapidar.

A vantagem de comecar pequeno e que voce consegue corrigir rapido, sem depender de equipe, estudio ou orcamento.

Feito com honestidade ainda vence muita ideia perfeita que nunca sai do papel.

Se voce tambem esta comecando, acompanha a jornada no @dozero.aoreal.

#dozeroaoreal #rendacomhonestidade #infoproduto #marketingdigital #faceless #rendaextra #kiwify #conteudodigital","Se voce tambem esta comecando, acompanha a jornada no @dozero.aoreal.",#dozeroaoreal #rendacomhonestidade #infoproduto #marketingdigital #faceless #rendaextra #kiwify #conteudodigital,"Slide 1: ""antes de comecar..."" Slides 2-5: erros/ajustes. Ultimo slide: convite para o guia.",Pendente,Agendar no Meta Business Suite. Revisar arte antes de publicar.
2026-12-12,sabado,20:15,Evergreen de trafego,Semana 17,Reels,Conexao,O plano perfeito muitas vezes e so procrastinacao com nome bonito,O plano perfeito muitas vezes e so procrastinacao com nome bonito,"Se voce esta tentando comecar e sente que esta atrasado, respira.

Tema de hoje: O plano perfeito muitas vezes e so procrastinacao com nome bonito.

Se o seu ponto de partida parece ruim, isso nao te elimina. So define qual e o proximo passo.

Voce pode comecar sem aparecer, sem equipamento caro e sem discurso de guru.

O que nao da e esperar coragem infinita para fazer a primeira publicacao.

Comenta ""REAL"" se voce quer comecar do jeito possivel, nao do jeito perfeito.

#dozeroaoreal #rendacomhonestidade #infoproduto #marketingdigital #faceless #rendaextra #kiwify #conteudodigital","Comenta ""REAL"" se voce quer comecar do jeito possivel, nao do jeito perfeito.",#dozeroaoreal #rendacomhonestidade #infoproduto #marketingdigital #faceless #rendaextra #kiwify #conteudodigital,"Video faceless com texto na tela, cortes rapidos e b-roll simples de computador/celular. Sem aparecer. Narrativa opcional ou audio em alta baixo.",Pendente,Agendar no Meta Business Suite. Revisar arte antes de publicar.
2026-12-13,domingo,12:30,Evergreen de trafego,Semana 17,Stories,Bastidores / prova honesta,"Bastidor da VSL: direto ao ponto, sem teatro de riqueza","Bastidor da VSL: direto ao ponto, sem teatro de riqueza","Por tras do guia existe uma escolha simples: clareza antes de hype.

Tema de hoje: Bastidor da VSL: direto ao ponto, sem teatro de riqueza.

O conteudo foi pensado para ensinar a estrutura: plataformas, conteudo faceless, copy, organizacao e checklist de acao.

Sem depoimento inventado. Sem print falso. Sem ""ganhe X por dia"". A ideia e ser util sem vender ilusao.

Isso deixa a promessa menor -- e a entrega mais limpa.

Quer ver o mapa completo? O Guia Do Zero ao Real esta no link da bio.

#dozeroaoreal #rendacomhonestidade #infoproduto #marketingdigital #faceless #rendaextra #kiwify #conteudodigital",Quer ver o mapa completo? O Guia Do Zero ao Real esta no link da bio.,#dozeroaoreal #rendacomhonestidade #infoproduto #marketingdigital #faceless #rendaextra #kiwify #conteudodigital,"Story unico com bastidor + caixa de pergunta: ""qual etapa mais te trava?"".",Pendente,Agendar no Meta Business Suite. Revisar arte antes de publicar.
2026-12-14,segunda,19:00,Evergreen de trafego,Semana 18,Post estatico,Venda direta honesta,Quer comecar hoje? O checkout esta na bio,Quer comecar hoje? O checkout esta na bio,"A proposta e simples: um mapa pratico para quem esta comecando sem nada.

Tema de hoje: Quer comecar hoje? O checkout esta na bio.

Dentro dele voce encontra fundamentos, cadastro em plataformas, conteudo faceless, noes de copy e organizacao financeira basica.

Nao e uma formula magica. E um roteiro para parar de ficar perdido na primeira tela.

Voce olha, aplica no seu ritmo e decide se faz sentido. Tem garantia de 7 dias conforme o checkout.

Para comecar com um passo a passo organizado, acesse o guia pelo link da bio.

#dozeroaoreal #rendacomhonestidade #infoproduto #marketingdigital #faceless #rendaextra #kiwify #conteudodigital","Para comecar com um passo a passo organizado, acesse o guia pelo link da bio.",#dozeroaoreal #rendacomhonestidade #infoproduto #marketingdigital #faceless #rendaextra #kiwify #conteudodigital,"Print/nota visual estilo checklist, com 3 bullets curtos.",Pendente,Agendar no Meta Business Suite. Revisar arte antes de publicar.
2026-12-15,terca,19:30,Evergreen de trafego,Semana 18,Carrossel,Educativo,A diferenca entre conteudo que ensina e conteudo que so ocupa espaco,A diferenca entre conteudo que ensina e conteudo que so ocupa espaco,"Comecar do zero fica mais dificil quando voce tenta aprender tudo ao mesmo tempo.

Tema de hoje: A diferenca entre conteudo que ensina e conteudo que so ocupa espaco.

Pensa nisso como uma escada: primeiro voce entende a base, depois monta a estrutura, depois publica, depois ajusta.

Quando voce pula etapas, tudo parece confuso e qualquer ferramenta vira desculpa para travar.

A meta aqui e fazer o simples bem feito: um produto claro, uma oferta honesta e conteudo constante.

Salva esse post e segue o @dozero.aoreal para aprender o caminho sem promessa falsa.

#dozeroaoreal #rendacomhonestidade #infoproduto #marketingdigital #faceless #rendaextra #kiwify #conteudodigital",Salva esse post e segue o @dozero.aoreal para aprender o caminho sem promessa falsa.,#dozeroaoreal #rendacomhonestidade #infoproduto #marketingdigital #faceless #rendaextra #kiwify #conteudodigital,Slide 1: titulo forte com fundo verde-noturno e palavra REAL em lima. Slides 2-6: um ponto por slide. Ultimo slide: CTA para ver o guia no link da bio.,Pendente,Agendar no Meta Business Suite. Revisar arte antes de publicar.
2026-12-16,quarta,20:15,Evergreen de trafego,Semana 18,Reels,Jornada,O que eu faria se estivesse comecando hoje sem dinheiro para investir,O que eu faria se estivesse comecando hoje sem dinheiro para investir,"Nem todo bastidor e bonito, mas e nele que o negocio comeca a ficar real.

Tema de hoje: O que eu faria se estivesse comecando hoje sem dinheiro para investir.

Nao e sobre fingir que esta tudo pronto. E sobre documentar o processo e continuar mesmo quando ainda falta lapidar.

A vantagem de comecar pequeno e que voce consegue corrigir rapido, sem depender de equipe, estudio ou orcamento.

Feito com honestidade ainda vence muita ideia perfeita que nunca sai do papel.

Se voce tambem esta comecando, acompanha a jornada no @dozero.aoreal.

#dozeroaoreal #rendacomhonestidade #infoproduto #marketingdigital #faceless #rendaextra #kiwify #conteudodigital","Se voce tambem esta comecando, acompanha a jornada no @dozero.aoreal.",#dozeroaoreal #rendacomhonestidade #infoproduto #marketingdigital #faceless #rendaextra #kiwify #conteudodigital,"Tela gravada mostrando checklist/rotina, com legendas grandes e ritmo rapido. Encerrar com CTA na bio.",Pendente,Agendar no Meta Business Suite. Revisar arte antes de publicar.
2026-12-17,quinta,12:30,Evergreen de trafego,Semana 18,Stories,Conexao,"Se voce sente que esta atrasado, leia isso","Se voce sente que esta atrasado, leia isso","Voce nao precisa parecer expert para dar o primeiro passo com honestidade.

Tema de hoje: Se voce sente que esta atrasado, leia isso.

Se o seu ponto de partida parece ruim, isso nao te elimina. So define qual e o proximo passo.

Voce pode comecar sem aparecer, sem equipamento caro e sem discurso de guru.

O que nao da e esperar coragem infinita para fazer a primeira publicacao.

Comenta ""REAL"" se voce quer comecar do jeito possivel, nao do jeito perfeito.

#dozeroaoreal #rendacomhonestidade #infoproduto #marketingdigital #faceless #rendaextra #kiwify #conteudodigital","Comenta ""REAL"" se voce quer comecar do jeito possivel, nao do jeito perfeito.",#dozeroaoreal #rendacomhonestidade #infoproduto #marketingdigital #faceless #rendaextra #kiwify #conteudodigital,"Antes/depois conceitual: ""antes: perdido / depois: com checklist"". CTA discreto.",Pendente,Agendar no Meta Business Suite. Revisar arte antes de publicar.
2026-12-18,sexta,19:00,Evergreen de trafego,Semana 18,Post estatico,Bastidores / prova honesta,"Como o guia foi organizado por etapas, nao por promessa","Como o guia foi organizado por etapas, nao por promessa","Um bastidor importante: esse projeto nao usa promessa de resultado garantido.

Tema de hoje: Como o guia foi organizado por etapas, nao por promessa.

O conteudo foi pensado para ensinar a estrutura: plataformas, conteudo faceless, copy, organizacao e checklist de acao.

Sem depoimento inventado. Sem print falso. Sem ""ganhe X por dia"". A ideia e ser util sem vender ilusao.

Isso deixa a promessa menor -- e a entrega mais limpa.

Quer ver o mapa completo? O Guia Do Zero ao Real esta no link da bio.

#dozeroaoreal #rendacomhonestidade #infoproduto #marketingdigital #faceless #rendaextra #kiwify #conteudodigital",Quer ver o mapa completo? O Guia Do Zero ao Real esta no link da bio.,#dozeroaoreal #rendacomhonestidade #infoproduto #marketingdigital #faceless #rendaextra #kiwify #conteudodigital,"Imagem unica com frase forte central, logo discreta e CTA na legenda.",Pendente,Agendar no Meta Business Suite. Revisar arte antes de publicar.
2026-12-19,sabado,19:30,Evergreen de trafego,Semana 18,Carrossel,Venda direta honesta,O Guia Do Zero ao Real e para quem quer comecar com um mapa,O Guia Do Zero ao Real e para quem quer comecar com um mapa,"Se voce quer comecar, mas sempre trava na proxima etapa, esse guia pode te ajudar.

Tema de hoje: O Guia Do Zero ao Real e para quem quer comecar com um mapa.

Dentro dele voce encontra fundamentos, cadastro em plataformas, conteudo faceless, noes de copy e organizacao financeira basica.

Nao e uma formula magica. E um roteiro para parar de ficar perdido na primeira tela.

Voce olha, aplica no seu ritmo e decide se faz sentido. Tem garantia de 7 dias conforme o checkout.

Para comecar com um passo a passo organizado, acesse o guia pelo link da bio.

#dozeroaoreal #rendacomhonestidade #infoproduto #marketingdigital #faceless #rendaextra #kiwify #conteudodigital","Para comecar com um passo a passo organizado, acesse o guia pelo link da bio.",#dozeroaoreal #rendacomhonestidade #infoproduto #marketingdigital #faceless #rendaextra #kiwify #conteudodigital,"Slide 1: pergunta direta. Slides seguintes: resposta em passos curtos. Ultimo slide: ""salva para fazer depois"".",Pendente,Agendar no Meta Business Suite. Revisar arte antes de publicar.
2026-12-20,domingo,20:15,Evergreen de trafego,Semana 18,Reels,Educativo,Como pensar em oferta sem prometer resultado impossivel,Como pensar em oferta sem prometer resultado impossivel,"Antes de pensar em vender, voce precisa entender o caminho basico.

Tema de hoje: Como pensar em oferta sem prometer resultado impossivel.

Pensa nisso como uma escada: primeiro voce entende a base, depois monta a estrutura, depois publica, depois ajusta.

Quando voce pula etapas, tudo parece confuso e qualquer ferramenta vira desculpa para travar.

A meta aqui e fazer o simples bem feito: um produto claro, uma oferta honesta e conteudo constante.

Salva esse post e segue o @dozero.aoreal para aprender o caminho sem promessa falsa.

#dozeroaoreal #rendacomhonestidade #infoproduto #marketingdigital #faceless #rendaextra #kiwify #conteudodigital",Salva esse post e segue o @dozero.aoreal para aprender o caminho sem promessa falsa.,#dozeroaoreal #rendacomhonestidade #infoproduto #marketingdigital #faceless #rendaextra #kiwify #conteudodigital,"Reels silencioso com frases em tela e musica tendencia. 5 cenas, 2 segundos cada.",Pendente,Agendar no Meta Business Suite. Revisar arte antes de publicar.
2026-12-21,segunda,12:30,Evergreen de trafego,Semana 19,Stories,Jornada,A parte invisivel de construir um projeto do zero,A parte invisivel de construir um projeto do zero,"Esse projeto nasceu do jeito que muita gente comeca: sem estrutura perfeita.

Tema de hoje: A parte invisivel de construir um projeto do zero.

Nao e sobre fingir que esta tudo pronto. E sobre documentar o processo e continuar mesmo quando ainda falta lapidar.

A vantagem de comecar pequeno e que voce consegue corrigir rapido, sem depender de equipe, estudio ou orcamento.

Feito com honestidade ainda vence muita ideia perfeita que nunca sai do papel.

Se voce tambem esta comecando, acompanha a jornada no @dozero.aoreal.

#dozeroaoreal #rendacomhonestidade #infoproduto #marketingdigital #faceless #rendaextra #kiwify #conteudodigital","Se voce tambem esta comecando, acompanha a jornada no @dozero.aoreal.",#dozeroaoreal #rendacomhonestidade #infoproduto #marketingdigital #faceless #rendaextra #kiwify #conteudodigital,"Sequencia de 3 stories: 1) pergunta/enquete, 2) dica curta, 3) CTA para link da bio/check-out.",Pendente,Agendar no Meta Business Suite. Revisar arte antes de publicar.
2026-12-22,terca,19:00,Evergreen de trafego,Semana 19,Post estatico,Conexao,"Nem todo mundo comeca com camera, equipe e dinheiro","Nem todo mundo comeca com camera, equipe e dinheiro","Tem muita gente vendendo uma vida perfeita. Aqui a conversa e outra.

Tema de hoje: Nem todo mundo comeca com camera, equipe e dinheiro.

Se o seu ponto de partida parece ruim, isso nao te elimina. So define qual e o proximo passo.

Voce pode comecar sem aparecer, sem equipamento caro e sem discurso de guru.

O que nao da e esperar coragem infinita para fazer a primeira publicacao.

Comenta ""REAL"" se voce quer comecar do jeito possivel, nao do jeito perfeito.

#dozeroaoreal #rendacomhonestidade #infoproduto #marketingdigital #faceless #rendaextra #kiwify #conteudodigital","Comenta ""REAL"" se voce quer comecar do jeito possivel, nao do jeito perfeito.",#dozeroaoreal #rendacomhonestidade #infoproduto #marketingdigital #faceless #rendaextra #kiwify #conteudodigital,"Card simples: titulo, subtitulo e elemento visual lima. Visual limpo, sem poluicao.",Pendente,Agendar no Meta Business Suite. Revisar arte antes de publicar.
2026-12-23,quarta,19:30,Evergreen de trafego,Semana 19,Carrossel,Bastidores / prova honesta,O que tem por tras de uma landing page simples e honesta,O que tem por tras de uma landing page simples e honesta,"A construcao foi pensada para quem precisa sair da confusao e ir para um passo a passo.

Tema de hoje: O que tem por tras de uma landing page simples e honesta.

O conteudo foi pensado para ensinar a estrutura: plataformas, conteudo faceless, copy, organizacao e checklist de acao.

Sem depoimento inventado. Sem print falso. Sem ""ganhe X por dia"". A ideia e ser util sem vender ilusao.

Isso deixa a promessa menor -- e a entrega mais limpa.

Quer ver o mapa completo? O Guia Do Zero ao Real esta no link da bio.

#dozeroaoreal #rendacomhonestidade #infoproduto #marketingdigital #faceless #rendaextra #kiwify #conteudodigital",Quer ver o mapa completo? O Guia Do Zero ao Real esta no link da bio.,#dozeroaoreal #rendacomhonestidade #infoproduto #marketingdigital #faceless #rendaextra #kiwify #conteudodigital,"Slide 1: ""antes de comecar..."" Slides 2-5: erros/ajustes. Ultimo slide: convite para o guia.",Pendente,Agendar no Meta Business Suite. Revisar arte antes de publicar.
2026-12-24,quinta,20:15,Evergreen de trafego,Semana 19,Reels,Venda direta honesta,"Se voce trava no primeiro passo, o guia foi feito para isso","Se voce trava no primeiro passo, o guia foi feito para isso","O Guia Do Zero ao Real nao promete renda automatica. Ele entrega organizacao.

Tema de hoje: Se voce trava no primeiro passo, o guia foi feito para isso.

Dentro dele voce encontra fundamentos, cadastro em plataformas, conteudo faceless, noes de copy e organizacao financeira basica.

Nao e uma formula magica. E um roteiro para parar de ficar perdido na primeira tela.

Voce olha, aplica no seu ritmo e decide se faz sentido. Tem garantia de 7 dias conforme o checkout.

Para comecar com um passo a passo organizado, acesse o guia pelo link da bio.

#dozeroaoreal #rendacomhonestidade #infoproduto #marketingdigital #faceless #rendaextra #kiwify #conteudodigital","Para comecar com um passo a passo organizado, acesse o guia pelo link da bio.",#dozeroaoreal #rendacomhonestidade #infoproduto #marketingdigital #faceless #rendaextra #kiwify #conteudodigital,"Video faceless com texto na tela, cortes rapidos e b-roll simples de computador/celular. Sem aparecer. Narrativa opcional ou audio em alta baixo.",Pendente,Agendar no Meta Business Suite. Revisar arte antes de publicar.
2026-12-25,sexta,12:30,Evergreen de trafego,Semana 19,Stories,Educativo,O basico de copywriting para quem esta comecando do zero,O basico de copywriting para quem esta comecando do zero,"O problema nao e so falta de vontade. Muitas vezes e falta de ordem.

Tema de hoje: O basico de copywriting para quem esta comecando do zero.

Pensa nisso como uma escada: primeiro voce entende a base, depois monta a estrutura, depois publica, depois ajusta.

Quando voce pula etapas, tudo parece confuso e qualquer ferramenta vira desculpa para travar.

A meta aqui e fazer o simples bem feito: um produto claro, uma oferta honesta e conteudo constante.

Salva esse post e segue o @dozero.aoreal para aprender o caminho sem promessa falsa.

#dozeroaoreal #rendacomhonestidade #infoproduto #marketingdigital #faceless #rendaextra #kiwify #conteudodigital",Salva esse post e segue o @dozero.aoreal para aprender o caminho sem promessa falsa.,#dozeroaoreal #rendacomhonestidade #infoproduto #marketingdigital #faceless #rendaextra #kiwify #conteudodigital,"Story unico com bastidor + caixa de pergunta: ""qual etapa mais te trava?"".",Pendente,Agendar no Meta Business Suite. Revisar arte antes de publicar.
2026-12-26,sabado,19:00,Evergreen de trafego,Semana 19,Post estatico,Jornada,Comecar sem aparecer tambem e uma escolha valida,Comecar sem aparecer tambem e uma escolha valida,"O comeco nao precisa ser impressionante. Precisa existir.

Tema de hoje: Comecar sem aparecer tambem e uma escolha valida.

Nao e sobre fingir que esta tudo pronto. E sobre documentar o processo e continuar mesmo quando ainda falta lapidar.

A vantagem de comecar pequeno e que voce consegue corrigir rapido, sem depender de equipe, estudio ou orcamento.

Feito com honestidade ainda vence muita ideia perfeita que nunca sai do papel.

Se voce tambem esta comecando, acompanha a jornada no @dozero.aoreal.

#dozeroaoreal #rendacomhonestidade #infoproduto #marketingdigital #faceless #rendaextra #kiwify #conteudodigital","Se voce tambem esta comecando, acompanha a jornada no @dozero.aoreal.",#dozeroaoreal #rendacomhonestidade #infoproduto #marketingdigital #faceless #rendaextra #kiwify #conteudodigital,"Print/nota visual estilo checklist, com 3 bullets curtos.",Pendente,Agendar no Meta Business Suite. Revisar arte antes de publicar.
2026-12-27,domingo,19:30,Evergreen de trafego,Semana 19,Carrossel,Conexao,A vergonha de comecar pequeno trava mais do que a falta de ferramenta,A vergonha de comecar pequeno trava mais do que a falta de ferramenta,"Se voce esta tentando comecar e sente que esta atrasado, respira.

Tema de hoje: A vergonha de comecar pequeno trava mais do que a falta de ferramenta.

Se o seu ponto de partida parece ruim, isso nao te elimina. So define qual e o proximo passo.

Voce pode comecar sem aparecer, sem equipamento caro e sem discurso de guru.

O que nao da e esperar coragem infinita para fazer a primeira publicacao.

Comenta ""REAL"" se voce quer comecar do jeito possivel, nao do jeito perfeito.

#dozeroaoreal #rendacomhonestidade #infoproduto #marketingdigital #faceless #rendaextra #kiwify #conteudodigital","Comenta ""REAL"" se voce quer comecar do jeito possivel, nao do jeito perfeito.",#dozeroaoreal #rendacomhonestidade #infoproduto #marketingdigital #faceless #rendaextra #kiwify #conteudodigital,Slide 1: titulo forte com fundo verde-noturno e palavra REAL em lima. Slides 2-6: um ponto por slide. Ultimo slide: CTA para ver o guia no link da bio.,Pendente,Agendar no Meta Business Suite. Revisar arte antes de publicar.
2026-12-28,segunda,20:15,Evergreen de trafego,Semana 20,Reels,Bastidores / prova honesta,Por que nao uso depoimento falso nem print inventado,Por que nao uso depoimento falso nem print inventado,"Por tras do guia existe uma escolha simples: clareza antes de hype.

Tema de hoje: Por que nao uso depoimento falso nem print inventado.

O conteudo foi pensado para ensinar a estrutura: plataformas, conteudo faceless, copy, organizacao e checklist de acao.

Sem depoimento inventado. Sem print falso. Sem ""ganhe X por dia"". A ideia e ser util sem vender ilusao.

Isso deixa a promessa menor -- e a entrega mais limpa.

Quer ver o mapa completo? O Guia Do Zero ao Real esta no link da bio.

#dozeroaoreal #rendacomhonestidade #infoproduto #marketingdigital #faceless #rendaextra #kiwify #conteudodigital",Quer ver o mapa completo? O Guia Do Zero ao Real esta no link da bio.,#dozeroaoreal #rendacomhonestidade #infoproduto #marketingdigital #faceless #rendaextra #kiwify #conteudodigital,"Tela gravada mostrando checklist/rotina, com legendas grandes e ritmo rapido. Encerrar com CTA na bio.",Pendente,Agendar no Meta Business Suite. Revisar arte antes de publicar.
2026-12-29,terca,12:30,Evergreen de trafego,Semana 20,Stories,Venda direta honesta,O que voce recebe dentro do Do Zero ao Real,O que voce recebe dentro do Do Zero ao Real,"A proposta e simples: um mapa pratico para quem esta comecando sem nada.

Tema de hoje: O que voce recebe dentro do Do Zero ao Real.

Dentro dele voce encontra fundamentos, cadastro em plataformas, conteudo faceless, noes de copy e organizacao financeira basica.

Nao e uma formula magica. E um roteiro para parar de ficar perdido na primeira tela.

Voce olha, aplica no seu ritmo e decide se faz sentido. Tem garantia de 7 dias conforme o checkout.

Para comecar com um passo a passo organizado, acesse o guia pelo link da bio.

#dozeroaoreal #rendacomhonestidade #infoproduto #marketingdigital #faceless #rendaextra #kiwify #conteudodigital","Para comecar com um passo a passo organizado, acesse o guia pelo link da bio.",#dozeroaoreal #rendacomhonestidade #infoproduto #marketingdigital #faceless #rendaextra #kiwify #conteudodigital,"Antes/depois conceitual: ""antes: perdido / depois: com checklist"". CTA discreto.",Pendente,Agendar no Meta Business Suite. Revisar arte antes de publicar.
2026-12-30,quarta,19:00,Evergreen de trafego,Semana 20,Post estatico,Educativo,Como montar uma rotina simples de producao de conteudo,Como montar uma rotina simples de producao de conteudo,"Comecar do zero fica mais dificil quando voce tenta aprender tudo ao mesmo tempo.

Tema de hoje: Como montar uma rotina simples de producao de conteudo.

Pensa nisso como uma escada: primeiro voce entende a base, depois monta a estrutura, depois publica, depois ajusta.

Quando voce pula etapas, tudo parece confuso e qualquer ferramenta vira desculpa para travar.

A meta aqui e fazer o simples bem feito: um produto claro, uma oferta honesta e conteudo constante.

Salva esse post e segue o @dozero.aoreal para aprender o caminho sem promessa falsa.

#dozeroaoreal #rendacomhonestidade #infoproduto #marketingdigital #faceless #rendaextra #kiwify #conteudodigital",Salva esse post e segue o @dozero.aoreal para aprender o caminho sem promessa falsa.,#dozeroaoreal #rendacomhonestidade #infoproduto #marketingdigital #faceless #rendaextra #kiwify #conteudodigital,"Imagem unica com frase forte central, logo discreta e CTA na legenda.",Pendente,Agendar no Meta Business Suite. Revisar arte antes de publicar.
2026-12-31,quinta,19:30,Evergreen de trafego,Semana 20,Carrossel,Jornada,O dia em que eu percebi que precisava parar de esperar estar pronto,O dia em que eu percebi que precisava parar de esperar estar pronto,"Nem todo bastidor e bonito, mas e nele que o negocio comeca a ficar real.

Tema de hoje: O dia em que eu percebi que precisava parar de esperar estar pronto.

Nao e sobre fingir que esta tudo pronto. E sobre documentar o processo e continuar mesmo quando ainda falta lapidar.

A vantagem de comecar pequeno e que voce consegue corrigir rapido, sem depender de equipe, estudio ou orcamento.

Feito com honestidade ainda vence muita ideia perfeita que nunca sai do papel.

Se voce tambem esta comecando, acompanha a jornada no @dozero.aoreal.

#dozeroaoreal #rendacomhonestidade #infoproduto #marketingdigital #faceless #rendaextra #kiwify #conteudodigital","Se voce tambem esta comecando, acompanha a jornada no @dozero.aoreal.",#dozeroaoreal #rendacomhonestidade #infoproduto #marketingdigital #faceless #rendaextra #kiwify #conteudodigital,"Slide 1: pergunta direta. Slides seguintes: resposta em passos curtos. Ultimo slide: ""salva para fazer depois"".",Pendente,Agendar no Meta Business Suite. Revisar arte antes de publicar.
2027-01-01,sexta,20:15,Recomeco de janeiro,Semana 20,Reels,Conexao,Voce nao precisa virar guru para vender algo util,Voce nao precisa virar guru para vender algo util,"Voce nao precisa parecer expert para dar o primeiro passo com honestidade.

Tema de hoje: Voce nao precisa virar guru para vender algo util.

Se o seu ponto de partida parece ruim, isso nao te elimina. So define qual e o proximo passo.

Voce pode comecar sem aparecer, sem equipamento caro e sem discurso de guru.

O que nao da e esperar coragem infinita para fazer a primeira publicacao.

Comenta ""REAL"" se voce quer comecar do jeito possivel, nao do jeito perfeito.

#dozeroaoreal #rendacomhonestidade #infoproduto #marketingdigital #faceless #rendaextra #kiwify #conteudodigital","Comenta ""REAL"" se voce quer comecar do jeito possivel, nao do jeito perfeito.",#dozeroaoreal #rendacomhonestidade #infoproduto #marketingdigital #faceless #rendaextra #kiwify #conteudodigital,"Reels silencioso com frases em tela e musica tendencia. 5 cenas, 2 segundos cada.",Pendente,Agendar no Meta Business Suite. Revisar arte antes de publicar.
2027-01-02,sabado,12:30,Recomeco de janeiro,Semana 20,Stories,Bastidores / prova honesta,Bastidor: o produto foi feito para quem precisa de clareza,Bastidor: o produto foi feito para quem precisa de clareza,"Um bastidor importante: esse projeto nao usa promessa de resultado garantido.

Tema de hoje: Bastidor: o produto foi feito para quem precisa de clareza.

O conteudo foi pensado para ensinar a estrutura: plataformas, conteudo faceless, copy, organizacao e checklist de acao.

Sem depoimento inventado. Sem print falso. Sem ""ganhe X por dia"". A ideia e ser util sem vender ilusao.

Isso deixa a promessa menor -- e a entrega mais limpa.

Quer ver o mapa completo? O Guia Do Zero ao Real esta no link da bio.

#dozeroaoreal #rendacomhonestidade #infoproduto #marketingdigital #faceless #rendaextra #kiwify #conteudodigital",Quer ver o mapa completo? O Guia Do Zero ao Real esta no link da bio.,#dozeroaoreal #rendacomhonestidade #infoproduto #marketingdigital #faceless #rendaextra #kiwify #conteudodigital,"Sequencia de 3 stories: 1) pergunta/enquete, 2) dica curta, 3) CTA para link da bio/check-out.",Pendente,Agendar no Meta Business Suite. Revisar arte antes de publicar.
2027-01-03,domingo,19:00,Recomeco de janeiro,Semana 20,Post estatico,Venda direta honesta,"Por que R$49,99 compra clareza, nao promessa de dinheiro","Por que R$49,99 compra clareza, nao promessa de dinheiro","Se voce quer comecar, mas sempre trava na proxima etapa, esse guia pode te ajudar.

Tema de hoje: Por que R$49,99 compra clareza, nao promessa de dinheiro.

Dentro dele voce encontra fundamentos, cadastro em plataformas, conteudo faceless, noes de copy e organizacao financeira basica.

Nao e uma formula magica. E um roteiro para parar de ficar perdido na primeira tela.

Voce olha, aplica no seu ritmo e decide se faz sentido. Tem garantia de 7 dias conforme o checkout.

Para comecar com um passo a passo organizado, acesse o guia pelo link da bio.

#dozeroaoreal #rendacomhonestidade #infoproduto #marketingdigital #faceless #rendaextra #kiwify #conteudodigital","Para comecar com um passo a passo organizado, acesse o guia pelo link da bio.",#dozeroaoreal #rendacomhonestidade #infoproduto #marketingdigital #faceless #rendaextra #kiwify #conteudodigital,"Card simples: titulo, subtitulo e elemento visual lima. Visual limpo, sem poluicao.",Pendente,Agendar no Meta Business Suite. Revisar arte antes de publicar.
2027-01-04,segunda,19:30,Recomeco de janeiro,Semana 21,Carrossel,Educativo,O que colocar numa bio que realmente explica o perfil,O que colocar numa bio que realmente explica o perfil,"Antes de pensar em vender, voce precisa entender o caminho basico.

Tema de hoje: O que colocar numa bio que realmente explica o perfil.

Pensa nisso como uma escada: primeiro voce entende a base, depois monta a estrutura, depois publica, depois ajusta.

Quando voce pula etapas, tudo parece confuso e qualquer ferramenta vira desculpa para travar.

A meta aqui e fazer o simples bem feito: um produto claro, uma oferta honesta e conteudo constante.

Salva esse post e segue o @dozero.aoreal para aprender o caminho sem promessa falsa.

#dozeroaoreal #rendacomhonestidade #infoproduto #marketingdigital #faceless #rendaextra #kiwify #conteudodigital",Salva esse post e segue o @dozero.aoreal para aprender o caminho sem promessa falsa.,#dozeroaoreal #rendacomhonestidade #infoproduto #marketingdigital #faceless #rendaextra #kiwify #conteudodigital,"Slide 1: ""antes de comecar..."" Slides 2-5: erros/ajustes. Ultimo slide: convite para o guia.",Pendente,Agendar no Meta Business Suite. Revisar arte antes de publicar.
2027-01-05,terca,20:15,Recomeco de janeiro,Semana 21,Reels,Jornada,O que mudou quando eu organizei o projeto em etapas,O que mudou quando eu organizei o projeto em etapas,"Esse projeto nasceu do jeito que muita gente comeca: sem estrutura perfeita.

Tema de hoje: O que mudou quando eu organizei o projeto em etapas.

Nao e sobre fingir que esta tudo pronto. E sobre documentar o processo e continuar mesmo quando ainda falta lapidar.

A vantagem de comecar pequeno e que voce consegue corrigir rapido, sem depender de equipe, estudio ou orcamento.

Feito com honestidade ainda vence muita ideia perfeita que nunca sai do papel.

Se voce tambem esta comecando, acompanha a jornada no @dozero.aoreal.

#dozeroaoreal #rendacomhonestidade #infoproduto #marketingdigital #faceless #rendaextra #kiwify #conteudodigital","Se voce tambem esta comecando, acompanha a jornada no @dozero.aoreal.",#dozeroaoreal #rendacomhonestidade #infoproduto #marketingdigital #faceless #rendaextra #kiwify #conteudodigital,"Video faceless com texto na tela, cortes rapidos e b-roll simples de computador/celular. Sem aparecer. Narrativa opcional ou audio em alta baixo.",Pendente,Agendar no Meta Business Suite. Revisar arte antes de publicar.
2027-01-06,quarta,12:30,Recomeco de janeiro,Semana 21,Stories,Conexao,O medo de errar nao pode ser maior que a vontade de sair do lugar,O medo de errar nao pode ser maior que a vontade de sair do lugar,"Tem muita gente vendendo uma vida perfeita. Aqui a conversa e outra.

Tema de hoje: O medo de errar nao pode ser maior que a vontade de sair do lugar.

Se o seu ponto de partida parece ruim, isso nao te elimina. So define qual e o proximo passo.

Voce pode comecar sem aparecer, sem equipamento caro e sem discurso de guru.

O que nao da e esperar coragem infinita para fazer a primeira publicacao.

Comenta ""REAL"" se voce quer comecar do jeito possivel, nao do jeito perfeito.

#dozeroaoreal #rendacomhonestidade #infoproduto #marketingdigital #faceless #rendaextra #kiwify #conteudodigital","Comenta ""REAL"" se voce quer comecar do jeito possivel, nao do jeito perfeito.",#dozeroaoreal #rendacomhonestidade #infoproduto #marketingdigital #faceless #rendaextra #kiwify #conteudodigital,"Story unico com bastidor + caixa de pergunta: ""qual etapa mais te trava?"".",Pendente,Agendar no Meta Business Suite. Revisar arte antes de publicar.
2027-01-07,quinta,19:00,Recomeco de janeiro,Semana 21,Post estatico,Bastidores / prova honesta,O que entra no guia e por que isso importa para iniciantes,O que entra no guia e por que isso importa para iniciantes,"A construcao foi pensada para quem precisa sair da confusao e ir para um passo a passo.

Tema de hoje: O que entra no guia e por que isso importa para iniciantes.

O conteudo foi pensado para ensinar a estrutura: plataformas, conteudo faceless, copy, organizacao e checklist de acao.

Sem depoimento inventado. Sem print falso. Sem ""ganhe X por dia"". A ideia e ser util sem vender ilusao.

Isso deixa a promessa menor -- e a entrega mais limpa.

Quer ver o mapa completo? O Guia Do Zero ao Real esta no link da bio.

#dozeroaoreal #rendacomhonestidade #infoproduto #marketingdigital #faceless #rendaextra #kiwify #conteudodigital",Quer ver o mapa completo? O Guia Do Zero ao Real esta no link da bio.,#dozeroaoreal #rendacomhonestidade #infoproduto #marketingdigital #faceless #rendaextra #kiwify #conteudodigital,"Print/nota visual estilo checklist, com 3 bullets curtos.",Pendente,Agendar no Meta Business Suite. Revisar arte antes de publicar.
2027-01-08,sexta,19:30,Recomeco de janeiro,Semana 21,Carrossel,Venda direta honesta,Antes de comprar: para quem esse guia serve e para quem nao serve,Antes de comprar: para quem esse guia serve e para quem nao serve,"O Guia Do Zero ao Real nao promete renda automatica. Ele entrega organizacao.

Tema de hoje: Antes de comprar: para quem esse guia serve e para quem nao serve.

Dentro dele voce encontra fundamentos, cadastro em plataformas, conteudo faceless, noes de copy e organizacao financeira basica.

Nao e uma formula magica. E um roteiro para parar de ficar perdido na primeira tela.

Voce olha, aplica no seu ritmo e decide se faz sentido. Tem garantia de 7 dias conforme o checkout.

Para comecar com um passo a passo organizado, acesse o guia pelo link da bio.

#dozeroaoreal #rendacomhonestidade #infoproduto #marketingdigital #faceless #rendaextra #kiwify #conteudodigital","Para comecar com um passo a passo organizado, acesse o guia pelo link da bio.",#dozeroaoreal #rendacomhonestidade #infoproduto #marketingdigital #faceless #rendaextra #kiwify #conteudodigital,Slide 1: titulo forte com fundo verde-noturno e palavra REAL em lima. Slides 2-6: um ponto por slide. Ultimo slide: CTA para ver o guia no link da bio.,Pendente,Agendar no Meta Business Suite. Revisar arte antes de publicar.
2027-01-09,sabado,20:15,Recomeco de janeiro,Semana 21,Reels,Educativo,Como usar prova honesta mesmo sem depoimentos ainda,Como usar prova honesta mesmo sem depoimentos ainda,"O problema nao e so falta de vontade. Muitas vezes e falta de ordem.

Tema de hoje: Como usar prova honesta mesmo sem depoimentos ainda.

Pensa nisso como uma escada: primeiro voce entende a base, depois monta a estrutura, depois publica, depois ajusta.

Quando voce pula etapas, tudo parece confuso e qualquer ferramenta vira desculpa para travar.

A meta aqui e fazer o simples bem feito: um produto claro, uma oferta honesta e conteudo constante.

Salva esse post e segue o @dozero.aoreal para aprender o caminho sem promessa falsa.

#dozeroaoreal #rendacomhonestidade #infoproduto #marketingdigital #faceless #rendaextra #kiwify #conteudodigital",Salva esse post e segue o @dozero.aoreal para aprender o caminho sem promessa falsa.,#dozeroaoreal #rendacomhonestidade #infoproduto #marketingdigital #faceless #rendaextra #kiwify #conteudodigital,"Tela gravada mostrando checklist/rotina, com legendas grandes e ritmo rapido. Encerrar com CTA na bio.",Pendente,Agendar no Meta Business Suite. Revisar arte antes de publicar.
2027-01-10,domingo,12:30,Recomeco de janeiro,Semana 21,Stories,Jornada,Por que documentar o processo ajuda mais do que fingir perfeicao,Por que documentar o processo ajuda mais do que fingir perfeicao,"O comeco nao precisa ser impressionante. Precisa existir.

Tema de hoje: Por que documentar o processo ajuda mais do que fingir perfeicao.

Nao e sobre fingir que esta tudo pronto. E sobre documentar o processo e continuar mesmo quando ainda falta lapidar.

A vantagem de comecar pequeno e que voce consegue corrigir rapido, sem depender de equipe, estudio ou orcamento.

Feito com honestidade ainda vence muita ideia perfeita que nunca sai do papel.

Se voce tambem esta comecando, acompanha a jornada no @dozero.aoreal.

#dozeroaoreal #rendacomhonestidade #infoproduto #marketingdigital #faceless #rendaextra #kiwify #conteudodigital","Se voce tambem esta comecando, acompanha a jornada no @dozero.aoreal.",#dozeroaoreal #rendacomhonestidade #infoproduto #marketingdigital #faceless #rendaextra #kiwify #conteudodigital,"Antes/depois conceitual: ""antes: perdido / depois: com checklist"". CTA discreto.",Pendente,Agendar no Meta Business Suite. Revisar arte antes de publicar.
2027-01-11,segunda,19:00,Recomeco de janeiro,Semana 22,Post estatico,Conexao,O comeco parece feio porque ainda e comeco,O comeco parece feio porque ainda e comeco,"Se voce esta tentando comecar e sente que esta atrasado, respira.

Tema de hoje: O comeco parece feio porque ainda e comeco.

Se o seu ponto de partida parece ruim, isso nao te elimina. So define qual e o proximo passo.

Voce pode comecar sem aparecer, sem equipamento caro e sem discurso de guru.

O que nao da e esperar coragem infinita para fazer a primeira publicacao.

Comenta ""REAL"" se voce quer comecar do jeito possivel, nao do jeito perfeito.

#dozeroaoreal #rendacomhonestidade #infoproduto #marketingdigital #faceless #rendaextra #kiwify #conteudodigital","Comenta ""REAL"" se voce quer comecar do jeito possivel, nao do jeito perfeito.",#dozeroaoreal #rendacomhonestidade #infoproduto #marketingdigital #faceless #rendaextra #kiwify #conteudodigital,"Imagem unica com frase forte central, logo discreta e CTA na legenda.",Pendente,Agendar no Meta Business Suite. Revisar arte antes de publicar.
2027-01-12,terca,19:30,Recomeco de janeiro,Semana 22,Carrossel,Bastidores / prova honesta,Como transformei duvidas comuns em capitulos praticos,Como transformei duvidas comuns em capitulos praticos,"Por tras do guia existe uma escolha simples: clareza antes de hype.

Tema de hoje: Como transformei duvidas comuns em capitulos praticos.

O conteudo foi pensado para ensinar a estrutura: plataformas, conteudo faceless, copy, organizacao e checklist de acao.

Sem depoimento inventado. Sem print falso. Sem ""ganhe X por dia"". A ideia e ser util sem vender ilusao.

Isso deixa a promessa menor -- e a entrega mais limpa.

Quer ver o mapa completo? O Guia Do Zero ao Real esta no link da bio.

#dozeroaoreal #rendacomhonestidade #infoproduto #marketingdigital #faceless #rendaextra #kiwify #conteudodigital",Quer ver o mapa completo? O Guia Do Zero ao Real esta no link da bio.,#dozeroaoreal #rendacomhonestidade #infoproduto #marketingdigital #faceless #rendaextra #kiwify #conteudodigital,"Slide 1: pergunta direta. Slides seguintes: resposta em passos curtos. Ultimo slide: ""salva para fazer depois"".",Pendente,Agendar no Meta Business Suite. Revisar arte antes de publicar.
2027-01-13,quarta,20:15,Recomeco de janeiro,Semana 22,Reels,Venda direta honesta,"O guia nao faz por voce, mas te mostra o caminho com ordem","O guia nao faz por voce, mas te mostra o caminho com ordem","A proposta e simples: um mapa pratico para quem esta comecando sem nada.

Tema de hoje: O guia nao faz por voce, mas te mostra o caminho com ordem.

Dentro dele voce encontra fundamentos, cadastro em plataformas, conteudo faceless, noes de copy e organizacao financeira basica.

Nao e uma formula magica. E um roteiro para parar de ficar perdido na primeira tela.

Voce olha, aplica no seu ritmo e decide se faz sentido. Tem garantia de 7 dias conforme o checkout.

Para comecar com um passo a passo organizado, acesse o guia pelo link da bio.

#dozeroaoreal #rendacomhonestidade #infoproduto #marketingdigital #faceless #rendaextra #kiwify #conteudodigital","Para comecar com um passo a passo organizado, acesse o guia pelo link da bio.",#dozeroaoreal #rendacomhonestidade #infoproduto #marketingdigital #faceless #rendaextra #kiwify #conteudodigital,"Reels silencioso com frases em tela e musica tendencia. 5 cenas, 2 segundos cada.",Pendente,Agendar no Meta Business Suite. Revisar arte antes de publicar.
2027-01-14,quinta,12:30,Recomeco de janeiro,Semana 22,Stories,Educativo,3 erros de quem comeca no marketing digital sem direcao,3 erros de quem comeca no marketing digital sem direcao,"Comecar do zero fica mais dificil quando voce tenta aprender tudo ao mesmo tempo.

Tema de hoje: 3 erros de quem comeca no marketing digital sem direcao.

Pensa nisso como uma escada: primeiro voce entende a base, depois monta a estrutura, depois publica, depois ajusta.

Quando voce pula etapas, tudo parece confuso e qualquer ferramenta vira desculpa para travar.

A meta aqui e fazer o simples bem feito: um produto claro, uma oferta honesta e conteudo constante.

Salva esse post e segue o @dozero.aoreal para aprender o caminho sem promessa falsa.

#dozeroaoreal #rendacomhonestidade #infoproduto #marketingdigital #faceless #rendaextra #kiwify #conteudodigital",Salva esse post e segue o @dozero.aoreal para aprender o caminho sem promessa falsa.,#dozeroaoreal #rendacomhonestidade #infoproduto #marketingdigital #faceless #rendaextra #kiwify #conteudodigital,"Sequencia de 3 stories: 1) pergunta/enquete, 2) dica curta, 3) CTA para link da bio/check-out.",Pendente,Agendar no Meta Business Suite. Revisar arte antes de publicar.
2027-01-15,sexta,19:00,Recomeco de janeiro,Semana 22,Post estatico,Jornada,Bastidor real: fazer simples para conseguir terminar,Bastidor real: fazer simples para conseguir terminar,"Nem todo bastidor e bonito, mas e nele que o negocio comeca a ficar real.

Tema de hoje: Bastidor real: fazer simples para conseguir terminar.

Nao e sobre fingir que esta tudo pronto. E sobre documentar o processo e continuar mesmo quando ainda falta lapidar.

A vantagem de comecar pequeno e que voce consegue corrigir rapido, sem depender de equipe, estudio ou orcamento.

Feito com honestidade ainda vence muita ideia perfeita que nunca sai do papel.

Se voce tambem esta comecando, acompanha a jornada no @dozero.aoreal.

#dozeroaoreal #rendacomhonestidade #infoproduto #marketingdigital #faceless #rendaextra #kiwify #conteudodigital","Se voce tambem esta comecando, acompanha a jornada no @dozero.aoreal.",#dozeroaoreal #rendacomhonestidade #infoproduto #marketingdigital #faceless #rendaextra #kiwify #conteudodigital,"Card simples: titulo, subtitulo e elemento visual lima. Visual limpo, sem poluicao.",Pendente,Agendar no Meta Business Suite. Revisar arte antes de publicar.
2027-01-16,sabado,19:30,Recomeco de janeiro,Semana 22,Carrossel,Conexao,Faceless nao e se esconder; e escolher um formato possivel,Faceless nao e se esconder; e escolher um formato possivel,"Voce nao precisa parecer expert para dar o primeiro passo com honestidade.

Tema de hoje: Faceless nao e se esconder; e escolher um formato possivel.

Se o seu ponto de partida parece ruim, isso nao te elimina. So define qual e o proximo passo.

Voce pode comecar sem aparecer, sem equipamento caro e sem discurso de guru.

O que nao da e esperar coragem infinita para fazer a primeira publicacao.

Comenta ""REAL"" se voce quer comecar do jeito possivel, nao do jeito perfeito.

#dozeroaoreal #rendacomhonestidade #infoproduto #marketingdigital #faceless #rendaextra #kiwify #conteudodigital","Comenta ""REAL"" se voce quer comecar do jeito possivel, nao do jeito perfeito.",#dozeroaoreal #rendacomhonestidade #infoproduto #marketingdigital #faceless #rendaextra #kiwify #conteudodigital,"Slide 1: ""antes de comecar..."" Slides 2-5: erros/ajustes. Ultimo slide: convite para o guia.",Pendente,Agendar no Meta Business Suite. Revisar arte antes de publicar.
2027-01-17,domingo,20:15,Recomeco de janeiro,Semana 22,Reels,Bastidores / prova honesta,"Por que a garantia existe, mas o esforco continua sendo seu","Por que a garantia existe, mas o esforco continua sendo seu","Um bastidor importante: esse projeto nao usa promessa de resultado garantido.

Tema de hoje: Por que a garantia existe, mas o esforco continua sendo seu.

O conteudo foi pensado para ensinar a estrutura: plataformas, conteudo faceless, copy, organizacao e checklist de acao.

Sem depoimento inventado. Sem print falso. Sem ""ganhe X por dia"". A ideia e ser util sem vender ilusao.

Isso deixa a promessa menor -- e a entrega mais limpa.

Quer ver o mapa completo? O Guia Do Zero ao Real esta no link da bio.

#dozeroaoreal #rendacomhonestidade #infoproduto #marketingdigital #faceless #rendaextra #kiwify #conteudodigital",Quer ver o mapa completo? O Guia Do Zero ao Real esta no link da bio.,#dozeroaoreal #rendacomhonestidade #infoproduto #marketingdigital #faceless #rendaextra #kiwify #conteudodigital,"Video faceless com texto na tela, cortes rapidos e b-roll simples de computador/celular. Sem aparecer. Narrativa opcional ou audio em alta baixo.",Pendente,Agendar no Meta Business Suite. Revisar arte antes de publicar.
2027-01-18,segunda,12:30,Recomeco de janeiro,Semana 23,Stories,Venda direta honesta,7 dias de garantia para voce olhar com calma,7 dias de garantia para voce olhar com calma,"Se voce quer comecar, mas sempre trava na proxima etapa, esse guia pode te ajudar.

Tema de hoje: 7 dias de garantia para voce olhar com calma.

Dentro dele voce encontra fundamentos, cadastro em plataformas, conteudo faceless, noes de copy e organizacao financeira basica.

Nao e uma formula magica. E um roteiro para parar de ficar perdido na primeira tela.

Voce olha, aplica no seu ritmo e decide se faz sentido. Tem garantia de 7 dias conforme o checkout.

Para comecar com um passo a passo organizado, acesse o guia pelo link da bio.

#dozeroaoreal #rendacomhonestidade #infoproduto #marketingdigital #faceless #rendaextra #kiwify #conteudodigital","Para comecar com um passo a passo organizado, acesse o guia pelo link da bio.",#dozeroaoreal #rendacomhonestidade #infoproduto #marketingdigital #faceless #rendaextra #kiwify #conteudodigital,"Story unico com bastidor + caixa de pergunta: ""qual etapa mais te trava?"".",Pendente,Agendar no Meta Business Suite. Revisar arte antes de publicar.
2027-01-19,terca,19:00,Recomeco de janeiro,Semana 23,Post estatico,Educativo,O que e um infoproduto explicado sem enrolacao,O que e um infoproduto explicado sem enrolacao,"Antes de pensar em vender, voce precisa entender o caminho basico.

Tema de hoje: O que e um infoproduto explicado sem enrolacao.

Pensa nisso como uma escada: primeiro voce entende a base, depois monta a estrutura, depois publica, depois ajusta.

Quando voce pula etapas, tudo parece confuso e qualquer ferramenta vira desculpa para travar.

A meta aqui e fazer o simples bem feito: um produto claro, uma oferta honesta e conteudo constante.

Salva esse post e segue o @dozero.aoreal para aprender o caminho sem promessa falsa.

#dozeroaoreal #rendacomhonestidade #infoproduto #marketingdigital #faceless #rendaextra #kiwify #conteudodigital",Salva esse post e segue o @dozero.aoreal para aprender o caminho sem promessa falsa.,#dozeroaoreal #rendacomhonestidade #infoproduto #marketingdigital #faceless #rendaextra #kiwify #conteudodigital,"Print/nota visual estilo checklist, com 3 bullets curtos.",Pendente,Agendar no Meta Business Suite. Revisar arte antes de publicar.
2027-01-20,quarta,19:30,Recomeco de janeiro,Semana 23,Carrossel,Jornada,A diferenca entre estar perdido e estar no comeco,A diferenca entre estar perdido e estar no comeco,"Esse projeto nasceu do jeito que muita gente comeca: sem estrutura perfeita.

Tema de hoje: A diferenca entre estar perdido e estar no comeco.

Nao e sobre fingir que esta tudo pronto. E sobre documentar o processo e continuar mesmo quando ainda falta lapidar.

A vantagem de comecar pequeno e que voce consegue corrigir rapido, sem depender de equipe, estudio ou orcamento.

Feito com honestidade ainda vence muita ideia perfeita que nunca sai do papel.

Se voce tambem esta comecando, acompanha a jornada no @dozero.aoreal.

#dozeroaoreal #rendacomhonestidade #infoproduto #marketingdigital #faceless #rendaextra #kiwify #conteudodigital","Se voce tambem esta comecando, acompanha a jornada no @dozero.aoreal.",#dozeroaoreal #rendacomhonestidade #infoproduto #marketingdigital #faceless #rendaextra #kiwify #conteudodigital,Slide 1: titulo forte com fundo verde-noturno e palavra REAL em lima. Slides 2-6: um ponto por slide. Ultimo slide: CTA para ver o guia no link da bio.,Pendente,Agendar no Meta Business Suite. Revisar arte antes de publicar.
2027-01-21,quinta,20:15,Recomeco de janeiro,Semana 23,Reels,Conexao,O plano perfeito muitas vezes e so procrastinacao com nome bonito,O plano perfeito muitas vezes e so procrastinacao com nome bonito,"Tem muita gente vendendo uma vida perfeita. Aqui a conversa e outra.

Tema de hoje: O plano perfeito muitas vezes e so procrastinacao com nome bonito.

Se o seu ponto de partida parece ruim, isso nao te elimina. So define qual e o proximo passo.

Voce pode comecar sem aparecer, sem equipamento caro e sem discurso de guru.

O que nao da e esperar coragem infinita para fazer a primeira publicacao.

Comenta ""REAL"" se voce quer comecar do jeito possivel, nao do jeito perfeito.

#dozeroaoreal #rendacomhonestidade #infoproduto #marketingdigital #faceless #rendaextra #kiwify #conteudodigital","Comenta ""REAL"" se voce quer comecar do jeito possivel, nao do jeito perfeito.",#dozeroaoreal #rendacomhonestidade #infoproduto #marketingdigital #faceless #rendaextra #kiwify #conteudodigital,"Tela gravada mostrando checklist/rotina, com legendas grandes e ritmo rapido. Encerrar com CTA na bio.",Pendente,Agendar no Meta Business Suite. Revisar arte antes de publicar.
2027-01-22,sexta,12:30,Recomeco de janeiro,Semana 23,Stories,Bastidores / prova honesta,"Bastidor da VSL: direto ao ponto, sem teatro de riqueza","Bastidor da VSL: direto ao ponto, sem teatro de riqueza","A construcao foi pensada para quem precisa sair da confusao e ir para um passo a passo.

Tema de hoje: Bastidor da VSL: direto ao ponto, sem teatro de riqueza.

O conteudo foi pensado para ensinar a estrutura: plataformas, conteudo faceless, copy, organizacao e checklist de acao.

Sem depoimento inventado. Sem print falso. Sem ""ganhe X por dia"". A ideia e ser util sem vender ilusao.

Isso deixa a promessa menor -- e a entrega mais limpa.

Quer ver o mapa completo? O Guia Do Zero ao Real esta no link da bio.

#dozeroaoreal #rendacomhonestidade #infoproduto #marketingdigital #faceless #rendaextra #kiwify #conteudodigital",Quer ver o mapa completo? O Guia Do Zero ao Real esta no link da bio.,#dozeroaoreal #rendacomhonestidade #infoproduto #marketingdigital #faceless #rendaextra #kiwify #conteudodigital,"Antes/depois conceitual: ""antes: perdido / depois: com checklist"". CTA discreto.",Pendente,Agendar no Meta Business Suite. Revisar arte antes de publicar.
2027-01-23,sabado,19:00,Recomeco de janeiro,Semana 23,Post estatico,Venda direta honesta,Quer comecar hoje? O checkout esta na bio,Quer comecar hoje? O checkout esta na bio,"O Guia Do Zero ao Real nao promete renda automatica. Ele entrega organizacao.

Tema de hoje: Quer comecar hoje? O checkout esta na bio.

Dentro dele voce encontra fundamentos, cadastro em plataformas, conteudo faceless, noes de copy e organizacao financeira basica.

Nao e uma formula magica. E um roteiro para parar de ficar perdido na primeira tela.

Voce olha, aplica no seu ritmo e decide se faz sentido. Tem garantia de 7 dias conforme o checkout.

Para comecar com um passo a passo organizado, acesse o guia pelo link da bio.

#dozeroaoreal #rendacomhonestidade #infoproduto #marketingdigital #faceless #rendaextra #kiwify #conteudodigital","Para comecar com um passo a passo organizado, acesse o guia pelo link da bio.",#dozeroaoreal #rendacomhonestidade #infoproduto #marketingdigital #faceless #rendaextra #kiwify #conteudodigital,"Imagem unica com frase forte central, logo discreta e CTA na legenda.",Pendente,Agendar no Meta Business Suite. Revisar arte antes de publicar.
2027-01-24,domingo,19:30,Recomeco de janeiro,Semana 23,Carrossel,Educativo,Por que comecar pequeno e melhor do que esperar o plano perfeito,Por que comecar pequeno e melhor do que esperar o plano perfeito,"O problema nao e so falta de vontade. Muitas vezes e falta de ordem.

Tema de hoje: Por que comecar pequeno e melhor do que esperar o plano perfeito.

Pensa nisso como uma escada: primeiro voce entende a base, depois monta a estrutura, depois publica, depois ajusta.

Quando voce pula etapas, tudo parece confuso e qualquer ferramenta vira desculpa para travar.

A meta aqui e fazer o simples bem feito: um produto claro, uma oferta honesta e conteudo constante.

Salva esse post e segue o @dozero.aoreal para aprender o caminho sem promessa falsa.

#dozeroaoreal #rendacomhonestidade #infoproduto #marketingdigital #faceless #rendaextra #kiwify #conteudodigital",Salva esse post e segue o @dozero.aoreal para aprender o caminho sem promessa falsa.,#dozeroaoreal #rendacomhonestidade #infoproduto #marketingdigital #faceless #rendaextra #kiwify #conteudodigital,"Slide 1: pergunta direta. Slides seguintes: resposta em passos curtos. Ultimo slide: ""salva para fazer depois"".",Pendente,Agendar no Meta Business Suite. Revisar arte antes de publicar.
2027-01-25,segunda,20:15,Recomeco de janeiro,Semana 24,Reels,Jornada,O que eu faria se estivesse comecando hoje sem dinheiro para investir,O que eu faria se estivesse comecando hoje sem dinheiro para investir,"O comeco nao precisa ser impressionante. Precisa existir.

Tema de hoje: O que eu faria se estivesse comecando hoje sem dinheiro para investir.

Nao e sobre fingir que esta tudo pronto. E sobre documentar o processo e continuar mesmo quando ainda falta lapidar.

A vantagem de comecar pequeno e que voce consegue corrigir rapido, sem depender de equipe, estudio ou orcamento.

Feito com honestidade ainda vence muita ideia perfeita que nunca sai do papel.

Se voce tambem esta comecando, acompanha a jornada no @dozero.aoreal.

#dozeroaoreal #rendacomhonestidade #infoproduto #marketingdigital #faceless #rendaextra #kiwify #conteudodigital","Se voce tambem esta comecando, acompanha a jornada no @dozero.aoreal.",#dozeroaoreal #rendacomhonestidade #infoproduto #marketingdigital #faceless #rendaextra #kiwify #conteudodigital,"Reels silencioso com frases em tela e musica tendencia. 5 cenas, 2 segundos cada.",Pendente,Agendar no Meta Business Suite. Revisar arte antes de publicar.
2027-01-26,terca,12:30,Recomeco de janeiro,Semana 24,Stories,Conexao,"Se voce sente que esta atrasado, leia isso","Se voce sente que esta atrasado, leia isso","Se voce esta tentando comecar e sente que esta atrasado, respira.

Tema de hoje: Se voce sente que esta atrasado, leia isso.

Se o seu ponto de partida parece ruim, isso nao te elimina. So define qual e o proximo passo.

Voce pode comecar sem aparecer, sem equipamento caro e sem discurso de guru.

O que nao da e esperar coragem infinita para fazer a primeira publicacao.

Comenta ""REAL"" se voce quer comecar do jeito possivel, nao do jeito perfeito.

#dozeroaoreal #rendacomhonestidade #infoproduto #marketingdigital #faceless #rendaextra #kiwify #conteudodigital","Comenta ""REAL"" se voce quer comecar do jeito possivel, nao do jeito perfeito.",#dozeroaoreal #rendacomhonestidade #infoproduto #marketingdigital #faceless #rendaextra #kiwify #conteudodigital,"Sequencia de 3 stories: 1) pergunta/enquete, 2) dica curta, 3) CTA para link da bio/check-out.",Pendente,Agendar no Meta Business Suite. Revisar arte antes de publicar.
2027-01-27,quarta,19:00,Recomeco de janeiro,Semana 24,Post estatico,Bastidores / prova honesta,"Como o guia foi organizado por etapas, nao por promessa","Como o guia foi organizado por etapas, nao por promessa","Por tras do guia existe uma escolha simples: clareza antes de hype.

Tema de hoje: Como o guia foi organizado por etapas, nao por promessa.

O conteudo foi pensado para ensinar a estrutura: plataformas, conteudo faceless, copy, organizacao e checklist de acao.

Sem depoimento inventado. Sem print falso. Sem ""ganhe X por dia"". A ideia e ser util sem vender ilusao.

Isso deixa a promessa menor -- e a entrega mais limpa.

Quer ver o mapa completo? O Guia Do Zero ao Real esta no link da bio.

#dozeroaoreal #rendacomhonestidade #infoproduto #marketingdigital #faceless #rendaextra #kiwify #conteudodigital",Quer ver o mapa completo? O Guia Do Zero ao Real esta no link da bio.,#dozeroaoreal #rendacomhonestidade #infoproduto #marketingdigital #faceless #rendaextra #kiwify #conteudodigital,"Card simples: titulo, subtitulo e elemento visual lima. Visual limpo, sem poluicao.",Pendente,Agendar no Meta Business Suite. Revisar arte antes de publicar.
2027-01-28,quinta,19:30,Recomeco de janeiro,Semana 24,Carrossel,Venda direta honesta,O Guia Do Zero ao Real e para quem quer comecar com um mapa,O Guia Do Zero ao Real e para quem quer comecar com um mapa,"A proposta e simples: um mapa pratico para quem esta comecando sem nada.

Tema de hoje: O Guia Do Zero ao Real e para quem quer comecar com um mapa.

Dentro dele voce encontra fundamentos, cadastro em plataformas, conteudo faceless, noes de copy e organizacao financeira basica.

Nao e uma formula magica. E um roteiro para parar de ficar perdido na primeira tela.

Voce olha, aplica no seu ritmo e decide se faz sentido. Tem garantia de 7 dias conforme o checkout.

Para comecar com um passo a passo organizado, acesse o guia pelo link da bio.

#dozeroaoreal #rendacomhonestidade #infoproduto #marketingdigital #faceless #rendaextra #kiwify #conteudodigital","Para comecar com um passo a passo organizado, acesse o guia pelo link da bio.",#dozeroaoreal #rendacomhonestidade #infoproduto #marketingdigital #faceless #rendaextra #kiwify #conteudodigital,"Slide 1: ""antes de comecar..."" Slides 2-5: erros/ajustes. Ultimo slide: convite para o guia.",Pendente,Agendar no Meta Business Suite. Revisar arte antes de publicar.
2027-01-29,sexta,20:15,Recomeco de janeiro,Semana 24,Reels,Educativo,Como escolher uma plataforma sem travar na comparacao,Como escolher uma plataforma sem travar na comparacao,"Comecar do zero fica mais dificil quando voce tenta aprender tudo ao mesmo tempo.

Tema de hoje: Como escolher uma plataforma sem travar na comparacao.

Pensa nisso como uma escada: primeiro voce entende a base, depois monta a estrutura, depois publica, depois ajusta.

Quando voce pula etapas, tudo parece confuso e qualquer ferramenta vira desculpa para travar.

A meta aqui e fazer o simples bem feito: um produto claro, uma oferta honesta e conteudo constante.

Salva esse post e segue o @dozero.aoreal para aprender o caminho sem promessa falsa.

#dozeroaoreal #rendacomhonestidade #infoproduto #marketingdigital #faceless #rendaextra #kiwify #conteudodigital",Salva esse post e segue o @dozero.aoreal para aprender o caminho sem promessa falsa.,#dozeroaoreal #rendacomhonestidade #infoproduto #marketingdigital #faceless #rendaextra #kiwify #conteudodigital,"Video faceless com texto na tela, cortes rapidos e b-roll simples de computador/celular. Sem aparecer. Narrativa opcional ou audio em alta baixo.",Pendente,Agendar no Meta Business Suite. Revisar arte antes de publicar.
2027-01-30,sabado,12:30,Recomeco de janeiro,Semana 24,Stories,Jornada,A parte invisivel de construir um projeto do zero,A parte invisivel de construir um projeto do zero,"Nem todo bastidor e bonito, mas e nele que o negocio comeca a ficar real.

Tema de hoje: A parte invisivel de construir um projeto do zero.

Nao e sobre fingir que esta tudo pronto. E sobre documentar o processo e continuar mesmo quando ainda falta lapidar.

A vantagem de comecar pequeno e que voce consegue corrigir rapido, sem depender de equipe, estudio ou orcamento.

Feito com honestidade ainda vence muita ideia perfeita que nunca sai do papel.

Se voce tambem esta comecando, acompanha a jornada no @dozero.aoreal.

#dozeroaoreal #rendacomhonestidade #infoproduto #marketingdigital #faceless #rendaextra #kiwify #conteudodigital","Se voce tambem esta comecando, acompanha a jornada no @dozero.aoreal.",#dozeroaoreal #rendacomhonestidade #infoproduto #marketingdigital #faceless #rendaextra #kiwify #conteudodigital,"Story unico com bastidor + caixa de pergunta: ""qual etapa mais te trava?"".",Pendente,Agendar no Meta Business Suite. Revisar arte antes de publicar.
2027-01-31,domingo,19:00,Recomeco de janeiro,Semana 24,Post estatico,Conexao,"Nem todo mundo comeca com camera, equipe e dinheiro","Nem todo mundo comeca com camera, equipe e dinheiro","Voce nao precisa parecer expert para dar o primeiro passo com honestidade.

Tema de hoje: Nem todo mundo comeca com camera, equipe e dinheiro.

Se o seu ponto de partida parece ruim, isso nao te elimina. So define qual e o proximo passo.

Voce pode comecar sem aparecer, sem equipamento caro e sem discurso de guru.

O que nao da e esperar coragem infinita para fazer a primeira publicacao.

Comenta ""REAL"" se voce quer comecar do jeito possivel, nao do jeito perfeito.

#dozeroaoreal #rendacomhonestidade #infoproduto #marketingdigital #faceless #rendaextra #kiwify #conteudodigital","Comenta ""REAL"" se voce quer comecar do jeito possivel, nao do jeito perfeito.",#dozeroaoreal #rendacomhonestidade #infoproduto #marketingdigital #faceless #rendaextra #kiwify #conteudodigital,"Print/nota visual estilo checklist, com 3 bullets curtos.",Pendente,Agendar no Meta Business Suite. Revisar arte antes de publicar.
2027-02-01,segunda,19:30,Recomeco de janeiro,Semana 25,Carrossel,Bastidores / prova honesta,O que tem por tras de uma landing page simples e honesta,O que tem por tras de uma landing page simples e honesta,"Um bastidor importante: esse projeto nao usa promessa de resultado garantido.

Tema de hoje: O que tem por tras de uma landing page simples e honesta.

O conteudo foi pensado para ensinar a estrutura: plataformas, conteudo faceless, copy, organizacao e checklist de acao.

Sem depoimento inventado. Sem print falso. Sem ""ganhe X por dia"". A ideia e ser util sem vender ilusao.

Isso deixa a promessa menor -- e a entrega mais limpa.

Quer ver o mapa completo? O Guia Do Zero ao Real esta no link da bio.

#dozeroaoreal #rendacomhonestidade #infoproduto #marketingdigital #faceless #rendaextra #kiwify #conteudodigital",Quer ver o mapa completo? O Guia Do Zero ao Real esta no link da bio.,#dozeroaoreal #rendacomhonestidade #infoproduto #marketingdigital #faceless #rendaextra #kiwify #conteudodigital,Slide 1: titulo forte com fundo verde-noturno e palavra REAL em lima. Slides 2-6: um ponto por slide. Ultimo slide: CTA para ver o guia no link da bio.,Pendente,Agendar no Meta Business Suite. Revisar arte antes de publicar.
2027-02-02,terca,20:15,Recomeco de janeiro,Semana 25,Reels,Venda direta honesta,"Se voce trava no primeiro passo, o guia foi feito para isso","Se voce trava no primeiro passo, o guia foi feito para isso","Se voce quer comecar, mas sempre trava na proxima etapa, esse guia pode te ajudar.

Tema de hoje: Se voce trava no primeiro passo, o guia foi feito para isso.

Dentro dele voce encontra fundamentos, cadastro em plataformas, conteudo faceless, noes de copy e organizacao financeira basica.

Nao e uma formula magica. E um roteiro para parar de ficar perdido na primeira tela.

Voce olha, aplica no seu ritmo e decide se faz sentido. Tem garantia de 7 dias conforme o checkout.

Para comecar com um passo a passo organizado, acesse o guia pelo link da bio.

#dozeroaoreal #rendacomhonestidade #infoproduto #marketingdigital #faceless #rendaextra #kiwify #conteudodigital","Para comecar com um passo a passo organizado, acesse o guia pelo link da bio.",#dozeroaoreal #rendacomhonestidade #infoproduto #marketingdigital #faceless #rendaextra #kiwify #conteudodigital,"Tela gravada mostrando checklist/rotina, com legendas grandes e ritmo rapido. Encerrar com CTA na bio.",Pendente,Agendar no Meta Business Suite. Revisar arte antes de publicar.
2027-02-03,quarta,12:30,Recomeco de janeiro,Semana 25,Stories,Educativo,A diferenca entre conteudo que ensina e conteudo que so ocupa espaco,A diferenca entre conteudo que ensina e conteudo que so ocupa espaco,"Antes de pensar em vender, voce precisa entender o caminho basico.

Tema de hoje: A diferenca entre conteudo que ensina e conteudo que so ocupa espaco.

Pensa nisso como uma escada: primeiro voce entende a base, depois monta a estrutura, depois publica, depois ajusta.

Quando voce pula etapas, tudo parece confuso e qualquer ferramenta vira desculpa para travar.

A meta aqui e fazer o simples bem feito: um produto claro, uma oferta honesta e conteudo constante.

Salva esse post e segue o @dozero.aoreal para aprender o caminho sem promessa falsa.

#dozeroaoreal #rendacomhonestidade #infoproduto #marketingdigital #faceless #rendaextra #kiwify #conteudodigital",Salva esse post e segue o @dozero.aoreal para aprender o caminho sem promessa falsa.,#dozeroaoreal #rendacomhonestidade #infoproduto #marketingdigital #faceless #rendaextra #kiwify #conteudodigital,"Antes/depois conceitual: ""antes: perdido / depois: com checklist"". CTA discreto.",Pendente,Agendar no Meta Business Suite. Revisar arte antes de publicar.
2027-02-04,quinta,19:00,Recomeco de janeiro,Semana 25,Post estatico,Jornada,Comecar sem aparecer tambem e uma escolha valida,Comecar sem aparecer tambem e uma escolha valida,"Esse projeto nasceu do jeito que muita gente comeca: sem estrutura perfeita.

Tema de hoje: Comecar sem aparecer tambem e uma escolha valida.

Nao e sobre fingir que esta tudo pronto. E sobre documentar o processo e continuar mesmo quando ainda falta lapidar.

A vantagem de comecar pequeno e que voce consegue corrigir rapido, sem depender de equipe, estudio ou orcamento.

Feito com honestidade ainda vence muita ideia perfeita que nunca sai do papel.

Se voce tambem esta comecando, acompanha a jornada no @dozero.aoreal.

#dozeroaoreal #rendacomhonestidade #infoproduto #marketingdigital #faceless #rendaextra #kiwify #conteudodigital","Se voce tambem esta comecando, acompanha a jornada no @dozero.aoreal.",#dozeroaoreal #rendacomhonestidade #infoproduto #marketingdigital #faceless #rendaextra #kiwify #conteudodigital,"Imagem unica com frase forte central, logo discreta e CTA na legenda.",Pendente,Agendar no Meta Business Suite. Revisar arte antes de publicar.
2027-02-05,sexta,19:30,Recomeco de janeiro,Semana 25,Carrossel,Conexao,A vergonha de comecar pequeno trava mais do que a falta de ferramenta,A vergonha de comecar pequeno trava mais do que a falta de ferramenta,"Tem muita gente vendendo uma vida perfeita. Aqui a conversa e outra.

Tema de hoje: A vergonha de comecar pequeno trava mais do que a falta de ferramenta.

Se o seu ponto de partida parece ruim, isso nao te elimina. So define qual e o proximo passo.

Voce pode comecar sem aparecer, sem equipamento caro e sem discurso de guru.

O que nao da e esperar coragem infinita para fazer a primeira publicacao.

Comenta ""REAL"" se voce quer comecar do jeito possivel, nao do jeito perfeito.

#dozeroaoreal #rendacomhonestidade #infoproduto #marketingdigital #faceless #rendaextra #kiwify #conteudodigital","Comenta ""REAL"" se voce quer comecar do jeito possivel, nao do jeito perfeito.",#dozeroaoreal #rendacomhonestidade #infoproduto #marketingdigital #faceless #rendaextra #kiwify #conteudodigital,"Slide 1: pergunta direta. Slides seguintes: resposta em passos curtos. Ultimo slide: ""salva para fazer depois"".",Pendente,Agendar no Meta Business Suite. Revisar arte antes de publicar.
