post_id,data,hora,formato,pilar,fase,semana,tema,gancho,legenda,cta,hashtags,direcao_visual,midia,status,ig_media_id,publicado_em,erro
2026-08-17-carrossel,2026-08-17,19:30,carrossel,Educativo,Aquecimento e autoridade,Semana 1,3 erros de quem começa no marketing digital sem direção,3 erros de quem começa no marketing digital sem direção,"Começar do zero fica mais difícil quando você tenta aprender tudo ao mesmo tempo.

Tema de hoje: 3 erros de quem começa no marketing digital sem direção.

Pensa nisso como uma escada: primeiro você entende a base, depois monta a estrutura, depois publica, depois ajusta.

Quando você pula etapas, tudo parece confuso e qualquer ferramenta vira desculpa para travar.

A meta aqui é fazer o simples bem feito: um produto claro, uma oferta honesta e conteúdo constante.

Salva esse post e segue o @dozero.aoreal para aprender o caminho sem promessa falsa.

#dozeroaoreal #rendacomhonestidade #infoproduto #marketingdigital #faceless #rendaextra #kiwify #conteudodigital",Salva esse post e segue o @dozero.aoreal para aprender o caminho sem promessa falsa.,#dozeroaoreal #rendacomhonestidade #infoproduto #marketingdigital #faceless #rendaextra #kiwify #conteudodigital,Slide 1: título forte com fundo verde-noturno e palavra REAL em lima. Slides 2-6: um ponto por slide. Último slide: CTA para ver o guia no link da bio.,2026-08-17-carrossel/2026-08-17-carrossel-1.jpg;2026-08-17-carrossel/2026-08-17-carrossel-2.jpg;2026-08-17-carrossel/2026-08-17-carrossel-3.jpg;2026-08-17-carrossel/2026-08-17-carrossel-4.jpg;2026-08-17-carrossel/2026-08-17-carrossel-5.jpg;2026-08-17-carrossel/2026-08-17-carrossel-6.jpg,pendente,,,
2026-08-18-reels,2026-08-18,20:15,reels,Jornada,Aquecimento e autoridade,Semana 1,O que eu faria se estivesse começando hoje sem dinheiro para investir,O que eu faria se estivesse começando hoje sem dinheiro para investir,"Nem todo bastidor é bonito, mas é nele que o negócio começa a ficar real.

Tema de hoje: O que eu faria se estivesse começando hoje sem dinheiro para investir.

Não é sobre fingir que está tudo pronto. É sobre documentar o processo e continuar mesmo quando ainda falta lapidar.

A vantagem de começar pequeno é que você consegue corrigir rápido, sem depender de equipe, estúdio ou orçamento.

Feito com honestidade ainda vence muita ideia perfeita que nunca sai do papel.

Se você também está começando, acompanha a jornada no @dozero.aoreal.

#dozeroaoreal #rendacomhonestidade #infoproduto #marketingdigital #faceless #rendaextra #kiwify #conteudodigital","Se você também está começando, acompanha a jornada no @dozero.aoreal.",#dozeroaoreal #rendacomhonestidade #infoproduto #marketingdigital #faceless #rendaextra #kiwify #conteudodigital,"Tela gravada mostrando checklist/rotina, com legendas grandes e ritmo rápido. Encerrar com CTA na bio.",2026-08-18-reels/2026-08-18-reels-1.mp4,pendente,,,
2026-08-19-stories,2026-08-19,12:30,stories,Conexão,Aquecimento e autoridade,Semana 1,"Se você sente que está atrasado, leia isso","Se você sente que está atrasado, leia isso","Você não precisa parecer expert para dar o primeiro passo com honestidade.

Tema de hoje: Se você sente que está atrasado, leia isso.

Se o seu ponto de partida parece ruim, isso não te elimina. Só define qual é o próximo passo.

Você pode começar sem aparecer, sem equipamento caro e sem discurso de guru.

O que não dá é esperar coragem infinita para fazer a primeira publicação.

Comenta ""REAL"" se você quer começar do jeito possível, não do jeito perfeito.

#dozeroaoreal #rendacomhonestidade #infoproduto #marketingdigital #faceless #rendaextra #kiwify #conteudodigital","Comenta ""REAL"" se você quer começar do jeito possível, não do jeito perfeito.",#dozeroaoreal #rendacomhonestidade #infoproduto #marketingdigital #faceless #rendaextra #kiwify #conteudodigital,"Antes/depois conceitual: ""antes: perdido / depois: com checklist"". CTA discreto.",2026-08-19-stories/2026-08-19-stories-1.jpg,pendente,,,
2026-08-20-estatico,2026-08-20,19:00,estatico,Bastidores / prova honesta,Aquecimento e autoridade,Semana 1,"Como o guia foi organizado por etapas, não por promessa","Como o guia foi organizado por etapas, não por promessa","Um bastidor importante: esse projeto não usa promessa de resultado garantido.

Tema de hoje: Como o guia foi organizado por etapas, não por promessa.

O conteúdo foi pensado para ensinar a estrutura: plataformas, conteúdo faceless, copy, organização e checklist de ação.

Sem depoimento inventado. Sem print falso. Sem ""ganhe X por dia"". A ideia é ser útil sem vender ilusão.

Isso deixa a promessa menor — e a entrega mais limpa.

Quer ver o mapa completo? O Guia Do Zero ao Real está no link da bio.

#dozeroaoreal #rendacomhonestidade #infoproduto #marketingdigital #faceless #rendaextra #kiwify #conteudodigital",Quer ver o mapa completo? O Guia Do Zero ao Real está no link da bio.,#dozeroaoreal #rendacomhonestidade #infoproduto #marketingdigital #faceless #rendaextra #kiwify #conteudodigital,"Imagem única com frase forte central, logo discreta e CTA na legenda.",2026-08-20-estatico/2026-08-20-estatico-1.jpg,pendente,,,
2026-08-21-carrossel,2026-08-21,19:30,carrossel,Venda direta honesta,Aquecimento e autoridade,Semana 1,O Guia Do Zero ao Real é para quem quer começar com um mapa,O Guia Do Zero ao Real é para quem quer começar com um mapa,"Se você quer começar, mas sempre trava na próxima etapa, esse guia pode te ajudar.

Tema de hoje: O Guia Do Zero ao Real é para quem quer começar com um mapa.

Dentro dele você encontra fundamentos, cadastro em plataformas, conteúdo faceless, noções de copy e organização financeira básica.

Não é uma fórmula mágica. É um roteiro para parar de ficar perdido na primeira tela.

Você olha, aplica no seu ritmo e decide se faz sentido. Tem garantia de 7 dias conforme o checkout.

Para começar com um passo a passo organizado, acesse o guia pelo link da bio.

#dozeroaoreal #rendacomhonestidade #infoproduto #marketingdigital #faceless #rendaextra #kiwify #conteudodigital","Para começar com um passo a passo organizado, acesse o guia pelo link da bio.",#dozeroaoreal #rendacomhonestidade #infoproduto #marketingdigital #faceless #rendaextra #kiwify #conteudodigital,"Slide 1: pergunta direta. Slides seguintes: resposta em passos curtos. Último slide: ""salva para fazer depois"".",2026-08-21-carrossel/2026-08-21-carrossel-1.jpg;2026-08-21-carrossel/2026-08-21-carrossel-2.jpg;2026-08-21-carrossel/2026-08-21-carrossel-3.jpg;2026-08-21-carrossel/2026-08-21-carrossel-4.jpg;2026-08-21-carrossel/2026-08-21-carrossel-5.jpg;2026-08-21-carrossel/2026-08-21-carrossel-6.jpg,pendente,,,
2026-08-22-reels,2026-08-22,20:15,reels,Educativo,Aquecimento e autoridade,Semana 1,O que é um infoproduto explicado sem enrolação,O que é um infoproduto explicado sem enrolação,"Antes de pensar em vender, você precisa entender o caminho básico.

Tema de hoje: O que é um infoproduto explicado sem enrolação.

Pensa nisso como uma escada: primeiro você entende a base, depois monta a estrutura, depois publica, depois ajusta.

Quando você pula etapas, tudo parece confuso e qualquer ferramenta vira desculpa para travar.

A meta aqui é fazer o simples bem feito: um produto claro, uma oferta honesta e conteúdo constante.

Salva esse post e segue o @dozero.aoreal para aprender o caminho sem promessa falsa.

#dozeroaoreal #rendacomhonestidade #infoproduto #marketingdigital #faceless #rendaextra #kiwify #conteudodigital",Salva esse post e segue o @dozero.aoreal para aprender o caminho sem promessa falsa.,#dozeroaoreal #rendacomhonestidade #infoproduto #marketingdigital #faceless #rendaextra #kiwify #conteudodigital,"Reels silencioso com frases em tela e música tendência. 5 cenas, 2 segundos cada.",2026-08-22-reels/2026-08-22-reels-1.mp4,pendente,,,
2026-08-23-stories,2026-08-23,12:30,stories,Jornada,Aquecimento e autoridade,Semana 1,A parte invisível de construir um projeto do zero,A parte invisível de construir um projeto do zero,"Esse projeto nasceu do jeito que muita gente começa: sem estrutura perfeita.

Tema de hoje: A parte invisível de construir um projeto do zero.

Não é sobre fingir que está tudo pronto. É sobre documentar o processo e continuar mesmo quando ainda falta lapidar.

A vantagem de começar pequeno é que você consegue corrigir rápido, sem depender de equipe, estúdio ou orçamento.

Feito com honestidade ainda vence muita ideia perfeita que nunca sai do papel.

Se você também está começando, acompanha a jornada no @dozero.aoreal.

#dozeroaoreal #rendacomhonestidade #infoproduto #marketingdigital #faceless #rendaextra #kiwify #conteudodigital","Se você também está começando, acompanha a jornada no @dozero.aoreal.",#dozeroaoreal #rendacomhonestidade #infoproduto #marketingdigital #faceless #rendaextra #kiwify #conteudodigital,"Sequência de 3 stories: 1) pergunta/enquete, 2) dica curta, 3) CTA para link da bio/check-out.",2026-08-23-stories/2026-08-23-stories-1.jpg,pendente,,,
2026-08-24-estatico,2026-08-24,19:00,estatico,Conexão,Aquecimento e autoridade,Semana 2,"Nem todo mundo começa com câmera, equipe e dinheiro","Nem todo mundo começa com câmera, equipe e dinheiro","Tem muita gente vendendo uma vida perfeita. Aqui a conversa é outra.

Tema de hoje: Nem todo mundo começa com câmera, equipe e dinheiro.

Se o seu ponto de partida parece ruim, isso não te elimina. Só define qual é o próximo passo.

Você pode começar sem aparecer, sem equipamento caro e sem discurso de guru.

O que não dá é esperar coragem infinita para fazer a primeira publicação.

Comenta ""REAL"" se você quer começar do jeito possível, não do jeito perfeito.

#dozeroaoreal #rendacomhonestidade #infoproduto #marketingdigital #faceless #rendaextra #kiwify #conteudodigital","Comenta ""REAL"" se você quer começar do jeito possível, não do jeito perfeito.",#dozeroaoreal #rendacomhonestidade #infoproduto #marketingdigital #faceless #rendaextra #kiwify #conteudodigital,"Card simples: título, subtítulo e elemento visual lima. Visual limpo, sem poluição.",2026-08-24-estatico/2026-08-24-estatico-1.jpg,pendente,,,
2026-08-25-carrossel,2026-08-25,19:30,carrossel,Bastidores / prova honesta,Aquecimento e autoridade,Semana 2,O que tem por trás de uma landing page simples e honesta,O que tem por trás de uma landing page simples e honesta,"A construção foi pensada para quem precisa sair da confusão e ir para um passo a passo.

Tema de hoje: O que tem por trás de uma landing page simples e honesta.

O conteúdo foi pensado para ensinar a estrutura: plataformas, conteúdo faceless, copy, organização e checklist de ação.

Sem depoimento inventado. Sem print falso. Sem ""ganhe X por dia"". A ideia é ser útil sem vender ilusão.

Isso deixa a promessa menor — e a entrega mais limpa.

Quer ver o mapa completo? O Guia Do Zero ao Real está no link da bio.

#dozeroaoreal #rendacomhonestidade #infoproduto #marketingdigital #faceless #rendaextra #kiwify #conteudodigital",Quer ver o mapa completo? O Guia Do Zero ao Real está no link da bio.,#dozeroaoreal #rendacomhonestidade #infoproduto #marketingdigital #faceless #rendaextra #kiwify #conteudodigital,"Slide 1: ""antes de começar..."" Slides 2-5: erros/ajustes. Último slide: convite para o guia.",2026-08-25-carrossel/2026-08-25-carrossel-1.jpg;2026-08-25-carrossel/2026-08-25-carrossel-2.jpg;2026-08-25-carrossel/2026-08-25-carrossel-3.jpg;2026-08-25-carrossel/2026-08-25-carrossel-4.jpg;2026-08-25-carrossel/2026-08-25-carrossel-5.jpg;2026-08-25-carrossel/2026-08-25-carrossel-6.jpg,pendente,,,
2026-08-26-reels,2026-08-26,20:15,reels,Venda direta honesta,Aquecimento e autoridade,Semana 2,"Se você trava no primeiro passo, o guia foi feito para isso","Se você trava no primeiro passo, o guia foi feito para isso","O Guia Do Zero ao Real não promete renda automática. Ele entrega organização.

Tema de hoje: Se você trava no primeiro passo, o guia foi feito para isso.

Dentro dele você encontra fundamentos, cadastro em plataformas, conteúdo faceless, noções de copy e organização financeira básica.

Não é uma fórmula mágica. É um roteiro para parar de ficar perdido na primeira tela.

Você olha, aplica no seu ritmo e decide se faz sentido. Tem garantia de 7 dias conforme o checkout.

Para começar com um passo a passo organizado, acesse o guia pelo link da bio.

#dozeroaoreal #rendacomhonestidade #infoproduto #marketingdigital #faceless #rendaextra #kiwify #conteudodigital","Para começar com um passo a passo organizado, acesse o guia pelo link da bio.",#dozeroaoreal #rendacomhonestidade #infoproduto #marketingdigital #faceless #rendaextra #kiwify #conteudodigital,"Vídeo faceless com texto na tela, cortes rápidos e b-roll simples de computador/celular. Sem aparecer. Narrativa opcional ou áudio em alta baixo.",2026-08-26-reels/2026-08-26-reels-1.mp4,pendente,,,
2026-08-27-stories,2026-08-27,12:30,stories,Educativo,Aquecimento e autoridade,Semana 2,Por que começar pequeno é melhor do que esperar o plano perfeito,Por que começar pequeno é melhor do que esperar o plano perfeito,"O problema não é só falta de vontade. Muitas vezes é falta de ordem.

Tema de hoje: Por que começar pequeno é melhor do que esperar o plano perfeito.

Pensa nisso como uma escada: primeiro você entende a base, depois monta a estrutura, depois publica, depois ajusta.

Quando você pula etapas, tudo parece confuso e qualquer ferramenta vira desculpa para travar.

A meta aqui é fazer o simples bem feito: um produto claro, uma oferta honesta e conteúdo constante.

Salva esse post e segue o @dozero.aoreal para aprender o caminho sem promessa falsa.

#dozeroaoreal #rendacomhonestidade #infoproduto #marketingdigital #faceless #rendaextra #kiwify #conteudodigital",Salva esse post e segue o @dozero.aoreal para aprender o caminho sem promessa falsa.,#dozeroaoreal #rendacomhonestidade #infoproduto #marketingdigital #faceless #rendaextra #kiwify #conteudodigital,"Story único com bastidor + caixa de pergunta: ""qual etapa mais te trava?"".",2026-08-27-stories/2026-08-27-stories-1.jpg,pendente,,,
2026-08-28-estatico,2026-08-28,19:00,estatico,Jornada,Aquecimento e autoridade,Semana 2,Começar sem aparecer também é uma escolha válida,Começar sem aparecer também é uma escolha válida,"O começo não precisa ser impressionante. Precisa existir.

Tema de hoje: Começar sem aparecer também é uma escolha válida.

Não é sobre fingir que está tudo pronto. É sobre documentar o processo e continuar mesmo quando ainda falta lapidar.

A vantagem de começar pequeno é que você consegue corrigir rápido, sem depender de equipe, estúdio ou orçamento.

Feito com honestidade ainda vence muita ideia perfeita que nunca sai do papel.

Se você também está começando, acompanha a jornada no @dozero.aoreal.

#dozeroaoreal #rendacomhonestidade #infoproduto #marketingdigital #faceless #rendaextra #kiwify #conteudodigital","Se você também está começando, acompanha a jornada no @dozero.aoreal.",#dozeroaoreal #rendacomhonestidade #infoproduto #marketingdigital #faceless #rendaextra #kiwify #conteudodigital,"Print/nota visual estilo checklist, com 3 bullets curtos.",2026-08-28-estatico/2026-08-28-estatico-1.jpg,pendente,,,
2026-08-29-carrossel,2026-08-29,19:30,carrossel,Conexão,Aquecimento e autoridade,Semana 2,A vergonha de começar pequeno trava mais do que a falta de ferramenta,A vergonha de começar pequeno trava mais do que a falta de ferramenta,"Se você está tentando começar e sente que está atrasado, respira.

Tema de hoje: A vergonha de começar pequeno trava mais do que a falta de ferramenta.

Se o seu ponto de partida parece ruim, isso não te elimina. Só define qual é o próximo passo.

Você pode começar sem aparecer, sem equipamento caro e sem discurso de guru.

O que não dá é esperar coragem infinita para fazer a primeira publicação.

Comenta ""REAL"" se você quer começar do jeito possível, não do jeito perfeito.

#dozeroaoreal #rendacomhonestidade #infoproduto #marketingdigital #faceless #rendaextra #kiwify #conteudodigital","Comenta ""REAL"" se você quer começar do jeito possível, não do jeito perfeito.",#dozeroaoreal #rendacomhonestidade #infoproduto #marketingdigital #faceless #rendaextra #kiwify #conteudodigital,Slide 1: título forte com fundo verde-noturno e palavra REAL em lima. Slides 2-6: um ponto por slide. Último slide: CTA para ver o guia no link da bio.,2026-08-29-carrossel/2026-08-29-carrossel-1.jpg;2026-08-29-carrossel/2026-08-29-carrossel-2.jpg;2026-08-29-carrossel/2026-08-29-carrossel-3.jpg;2026-08-29-carrossel/2026-08-29-carrossel-4.jpg;2026-08-29-carrossel/2026-08-29-carrossel-5.jpg;2026-08-29-carrossel/2026-08-29-carrossel-6.jpg,pendente,,,
2026-08-30-reels,2026-08-30,20:15,reels,Bastidores / prova honesta,Aquecimento e autoridade,Semana 2,Por que não uso depoimento falso nem print inventado,Por que não uso depoimento falso nem print inventado,"Por trás do guia existe uma escolha simples: clareza antes de hype.

Tema de hoje: Por que não uso depoimento falso nem print inventado.

O conteúdo foi pensado para ensinar a estrutura: plataformas, conteúdo faceless, copy, organização e checklist de ação.

Sem depoimento inventado. Sem print falso. Sem ""ganhe X por dia"". A ideia é ser útil sem vender ilusão.

Isso deixa a promessa menor — e a entrega mais limpa.

Quer ver o mapa completo? O Guia Do Zero ao Real está no link da bio.

#dozeroaoreal #rendacomhonestidade #infoproduto #marketingdigital #faceless #rendaextra #kiwify #conteudodigital",Quer ver o mapa completo? O Guia Do Zero ao Real está no link da bio.,#dozeroaoreal #rendacomhonestidade #infoproduto #marketingdigital #faceless #rendaextra #kiwify #conteudodigital,"Tela gravada mostrando checklist/rotina, com legendas grandes e ritmo rápido. Encerrar com CTA na bio.",2026-08-30-reels/2026-08-30-reels-1.mp4,pendente,,,
2026-08-31-stories,2026-08-31,12:30,stories,Venda direta honesta,Aquecimento e autoridade,Semana 3,O que você recebe dentro do Do Zero ao Real,O que você recebe dentro do Do Zero ao Real,"A proposta é simples: um mapa prático para quem está começando sem nada.

Tema de hoje: O que você recebe dentro do Do Zero ao Real.

Dentro dele você encontra fundamentos, cadastro em plataformas, conteúdo faceless, noções de copy e organização financeira básica.

Não é uma fórmula mágica. É um roteiro para parar de ficar perdido na primeira tela.

Você olha, aplica no seu ritmo e decide se faz sentido. Tem garantia de 7 dias conforme o checkout.

Para começar com um passo a passo organizado, acesse o guia pelo link da bio.

#dozeroaoreal #rendacomhonestidade #infoproduto #marketingdigital #faceless #rendaextra #kiwify #conteudodigital","Para começar com um passo a passo organizado, acesse o guia pelo link da bio.",#dozeroaoreal #rendacomhonestidade #infoproduto #marketingdigital #faceless #rendaextra #kiwify #conteudodigital,"Antes/depois conceitual: ""antes: perdido / depois: com checklist"". CTA discreto.",2026-08-31-stories/2026-08-31-stories-1.jpg,pendente,,,
2026-09-01-estatico,2026-09-01,19:00,estatico,Educativo,Aquecimento e autoridade,Semana 3,Como escolher uma plataforma sem travar na comparação,Como escolher uma plataforma sem travar na comparação,"Começar do zero fica mais difícil quando você tenta aprender tudo ao mesmo tempo.

Tema de hoje: Como escolher uma plataforma sem travar na comparação.

Pensa nisso como uma escada: primeiro você entende a base, depois monta a estrutura, depois publica, depois ajusta.

Quando você pula etapas, tudo parece confuso e qualquer ferramenta vira desculpa para travar.

A meta aqui é fazer o simples bem feito: um produto claro, uma oferta honesta e conteúdo constante.

Salva esse post e segue o @dozero.aoreal para aprender o caminho sem promessa falsa.

#dozeroaoreal #rendacomhonestidade #infoproduto #marketingdigital #faceless #rendaextra #kiwify #conteudodigital",Salva esse post e segue o @dozero.aoreal para aprender o caminho sem promessa falsa.,#dozeroaoreal #rendacomhonestidade #infoproduto #marketingdigital #faceless #rendaextra #kiwify #conteudodigital,"Imagem única com frase forte central, logo discreta e CTA na legenda.",2026-09-01-estatico/2026-09-01-estatico-1.jpg,pendente,,,
2026-09-02-carrossel,2026-09-02,19:30,carrossel,Jornada,Aquecimento e autoridade,Semana 3,O dia em que eu percebi que precisava parar de esperar estar pronto,O dia em que eu percebi que precisava parar de esperar estar pronto,"Nem todo bastidor é bonito, mas é nele que o negócio começa a ficar real.

Tema de hoje: O dia em que eu percebi que precisava parar de esperar estar pronto.

Não é sobre fingir que está tudo pronto. É sobre documentar o processo e continuar mesmo quando ainda falta lapidar.

A vantagem de começar pequeno é que você consegue corrigir rápido, sem depender de equipe, estúdio ou orçamento.

Feito com honestidade ainda vence muita ideia perfeita que nunca sai do papel.

Se você também está começando, acompanha a jornada no @dozero.aoreal.

#dozeroaoreal #rendacomhonestidade #infoproduto #marketingdigital #faceless #rendaextra #kiwify #conteudodigital","Se você também está começando, acompanha a jornada no @dozero.aoreal.",#dozeroaoreal #rendacomhonestidade #infoproduto #marketingdigital #faceless #rendaextra #kiwify #conteudodigital,"Slide 1: pergunta direta. Slides seguintes: resposta em passos curtos. Último slide: ""salva para fazer depois"".",2026-09-02-carrossel/2026-09-02-carrossel-1.jpg;2026-09-02-carrossel/2026-09-02-carrossel-2.jpg;2026-09-02-carrossel/2026-09-02-carrossel-3.jpg;2026-09-02-carrossel/2026-09-02-carrossel-4.jpg;2026-09-02-carrossel/2026-09-02-carrossel-5.jpg;2026-09-02-carrossel/2026-09-02-carrossel-6.jpg,pendente,,,
2026-09-03-reels,2026-09-03,20:15,reels,Conexão,Aquecimento e autoridade,Semana 3,Você não precisa virar guru para vender algo útil,Você não precisa virar guru para vender algo útil,"Você não precisa parecer expert para dar o primeiro passo com honestidade.

Tema de hoje: Você não precisa virar guru para vender algo útil.

Se o seu ponto de partida parece ruim, isso não te elimina. Só define qual é o próximo passo.

Você pode começar sem aparecer, sem equipamento caro e sem discurso de guru.

O que não dá é esperar coragem infinita para fazer a primeira publicação.

Comenta ""REAL"" se você quer começar do jeito possível, não do jeito perfeito.

#dozeroaoreal #rendacomhonestidade #infoproduto #marketingdigital #faceless #rendaextra #kiwify #conteudodigital","Comenta ""REAL"" se você quer começar do jeito possível, não do jeito perfeito.",#dozeroaoreal #rendacomhonestidade #infoproduto #marketingdigital #faceless #rendaextra #kiwify #conteudodigital,"Reels silencioso com frases em tela e música tendência. 5 cenas, 2 segundos cada.",2026-09-03-reels/2026-09-03-reels-1.mp4,pendente,,,
2026-09-04-stories,2026-09-04,12:30,stories,Bastidores / prova honesta,Aquecimento e autoridade,Semana 3,Bastidor: o produto foi feito para quem precisa de clareza,Bastidor: o produto foi feito para quem precisa de clareza,"Um bastidor importante: esse projeto não usa promessa de resultado garantido.

Tema de hoje: Bastidor: o produto foi feito para quem precisa de clareza.

O conteúdo foi pensado para ensinar a estrutura: plataformas, conteúdo faceless, copy, organização e checklist de ação.

Sem depoimento inventado. Sem print falso. Sem ""ganhe X por dia"". A ideia é ser útil sem vender ilusão.

Isso deixa a promessa menor — e a entrega mais limpa.

Quer ver o mapa completo? O Guia Do Zero ao Real está no link da bio.

#dozeroaoreal #rendacomhonestidade #infoproduto #marketingdigital #faceless #rendaextra #kiwify #conteudodigital",Quer ver o mapa completo? O Guia Do Zero ao Real está no link da bio.,#dozeroaoreal #rendacomhonestidade #infoproduto #marketingdigital #faceless #rendaextra #kiwify #conteudodigital,"Sequência de 3 stories: 1) pergunta/enquete, 2) dica curta, 3) CTA para link da bio/check-out.",2026-09-04-stories/2026-09-04-stories-1.jpg,pendente,,,
2026-09-05-estatico,2026-09-05,19:00,estatico,Venda direta honesta,Aquecimento e autoridade,Semana 3,"Por que R$49,99 compra clareza, não promessa de dinheiro","Por que R$49,99 compra clareza, não promessa de dinheiro","Se você quer começar, mas sempre trava na próxima etapa, esse guia pode te ajudar.

Tema de hoje: Por que R$49,99 compra clareza, não promessa de dinheiro.

Dentro dele você encontra fundamentos, cadastro em plataformas, conteúdo faceless, noções de copy e organização financeira básica.

Não é uma fórmula mágica. É um roteiro para parar de ficar perdido na primeira tela.

Você olha, aplica no seu ritmo e decide se faz sentido. Tem garantia de 7 dias conforme o checkout.

Para começar com um passo a passo organizado, acesse o guia pelo link da bio.

#dozeroaoreal #rendacomhonestidade #infoproduto #marketingdigital #faceless #rendaextra #kiwify #conteudodigital","Para começar com um passo a passo organizado, acesse o guia pelo link da bio.",#dozeroaoreal #rendacomhonestidade #infoproduto #marketingdigital #faceless #rendaextra #kiwify #conteudodigital,"Card simples: título, subtítulo e elemento visual lima. Visual limpo, sem poluição.",2026-09-05-estatico/2026-09-05-estatico-1.jpg,pendente,,,
2026-09-06-carrossel,2026-09-06,19:30,carrossel,Educativo,Aquecimento e autoridade,Semana 3,A diferença entre conteúdo que ensina e conteúdo que só ocupa espaço,A diferença entre conteúdo que ensina e conteúdo que só ocupa espaço,"Antes de pensar em vender, você precisa entender o caminho básico.

Tema de hoje: A diferença entre conteúdo que ensina e conteúdo que só ocupa espaço.

Pensa nisso como uma escada: primeiro você entende a base, depois monta a estrutura, depois publica, depois ajusta.

Quando você pula etapas, tudo parece confuso e qualquer ferramenta vira desculpa para travar.

A meta aqui é fazer o simples bem feito: um produto claro, uma oferta honesta e conteúdo constante.

Salva esse post e segue o @dozero.aoreal para aprender o caminho sem promessa falsa.

#dozeroaoreal #rendacomhonestidade #infoproduto #marketingdigital #faceless #rendaextra #kiwify #conteudodigital",Salva esse post e segue o @dozero.aoreal para aprender o caminho sem promessa falsa.,#dozeroaoreal #rendacomhonestidade #infoproduto #marketingdigital #faceless #rendaextra #kiwify #conteudodigital,"Slide 1: ""antes de começar..."" Slides 2-5: erros/ajustes. Último slide: convite para o guia.",2026-09-06-carrossel/2026-09-06-carrossel-1.jpg;2026-09-06-carrossel/2026-09-06-carrossel-2.jpg;2026-09-06-carrossel/2026-09-06-carrossel-3.jpg;2026-09-06-carrossel/2026-09-06-carrossel-4.jpg;2026-09-06-carrossel/2026-09-06-carrossel-5.jpg;2026-09-06-carrossel/2026-09-06-carrossel-6.jpg,pendente,,,
2026-09-07-reels,2026-09-07,20:15,reels,Jornada,Aquecimento e autoridade,Semana 4,O que mudou quando eu organizei o projeto em etapas,O que mudou quando eu organizei o projeto em etapas,"Esse projeto nasceu do jeito que muita gente começa: sem estrutura perfeita.

Tema de hoje: O que mudou quando eu organizei o projeto em etapas.

Não é sobre fingir que está tudo pronto. É sobre documentar o processo e continuar mesmo quando ainda falta lapidar.

A vantagem de começar pequeno é que você consegue corrigir rápido, sem depender de equipe, estúdio ou orçamento.

Feito com honestidade ainda vence muita ideia perfeita que nunca sai do papel.

Se você também está começando, acompanha a jornada no @dozero.aoreal.

#dozeroaoreal #rendacomhonestidade #infoproduto #marketingdigital #faceless #rendaextra #kiwify #conteudodigital","Se você também está começando, acompanha a jornada no @dozero.aoreal.",#dozeroaoreal #rendacomhonestidade #infoproduto #marketingdigital #faceless #rendaextra #kiwify #conteudodigital,"Vídeo faceless com texto na tela, cortes rápidos e b-roll simples de computador/celular. Sem aparecer. Narrativa opcional ou áudio em alta baixo.",2026-09-07-reels/2026-09-07-reels-1.mp4,pendente,,,
2026-09-08-stories,2026-09-08,12:30,stories,Conexão,Aquecimento e autoridade,Semana 4,O medo de errar não pode ser maior que a vontade de sair do lugar,O medo de errar não pode ser maior que a vontade de sair do lugar,"Tem muita gente vendendo uma vida perfeita. Aqui a conversa é outra.

Tema de hoje: O medo de errar não pode ser maior que a vontade de sair do lugar.

Se o seu ponto de partida parece ruim, isso não te elimina. Só define qual é o próximo passo.

Você pode começar sem aparecer, sem equipamento caro e sem discurso de guru.

O que não dá é esperar coragem infinita para fazer a primeira publicação.

Comenta ""REAL"" se você quer começar do jeito possível, não do jeito perfeito.

#dozeroaoreal #rendacomhonestidade #infoproduto #marketingdigital #faceless #rendaextra #kiwify #conteudodigital","Comenta ""REAL"" se você quer começar do jeito possível, não do jeito perfeito.",#dozeroaoreal #rendacomhonestidade #infoproduto #marketingdigital #faceless #rendaextra #kiwify #conteudodigital,"Story único com bastidor + caixa de pergunta: ""qual etapa mais te trava?"".",2026-09-08-stories/2026-09-08-stories-1.jpg,pendente,,,
2026-09-09-estatico,2026-09-09,19:00,estatico,Bastidores / prova honesta,Aquecimento e autoridade,Semana 4,O que entra no guia e por que isso importa para iniciantes,O que entra no guia e por que isso importa para iniciantes,"A construção foi pensada para quem precisa sair da confusão e ir para um passo a passo.

Tema de hoje: O que entra no guia e por que isso importa para iniciantes.

O conteúdo foi pensado para ensinar a estrutura: plataformas, conteúdo faceless, copy, organização e checklist de ação.

Sem depoimento inventado. Sem print falso. Sem ""ganhe X por dia"". A ideia é ser útil sem vender ilusão.

Isso deixa a promessa menor — e a entrega mais limpa.

Quer ver o mapa completo? O Guia Do Zero ao Real está no link da bio.

#dozeroaoreal #rendacomhonestidade #infoproduto #marketingdigital #faceless #rendaextra #kiwify #conteudodigital",Quer ver o mapa completo? O Guia Do Zero ao Real está no link da bio.,#dozeroaoreal #rendacomhonestidade #infoproduto #marketingdigital #faceless #rendaextra #kiwify #conteudodigital,"Print/nota visual estilo checklist, com 3 bullets curtos.",2026-09-09-estatico/2026-09-09-estatico-1.jpg,pendente,,,
2026-09-10-carrossel,2026-09-10,19:30,carrossel,Venda direta honesta,Aquecimento e autoridade,Semana 4,Antes de comprar: para quem esse guia serve e para quem não serve,Antes de comprar: para quem esse guia serve e para quem não serve,"O Guia Do Zero ao Real não promete renda automática. Ele entrega organização.

Tema de hoje: Antes de comprar: para quem esse guia serve e para quem não serve.

Dentro dele você encontra fundamentos, cadastro em plataformas, conteúdo faceless, noções de copy e organização financeira básica.

Não é uma fórmula mágica. É um roteiro para parar de ficar perdido na primeira tela.

Você olha, aplica no seu ritmo e decide se faz sentido. Tem garantia de 7 dias conforme o checkout.

Para começar com um passo a passo organizado, acesse o guia pelo link da bio.

#dozeroaoreal #rendacomhonestidade #infoproduto #marketingdigital #faceless #rendaextra #kiwify #conteudodigital","Para começar com um passo a passo organizado, acesse o guia pelo link da bio.",#dozeroaoreal #rendacomhonestidade #infoproduto #marketingdigital #faceless #rendaextra #kiwify #conteudodigital,Slide 1: título forte com fundo verde-noturno e palavra REAL em lima. Slides 2-6: um ponto por slide. Último slide: CTA para ver o guia no link da bio.,2026-09-10-carrossel/2026-09-10-carrossel-1.jpg;2026-09-10-carrossel/2026-09-10-carrossel-2.jpg;2026-09-10-carrossel/2026-09-10-carrossel-3.jpg;2026-09-10-carrossel/2026-09-10-carrossel-4.jpg;2026-09-10-carrossel/2026-09-10-carrossel-5.jpg;2026-09-10-carrossel/2026-09-10-carrossel-6.jpg,pendente,,,
2026-09-11-reels,2026-09-11,20:15,reels,Educativo,Aquecimento e autoridade,Semana 4,Como pensar em oferta sem prometer resultado impossível,Como pensar em oferta sem prometer resultado impossível,"O problema não é só falta de vontade. Muitas vezes é falta de ordem.

Tema de hoje: Como pensar em oferta sem prometer resultado impossível.

Pensa nisso como uma escada: primeiro você entende a base, depois monta a estrutura, depois publica, depois ajusta.

Quando você pula etapas, tudo parece confuso e qualquer ferramenta vira desculpa para travar.

A meta aqui é fazer o simples bem feito: um produto claro, uma oferta honesta e conteúdo constante.

Salva esse post e segue o @dozero.aoreal para aprender o caminho sem promessa falsa.

#dozeroaoreal #rendacomhonestidade #infoproduto #marketingdigital #faceless #rendaextra #kiwify #conteudodigital",Salva esse post e segue o @dozero.aoreal para aprender o caminho sem promessa falsa.,#dozeroaoreal #rendacomhonestidade #infoproduto #marketingdigital #faceless #rendaextra #kiwify #conteudodigital,"Tela gravada mostrando checklist/rotina, com legendas grandes e ritmo rápido. Encerrar com CTA na bio.",2026-09-11-reels/2026-09-11-reels-1.mp4,pendente,,,
2026-09-12-stories,2026-09-12,12:30,stories,Jornada,Aquecimento e autoridade,Semana 4,Por que documentar o processo ajuda mais do que fingir perfeição,Por que documentar o processo ajuda mais do que fingir perfeição,"O começo não precisa ser impressionante. Precisa existir.

Tema de hoje: Por que documentar o processo ajuda mais do que fingir perfeição.

Não é sobre fingir que está tudo pronto. É sobre documentar o processo e continuar mesmo quando ainda falta lapidar.

A vantagem de começar pequeno é que você consegue corrigir rápido, sem depender de equipe, estúdio ou orçamento.

Feito com honestidade ainda vence muita ideia perfeita que nunca sai do papel.

Se você também está começando, acompanha a jornada no @dozero.aoreal.

#dozeroaoreal #rendacomhonestidade #infoproduto #marketingdigital #faceless #rendaextra #kiwify #conteudodigital","Se você também está começando, acompanha a jornada no @dozero.aoreal.",#dozeroaoreal #rendacomhonestidade #infoproduto #marketingdigital #faceless #rendaextra #kiwify #conteudodigital,"Antes/depois conceitual: ""antes: perdido / depois: com checklist"". CTA discreto.",2026-09-12-stories/2026-09-12-stories-1.jpg,pendente,,,
2026-09-13-estatico,2026-09-13,19:00,estatico,Conexão,Aquecimento e autoridade,Semana 4,O começo parece feio porque ainda é começo,O começo parece feio porque ainda é começo,"Se você está tentando começar e sente que está atrasado, respira.

Tema de hoje: O começo parece feio porque ainda é começo.

Se o seu ponto de partida parece ruim, isso não te elimina. Só define qual é o próximo passo.

Você pode começar sem aparecer, sem equipamento caro e sem discurso de guru.

O que não dá é esperar coragem infinita para fazer a primeira publicação.

Comenta ""REAL"" se você quer começar do jeito possível, não do jeito perfeito.

#dozeroaoreal #rendacomhonestidade #infoproduto #marketingdigital #faceless #rendaextra #kiwify #conteudodigital","Comenta ""REAL"" se você quer começar do jeito possível, não do jeito perfeito.",#dozeroaoreal #rendacomhonestidade #infoproduto #marketingdigital #faceless #rendaextra #kiwify #conteudodigital,"Imagem única com frase forte central, logo discreta e CTA na legenda.",2026-09-13-estatico/2026-09-13-estatico-1.jpg,pendente,,,
2026-09-14-carrossel,2026-09-14,19:30,carrossel,Bastidores / prova honesta,Aquecimento e autoridade,Semana 5,Como transformei dúvidas comuns em capítulos práticos,Como transformei dúvidas comuns em capítulos práticos,"Por trás do guia existe uma escolha simples: clareza antes de hype.

Tema de hoje: Como transformei dúvidas comuns em capítulos práticos.

O conteúdo foi pensado para ensinar a estrutura: plataformas, conteúdo faceless, copy, organização e checklist de ação.

Sem depoimento inventado. Sem print falso. Sem ""ganhe X por dia"". A ideia é ser útil sem vender ilusão.

Isso deixa a promessa menor — e a entrega mais limpa.

Quer ver o mapa completo? O Guia Do Zero ao Real está no link da bio.

#dozeroaoreal #rendacomhonestidade #infoproduto #marketingdigital #faceless #rendaextra #kiwify #conteudodigital",Quer ver o mapa completo? O Guia Do Zero ao Real está no link da bio.,#dozeroaoreal #rendacomhonestidade #infoproduto #marketingdigital #faceless #rendaextra #kiwify #conteudodigital,"Slide 1: pergunta direta. Slides seguintes: resposta em passos curtos. Último slide: ""salva para fazer depois"".",2026-09-14-carrossel/2026-09-14-carrossel-1.jpg;2026-09-14-carrossel/2026-09-14-carrossel-2.jpg;2026-09-14-carrossel/2026-09-14-carrossel-3.jpg;2026-09-14-carrossel/2026-09-14-carrossel-4.jpg;2026-09-14-carrossel/2026-09-14-carrossel-5.jpg;2026-09-14-carrossel/2026-09-14-carrossel-6.jpg,pendente,,,
2026-09-15-reels,2026-09-15,20:15,reels,Venda direta honesta,Aquecimento e autoridade,Semana 5,"O guia não faz por você, mas te mostra o caminho com ordem","O guia não faz por você, mas te mostra o caminho com ordem","A proposta é simples: um mapa prático para quem está começando sem nada.

Tema de hoje: O guia não faz por você, mas te mostra o caminho com ordem.

Dentro dele você encontra fundamentos, cadastro em plataformas, conteúdo faceless, noções de copy e organização financeira básica.

Não é uma fórmula mágica. É um roteiro para parar de ficar perdido na primeira tela.

Você olha, aplica no seu ritmo e decide se faz sentido. Tem garantia de 7 dias conforme o checkout.

Para começar com um passo a passo organizado, acesse o guia pelo link da bio.

#dozeroaoreal #rendacomhonestidade #infoproduto #marketingdigital #faceless #rendaextra #kiwify #conteudodigital","Para começar com um passo a passo organizado, acesse o guia pelo link da bio.",#dozeroaoreal #rendacomhonestidade #infoproduto #marketingdigital #faceless #rendaextra #kiwify #conteudodigital,"Reels silencioso com frases em tela e música tendência. 5 cenas, 2 segundos cada.",2026-09-15-reels/2026-09-15-reels-1.mp4,pendente,,,
2026-09-16-stories,2026-09-16,12:30,stories,Educativo,Lançamento do guia,Semana 5,O básico de copywriting para quem está começando do zero,O básico de copywriting para quem está começando do zero,"Começar do zero fica mais difícil quando você tenta aprender tudo ao mesmo tempo.

Tema de hoje: O básico de copywriting para quem está começando do zero.

Pensa nisso como uma escada: primeiro você entende a base, depois monta a estrutura, depois publica, depois ajusta.

Quando você pula etapas, tudo parece confuso e qualquer ferramenta vira desculpa para travar.

A meta aqui é fazer o simples bem feito: um produto claro, uma oferta honesta e conteúdo constante.

Salva esse post e segue o @dozero.aoreal para aprender o caminho sem promessa falsa.

#dozeroaoreal #rendacomhonestidade #infoproduto #marketingdigital #faceless #rendaextra #kiwify #conteudodigital",Salva esse post e segue o @dozero.aoreal para aprender o caminho sem promessa falsa.,#dozeroaoreal #rendacomhonestidade #infoproduto #marketingdigital #faceless #rendaextra #kiwify #conteudodigital,"Sequência de 3 stories: 1) pergunta/enquete, 2) dica curta, 3) CTA para link da bio/check-out.",2026-09-16-stories/2026-09-16-stories-1.jpg,pendente,,,
2026-09-17-estatico,2026-09-17,19:00,estatico,Jornada,Lançamento do guia,Semana 5,Bastidor real: fazer simples para conseguir terminar,Bastidor real: fazer simples para conseguir terminar,"Nem todo bastidor é bonito, mas é nele que o negócio começa a ficar real.

Tema de hoje: Bastidor real: fazer simples para conseguir terminar.

Não é sobre fingir que está tudo pronto. É sobre documentar o processo e continuar mesmo quando ainda falta lapidar.

A vantagem de começar pequeno é que você consegue corrigir rápido, sem depender de equipe, estúdio ou orçamento.

Feito com honestidade ainda vence muita ideia perfeita que nunca sai do papel.

Se você também está começando, acompanha a jornada no @dozero.aoreal.

#dozeroaoreal #rendacomhonestidade #infoproduto #marketingdigital #faceless #rendaextra #kiwify #conteudodigital","Se você também está começando, acompanha a jornada no @dozero.aoreal.",#dozeroaoreal #rendacomhonestidade #infoproduto #marketingdigital #faceless #rendaextra #kiwify #conteudodigital,"Card simples: título, subtítulo e elemento visual lima. Visual limpo, sem poluição.",2026-09-17-estatico/2026-09-17-estatico-1.jpg,pendente,,,
2026-09-18-carrossel,2026-09-18,19:30,carrossel,Conexão,Lançamento do guia,Semana 5,Faceless não é se esconder; é escolher um formato possível,Faceless não é se esconder; é escolher um formato possível,"Você não precisa parecer expert para dar o primeiro passo com honestidade.

Tema de hoje: Faceless não é se esconder; é escolher um formato possível.

Se o seu ponto de partida parece ruim, isso não te elimina. Só define qual é o próximo passo.

Você pode começar sem aparecer, sem equipamento caro e sem discurso de guru.

O que não dá é esperar coragem infinita para fazer a primeira publicação.

Comenta ""REAL"" se você quer começar do jeito possível, não do jeito perfeito.

#dozeroaoreal #rendacomhonestidade #infoproduto #marketingdigital #faceless #rendaextra #kiwify #conteudodigital","Comenta ""REAL"" se você quer começar do jeito possível, não do jeito perfeito.",#dozeroaoreal #rendacomhonestidade #infoproduto #marketingdigital #faceless #rendaextra #kiwify #conteudodigital,"Slide 1: ""antes de começar..."" Slides 2-5: erros/ajustes. Último slide: convite para o guia.",2026-09-18-carrossel/2026-09-18-carrossel-1.jpg;2026-09-18-carrossel/2026-09-18-carrossel-2.jpg;2026-09-18-carrossel/2026-09-18-carrossel-3.jpg;2026-09-18-carrossel/2026-09-18-carrossel-4.jpg;2026-09-18-carrossel/2026-09-18-carrossel-5.jpg;2026-09-18-carrossel/2026-09-18-carrossel-6.jpg,pendente,,,
2026-09-19-reels,2026-09-19,20:15,reels,Bastidores / prova honesta,Lançamento do guia,Semana 5,"Por que a garantia existe, mas o esforço continua sendo seu","Por que a garantia existe, mas o esforço continua sendo seu","Um bastidor importante: esse projeto não usa promessa de resultado garantido.

Tema de hoje: Por que a garantia existe, mas o esforço continua sendo seu.

O conteúdo foi pensado para ensinar a estrutura: plataformas, conteúdo faceless, copy, organização e checklist de ação.

Sem depoimento inventado. Sem print falso. Sem ""ganhe X por dia"". A ideia é ser útil sem vender ilusão.

Isso deixa a promessa menor — e a entrega mais limpa.

Quer ver o mapa completo? O Guia Do Zero ao Real está no link da bio.

#dozeroaoreal #rendacomhonestidade #infoproduto #marketingdigital #faceless #rendaextra #kiwify #conteudodigital",Quer ver o mapa completo? O Guia Do Zero ao Real está no link da bio.,#dozeroaoreal #rendacomhonestidade #infoproduto #marketingdigital #faceless #rendaextra #kiwify #conteudodigital,"Vídeo faceless com texto na tela, cortes rápidos e b-roll simples de computador/celular. Sem aparecer. Narrativa opcional ou áudio em alta baixo.",2026-09-19-reels/2026-09-19-reels-1.mp4,pendente,,,
2026-09-20-stories,2026-09-20,12:30,stories,Venda direta honesta,Lançamento do guia,Semana 5,7 dias de garantia para você olhar com calma,7 dias de garantia para você olhar com calma,"Se você quer começar, mas sempre trava na próxima etapa, esse guia pode te ajudar.

Tema de hoje: 7 dias de garantia para você olhar com calma.

Dentro dele você encontra fundamentos, cadastro em plataformas, conteúdo faceless, noções de copy e organização financeira básica.

Não é uma fórmula mágica. É um roteiro para parar de ficar perdido na primeira tela.

Você olha, aplica no seu ritmo e decide se faz sentido. Tem garantia de 7 dias conforme o checkout.

Para começar com um passo a passo organizado, acesse o guia pelo link da bio.

#dozeroaoreal #rendacomhonestidade #infoproduto #marketingdigital #faceless #rendaextra #kiwify #conteudodigital","Para começar com um passo a passo organizado, acesse o guia pelo link da bio.",#dozeroaoreal #rendacomhonestidade #infoproduto #marketingdigital #faceless #rendaextra #kiwify #conteudodigital,"Story único com bastidor + caixa de pergunta: ""qual etapa mais te trava?"".",2026-09-20-stories/2026-09-20-stories-1.jpg,pendente,,,
2026-09-21-estatico,2026-09-21,19:00,estatico,Educativo,Lançamento do guia,Semana 6,Como montar uma rotina simples de produção de conteúdo,Como montar uma rotina simples de produção de conteúdo,"Antes de pensar em vender, você precisa entender o caminho básico.

Tema de hoje: Como montar uma rotina simples de produção de conteúdo.

Pensa nisso como uma escada: primeiro você entende a base, depois monta a estrutura, depois publica, depois ajusta.

Quando você pula etapas, tudo parece confuso e qualquer ferramenta vira desculpa para travar.

A meta aqui é fazer o simples bem feito: um produto claro, uma oferta honesta e conteúdo constante.

Salva esse post e segue o @dozero.aoreal para aprender o caminho sem promessa falsa.

#dozeroaoreal #rendacomhonestidade #infoproduto #marketingdigital #faceless #rendaextra #kiwify #conteudodigital",Salva esse post e segue o @dozero.aoreal para aprender o caminho sem promessa falsa.,#dozeroaoreal #rendacomhonestidade #infoproduto #marketingdigital #faceless #rendaextra #kiwify #conteudodigital,"Print/nota visual estilo checklist, com 3 bullets curtos.",2026-09-21-estatico/2026-09-21-estatico-1.jpg,pendente,,,
2026-09-22-carrossel,2026-09-22,19:30,carrossel,Jornada,Lançamento do guia,Semana 6,A diferença entre estar perdido e estar no começo,A diferença entre estar perdido e estar no começo,"Esse projeto nasceu do jeito que muita gente começa: sem estrutura perfeita.

Tema de hoje: A diferença entre estar perdido e estar no começo.

Não é sobre fingir que está tudo pronto. É sobre documentar o processo e continuar mesmo quando ainda falta lapidar.

A vantagem de começar pequeno é que você consegue corrigir rápido, sem depender de equipe, estúdio ou orçamento.

Feito com honestidade ainda vence muita ideia perfeita que nunca sai do papel.

Se você também está começando, acompanha a jornada no @dozero.aoreal.

#dozeroaoreal #rendacomhonestidade #infoproduto #marketingdigital #faceless #rendaextra #kiwify #conteudodigital","Se você também está começando, acompanha a jornada no @dozero.aoreal.",#dozeroaoreal #rendacomhonestidade #infoproduto #marketingdigital #faceless #rendaextra #kiwify #conteudodigital,Slide 1: título forte com fundo verde-noturno e palavra REAL em lima. Slides 2-6: um ponto por slide. Último slide: CTA para ver o guia no link da bio.,2026-09-22-carrossel/2026-09-22-carrossel-1.jpg;2026-09-22-carrossel/2026-09-22-carrossel-2.jpg;2026-09-22-carrossel/2026-09-22-carrossel-3.jpg;2026-09-22-carrossel/2026-09-22-carrossel-4.jpg;2026-09-22-carrossel/2026-09-22-carrossel-5.jpg;2026-09-22-carrossel/2026-09-22-carrossel-6.jpg,pendente,,,
2026-09-23-reels,2026-09-23,20:15,reels,Conexão,Lançamento do guia,Semana 6,O plano perfeito muitas vezes é só procrastinação com nome bonito,O plano perfeito muitas vezes é só procrastinação com nome bonito,"Tem muita gente vendendo uma vida perfeita. Aqui a conversa é outra.

Tema de hoje: O plano perfeito muitas vezes é só procrastinação com nome bonito.

Se o seu ponto de partida parece ruim, isso não te elimina. Só define qual é o próximo passo.

Você pode começar sem aparecer, sem equipamento caro e sem discurso de guru.

O que não dá é esperar coragem infinita para fazer a primeira publicação.

Comenta ""REAL"" se você quer começar do jeito possível, não do jeito perfeito.

#dozeroaoreal #rendacomhonestidade #infoproduto #marketingdigital #faceless #rendaextra #kiwify #conteudodigital","Comenta ""REAL"" se você quer começar do jeito possível, não do jeito perfeito.",#dozeroaoreal #rendacomhonestidade #infoproduto #marketingdigital #faceless #rendaextra #kiwify #conteudodigital,"Tela gravada mostrando checklist/rotina, com legendas grandes e ritmo rápido. Encerrar com CTA na bio.",2026-09-23-reels/2026-09-23-reels-1.mp4,pendente,,,
2026-09-24-stories,2026-09-24,12:30,stories,Bastidores / prova honesta,Lançamento do guia,Semana 6,"Bastidor da VSL: direto ao ponto, sem teatro de riqueza","Bastidor da VSL: direto ao ponto, sem teatro de riqueza","A construção foi pensada para quem precisa sair da confusão e ir para um passo a passo.

Tema de hoje: Bastidor da VSL: direto ao ponto, sem teatro de riqueza.

O conteúdo foi pensado para ensinar a estrutura: plataformas, conteúdo faceless, copy, organização e checklist de ação.

Sem depoimento inventado. Sem print falso. Sem ""ganhe X por dia"". A ideia é ser útil sem vender ilusão.

Isso deixa a promessa menor — e a entrega mais limpa.

Quer ver o mapa completo? O Guia Do Zero ao Real está no link da bio.

#dozeroaoreal #rendacomhonestidade #infoproduto #marketingdigital #faceless #rendaextra #kiwify #conteudodigital",Quer ver o mapa completo? O Guia Do Zero ao Real está no link da bio.,#dozeroaoreal #rendacomhonestidade #infoproduto #marketingdigital #faceless #rendaextra #kiwify #conteudodigital,"Antes/depois conceitual: ""antes: perdido / depois: com checklist"". CTA discreto.",2026-09-24-stories/2026-09-24-stories-1.jpg,pendente,,,
2026-09-25-estatico,2026-09-25,19:00,estatico,Venda direta honesta,Lançamento do guia,Semana 6,Quer começar hoje? O checkout está na bio,Quer começar hoje? O checkout está na bio,"O Guia Do Zero ao Real não promete renda automática. Ele entrega organização.

Tema de hoje: Quer começar hoje? O checkout está na bio.

Dentro dele você encontra fundamentos, cadastro em plataformas, conteúdo faceless, noções de copy e organização financeira básica.

Não é uma fórmula mágica. É um roteiro para parar de ficar perdido na primeira tela.

Você olha, aplica no seu ritmo e decide se faz sentido. Tem garantia de 7 dias conforme o checkout.

Para começar com um passo a passo organizado, acesse o guia pelo link da bio.

#dozeroaoreal #rendacomhonestidade #infoproduto #marketingdigital #faceless #rendaextra #kiwify #conteudodigital","Para começar com um passo a passo organizado, acesse o guia pelo link da bio.",#dozeroaoreal #rendacomhonestidade #infoproduto #marketingdigital #faceless #rendaextra #kiwify #conteudodigital,"Imagem única com frase forte central, logo discreta e CTA na legenda.",2026-09-25-estatico/2026-09-25-estatico-1.jpg,pendente,,,
2026-09-26-carrossel,2026-09-26,19:30,carrossel,Educativo,Lançamento do guia,Semana 6,O que colocar numa bio que realmente explica o perfil,O que colocar numa bio que realmente explica o perfil,"O problema não é só falta de vontade. Muitas vezes é falta de ordem.

Tema de hoje: O que colocar numa bio que realmente explica o perfil.

Pensa nisso como uma escada: primeiro você entende a base, depois monta a estrutura, depois publica, depois ajusta.

Quando você pula etapas, tudo parece confuso e qualquer ferramenta vira desculpa para travar.

A meta aqui é fazer o simples bem feito: um produto claro, uma oferta honesta e conteúdo constante.

Salva esse post e segue o @dozero.aoreal para aprender o caminho sem promessa falsa.

#dozeroaoreal #rendacomhonestidade #infoproduto #marketingdigital #faceless #rendaextra #kiwify #conteudodigital",Salva esse post e segue o @dozero.aoreal para aprender o caminho sem promessa falsa.,#dozeroaoreal #rendacomhonestidade #infoproduto #marketingdigital #faceless #rendaextra #kiwify #conteudodigital,"Slide 1: pergunta direta. Slides seguintes: resposta em passos curtos. Último slide: ""salva para fazer depois"".",2026-09-26-carrossel/2026-09-26-carrossel-1.jpg;2026-09-26-carrossel/2026-09-26-carrossel-2.jpg;2026-09-26-carrossel/2026-09-26-carrossel-3.jpg;2026-09-26-carrossel/2026-09-26-carrossel-4.jpg;2026-09-26-carrossel/2026-09-26-carrossel-5.jpg;2026-09-26-carrossel/2026-09-26-carrossel-6.jpg,pendente,,,
2026-09-27-reels,2026-09-27,20:15,reels,Jornada,Lançamento do guia,Semana 6,O que eu faria se estivesse começando hoje sem dinheiro para investir,O que eu faria se estivesse começando hoje sem dinheiro para investir,"O começo não precisa ser impressionante. Precisa existir.

Tema de hoje: O que eu faria se estivesse começando hoje sem dinheiro para investir.

Não é sobre fingir que está tudo pronto. É sobre documentar o processo e continuar mesmo quando ainda falta lapidar.

A vantagem de começar pequeno é que você consegue corrigir rápido, sem depender de equipe, estúdio ou orçamento.

Feito com honestidade ainda vence muita ideia perfeita que nunca sai do papel.

Se você também está começando, acompanha a jornada no @dozero.aoreal.

#dozeroaoreal #rendacomhonestidade #infoproduto #marketingdigital #faceless #rendaextra #kiwify #conteudodigital","Se você também está começando, acompanha a jornada no @dozero.aoreal.",#dozeroaoreal #rendacomhonestidade #infoproduto #marketingdigital #faceless #rendaextra #kiwify #conteudodigital,"Reels silencioso com frases em tela e música tendência. 5 cenas, 2 segundos cada.",2026-09-27-reels/2026-09-27-reels-1.mp4,pendente,,,
2026-09-28-stories,2026-09-28,12:30,stories,Conexão,Lançamento do guia,Semana 7,"Se você sente que está atrasado, leia isso","Se você sente que está atrasado, leia isso","Se você está tentando começar e sente que está atrasado, respira.

Tema de hoje: Se você sente que está atrasado, leia isso.

Se o seu ponto de partida parece ruim, isso não te elimina. Só define qual é o próximo passo.

Você pode começar sem aparecer, sem equipamento caro e sem discurso de guru.

O que não dá é esperar coragem infinita para fazer a primeira publicação.

Comenta ""REAL"" se você quer começar do jeito possível, não do jeito perfeito.

#dozeroaoreal #rendacomhonestidade #infoproduto #marketingdigital #faceless #rendaextra #kiwify #conteudodigital","Comenta ""REAL"" se você quer começar do jeito possível, não do jeito perfeito.",#dozeroaoreal #rendacomhonestidade #infoproduto #marketingdigital #faceless #rendaextra #kiwify #conteudodigital,"Sequência de 3 stories: 1) pergunta/enquete, 2) dica curta, 3) CTA para link da bio/check-out.",2026-09-28-stories/2026-09-28-stories-1.jpg,pendente,,,
2026-09-29-estatico,2026-09-29,19:00,estatico,Bastidores / prova honesta,Lançamento do guia,Semana 7,"Como o guia foi organizado por etapas, não por promessa","Como o guia foi organizado por etapas, não por promessa","Por trás do guia existe uma escolha simples: clareza antes de hype.

Tema de hoje: Como o guia foi organizado por etapas, não por promessa.

O conteúdo foi pensado para ensinar a estrutura: plataformas, conteúdo faceless, copy, organização e checklist de ação.

Sem depoimento inventado. Sem print falso. Sem ""ganhe X por dia"". A ideia é ser útil sem vender ilusão.

Isso deixa a promessa menor — e a entrega mais limpa.

Quer ver o mapa completo? O Guia Do Zero ao Real está no link da bio.

#dozeroaoreal #rendacomhonestidade #infoproduto #marketingdigital #faceless #rendaextra #kiwify #conteudodigital",Quer ver o mapa completo? O Guia Do Zero ao Real está no link da bio.,#dozeroaoreal #rendacomhonestidade #infoproduto #marketingdigital #faceless #rendaextra #kiwify #conteudodigital,"Card simples: título, subtítulo e elemento visual lima. Visual limpo, sem poluição.",2026-09-29-estatico/2026-09-29-estatico-1.jpg,pendente,,,
2026-09-30-carrossel,2026-09-30,19:30,carrossel,Venda direta honesta,Lançamento do guia,Semana 7,O Guia Do Zero ao Real é para quem quer começar com um mapa,O Guia Do Zero ao Real é para quem quer começar com um mapa,"A proposta é simples: um mapa prático para quem está começando sem nada.

Tema de hoje: O Guia Do Zero ao Real é para quem quer começar com um mapa.

Dentro dele você encontra fundamentos, cadastro em plataformas, conteúdo faceless, noções de copy e organização financeira básica.

Não é uma fórmula mágica. É um roteiro para parar de ficar perdido na primeira tela.

Você olha, aplica no seu ritmo e decide se faz sentido. Tem garantia de 7 dias conforme o checkout.

Para começar com um passo a passo organizado, acesse o guia pelo link da bio.

#dozeroaoreal #rendacomhonestidade #infoproduto #marketingdigital #faceless #rendaextra #kiwify #conteudodigital","Para começar com um passo a passo organizado, acesse o guia pelo link da bio.",#dozeroaoreal #rendacomhonestidade #infoproduto #marketingdigital #faceless #rendaextra #kiwify #conteudodigital,"Slide 1: ""antes de começar..."" Slides 2-5: erros/ajustes. Último slide: convite para o guia.",2026-09-30-carrossel/2026-09-30-carrossel-1.jpg;2026-09-30-carrossel/2026-09-30-carrossel-2.jpg;2026-09-30-carrossel/2026-09-30-carrossel-3.jpg;2026-09-30-carrossel/2026-09-30-carrossel-4.jpg;2026-09-30-carrossel/2026-09-30-carrossel-5.jpg;2026-09-30-carrossel/2026-09-30-carrossel-6.jpg,pendente,,,
2026-10-01-reels,2026-10-01,20:15,reels,Educativo,Lançamento do guia,Semana 7,Como usar prova honesta mesmo sem depoimentos ainda,Como usar prova honesta mesmo sem depoimentos ainda,"Começar do zero fica mais difícil quando você tenta aprender tudo ao mesmo tempo.

Tema de hoje: Como usar prova honesta mesmo sem depoimentos ainda.

Pensa nisso como uma escada: primeiro você entende a base, depois monta a estrutura, depois publica, depois ajusta.

Quando você pula etapas, tudo parece confuso e qualquer ferramenta vira desculpa para travar.

A meta aqui é fazer o simples bem feito: um produto claro, uma oferta honesta e conteúdo constante.

Salva esse post e segue o @dozero.aoreal para aprender o caminho sem promessa falsa.

#dozeroaoreal #rendacomhonestidade #infoproduto #marketingdigital #faceless #rendaextra #kiwify #conteudodigital",Salva esse post e segue o @dozero.aoreal para aprender o caminho sem promessa falsa.,#dozeroaoreal #rendacomhonestidade #infoproduto #marketingdigital #faceless #rendaextra #kiwify #conteudodigital,"Vídeo faceless com texto na tela, cortes rápidos e b-roll simples de computador/celular. Sem aparecer. Narrativa opcional ou áudio em alta baixo.",,pendente,,,
2026-10-02-stories,2026-10-02,12:30,stories,Jornada,Lançamento do guia,Semana 7,A parte invisível de construir um projeto do zero,A parte invisível de construir um projeto do zero,"Nem todo bastidor é bonito, mas é nele que o negócio começa a ficar real.

Tema de hoje: A parte invisível de construir um projeto do zero.

Não é sobre fingir que está tudo pronto. É sobre documentar o processo e continuar mesmo quando ainda falta lapidar.

A vantagem de começar pequeno é que você consegue corrigir rápido, sem depender de equipe, estúdio ou orçamento.

Feito com honestidade ainda vence muita ideia perfeita que nunca sai do papel.

Se você também está começando, acompanha a jornada no @dozero.aoreal.

#dozeroaoreal #rendacomhonestidade #infoproduto #marketingdigital #faceless #rendaextra #kiwify #conteudodigital","Se você também está começando, acompanha a jornada no @dozero.aoreal.",#dozeroaoreal #rendacomhonestidade #infoproduto #marketingdigital #faceless #rendaextra #kiwify #conteudodigital,"Story único com bastidor + caixa de pergunta: ""qual etapa mais te trava?"".",2026-10-02-stories/2026-10-02-stories-1.jpg,pendente,,,
2026-10-03-estatico,2026-10-03,19:00,estatico,Conexão,Lançamento do guia,Semana 7,"Nem todo mundo começa com câmera, equipe e dinheiro","Nem todo mundo começa com câmera, equipe e dinheiro","Você não precisa parecer expert para dar o primeiro passo com honestidade.

Tema de hoje: Nem todo mundo começa com câmera, equipe e dinheiro.

Se o seu ponto de partida parece ruim, isso não te elimina. Só define qual é o próximo passo.

Você pode começar sem aparecer, sem equipamento caro e sem discurso de guru.

O que não dá é esperar coragem infinita para fazer a primeira publicação.

Comenta ""REAL"" se você quer começar do jeito possível, não do jeito perfeito.

#dozeroaoreal #rendacomhonestidade #infoproduto #marketingdigital #faceless #rendaextra #kiwify #conteudodigital","Comenta ""REAL"" se você quer começar do jeito possível, não do jeito perfeito.",#dozeroaoreal #rendacomhonestidade #infoproduto #marketingdigital #faceless #rendaextra #kiwify #conteudodigital,"Print/nota visual estilo checklist, com 3 bullets curtos.",2026-10-03-estatico/2026-10-03-estatico-1.jpg,pendente,,,
2026-10-04-carrossel,2026-10-04,19:30,carrossel,Bastidores / prova honesta,Lançamento do guia,Semana 7,O que tem por trás de uma landing page simples e honesta,O que tem por trás de uma landing page simples e honesta,"Um bastidor importante: esse projeto não usa promessa de resultado garantido.

Tema de hoje: O que tem por trás de uma landing page simples e honesta.

O conteúdo foi pensado para ensinar a estrutura: plataformas, conteúdo faceless, copy, organização e checklist de ação.

Sem depoimento inventado. Sem print falso. Sem ""ganhe X por dia"". A ideia é ser útil sem vender ilusão.

Isso deixa a promessa menor — e a entrega mais limpa.

Quer ver o mapa completo? O Guia Do Zero ao Real está no link da bio.

#dozeroaoreal #rendacomhonestidade #infoproduto #marketingdigital #faceless #rendaextra #kiwify #conteudodigital",Quer ver o mapa completo? O Guia Do Zero ao Real está no link da bio.,#dozeroaoreal #rendacomhonestidade #infoproduto #marketingdigital #faceless #rendaextra #kiwify #conteudodigital,Slide 1: título forte com fundo verde-noturno e palavra REAL em lima. Slides 2-6: um ponto por slide. Último slide: CTA para ver o guia no link da bio.,2026-10-04-carrossel/2026-10-04-carrossel-1.jpg;2026-10-04-carrossel/2026-10-04-carrossel-2.jpg;2026-10-04-carrossel/2026-10-04-carrossel-3.jpg;2026-10-04-carrossel/2026-10-04-carrossel-4.jpg;2026-10-04-carrossel/2026-10-04-carrossel-5.jpg;2026-10-04-carrossel/2026-10-04-carrossel-6.jpg,pendente,,,
2026-10-05-reels,2026-10-05,20:15,reels,Venda direta honesta,Lançamento do guia,Semana 8,"Se você trava no primeiro passo, o guia foi feito para isso","Se você trava no primeiro passo, o guia foi feito para isso","Se você quer começar, mas sempre trava na próxima etapa, esse guia pode te ajudar.

Tema de hoje: Se você trava no primeiro passo, o guia foi feito para isso.

Dentro dele você encontra fundamentos, cadastro em plataformas, conteúdo faceless, noções de copy e organização financeira básica.

Não é uma fórmula mágica. É um roteiro para parar de ficar perdido na primeira tela.

Você olha, aplica no seu ritmo e decide se faz sentido. Tem garantia de 7 dias conforme o checkout.

Para começar com um passo a passo organizado, acesse o guia pelo link da bio.

#dozeroaoreal #rendacomhonestidade #infoproduto #marketingdigital #faceless #rendaextra #kiwify #conteudodigital","Para começar com um passo a passo organizado, acesse o guia pelo link da bio.",#dozeroaoreal #rendacomhonestidade #infoproduto #marketingdigital #faceless #rendaextra #kiwify #conteudodigital,"Tela gravada mostrando checklist/rotina, com legendas grandes e ritmo rápido. Encerrar com CTA na bio.",,pendente,,,
2026-10-06-stories,2026-10-06,12:30,stories,Educativo,Lançamento do guia,Semana 8,3 erros de quem começa no marketing digital sem direção,3 erros de quem começa no marketing digital sem direção,"Antes de pensar em vender, você precisa entender o caminho básico.

Tema de hoje: 3 erros de quem começa no marketing digital sem direção.

Pensa nisso como uma escada: primeiro você entende a base, depois monta a estrutura, depois publica, depois ajusta.

Quando você pula etapas, tudo parece confuso e qualquer ferramenta vira desculpa para travar.

A meta aqui é fazer o simples bem feito: um produto claro, uma oferta honesta e conteúdo constante.

Salva esse post e segue o @dozero.aoreal para aprender o caminho sem promessa falsa.

#dozeroaoreal #rendacomhonestidade #infoproduto #marketingdigital #faceless #rendaextra #kiwify #conteudodigital",Salva esse post e segue o @dozero.aoreal para aprender o caminho sem promessa falsa.,#dozeroaoreal #rendacomhonestidade #infoproduto #marketingdigital #faceless #rendaextra #kiwify #conteudodigital,"Antes/depois conceitual: ""antes: perdido / depois: com checklist"". CTA discreto.",2026-10-06-stories/2026-10-06-stories-1.jpg,pendente,,,
2026-10-07-estatico,2026-10-07,19:00,estatico,Jornada,Lançamento do guia,Semana 8,Começar sem aparecer também é uma escolha válida,Começar sem aparecer também é uma escolha válida,"Esse projeto nasceu do jeito que muita gente começa: sem estrutura perfeita.

Tema de hoje: Começar sem aparecer também é uma escolha válida.

Não é sobre fingir que está tudo pronto. É sobre documentar o processo e continuar mesmo quando ainda falta lapidar.

A vantagem de começar pequeno é que você consegue corrigir rápido, sem depender de equipe, estúdio ou orçamento.

Feito com honestidade ainda vence muita ideia perfeita que nunca sai do papel.

Se você também está começando, acompanha a jornada no @dozero.aoreal.

#dozeroaoreal #rendacomhonestidade #infoproduto #marketingdigital #faceless #rendaextra #kiwify #conteudodigital","Se você também está começando, acompanha a jornada no @dozero.aoreal.",#dozeroaoreal #rendacomhonestidade #infoproduto #marketingdigital #faceless #rendaextra #kiwify #conteudodigital,"Imagem única com frase forte central, logo discreta e CTA na legenda.",2026-10-07-estatico/2026-10-07-estatico-1.jpg,pendente,,,
2026-10-08-carrossel,2026-10-08,19:30,carrossel,Conexão,Lançamento do guia,Semana 8,A vergonha de começar pequeno trava mais do que a falta de ferramenta,A vergonha de começar pequeno trava mais do que a falta de ferramenta,"Tem muita gente vendendo uma vida perfeita. Aqui a conversa é outra.

Tema de hoje: A vergonha de começar pequeno trava mais do que a falta de ferramenta.

Se o seu ponto de partida parece ruim, isso não te elimina. Só define qual é o próximo passo.

Você pode começar sem aparecer, sem equipamento caro e sem discurso de guru.

O que não dá é esperar coragem infinita para fazer a primeira publicação.

Comenta ""REAL"" se você quer começar do jeito possível, não do jeito perfeito.

#dozeroaoreal #rendacomhonestidade #infoproduto #marketingdigital #faceless #rendaextra #kiwify #conteudodigital","Comenta ""REAL"" se você quer começar do jeito possível, não do jeito perfeito.",#dozeroaoreal #rendacomhonestidade #infoproduto #marketingdigital #faceless #rendaextra #kiwify #conteudodigital,"Slide 1: pergunta direta. Slides seguintes: resposta em passos curtos. Último slide: ""salva para fazer depois"".",2026-10-08-carrossel/2026-10-08-carrossel-1.jpg;2026-10-08-carrossel/2026-10-08-carrossel-2.jpg;2026-10-08-carrossel/2026-10-08-carrossel-3.jpg;2026-10-08-carrossel/2026-10-08-carrossel-4.jpg;2026-10-08-carrossel/2026-10-08-carrossel-5.jpg;2026-10-08-carrossel/2026-10-08-carrossel-6.jpg,pendente,,,
2026-10-09-reels,2026-10-09,20:15,reels,Bastidores / prova honesta,Lançamento do guia,Semana 8,Por que não uso depoimento falso nem print inventado,Por que não uso depoimento falso nem print inventado,"A construção foi pensada para quem precisa sair da confusão e ir para um passo a passo.

Tema de hoje: Por que não uso depoimento falso nem print inventado.

O conteúdo foi pensado para ensinar a estrutura: plataformas, conteúdo faceless, copy, organização e checklist de ação.

Sem depoimento inventado. Sem print falso. Sem ""ganhe X por dia"". A ideia é ser útil sem vender ilusão.

Isso deixa a promessa menor — e a entrega mais limpa.

Quer ver o mapa completo? O Guia Do Zero ao Real está no link da bio.

#dozeroaoreal #rendacomhonestidade #infoproduto #marketingdigital #faceless #rendaextra #kiwify #conteudodigital",Quer ver o mapa completo? O Guia Do Zero ao Real está no link da bio.,#dozeroaoreal #rendacomhonestidade #infoproduto #marketingdigital #faceless #rendaextra #kiwify #conteudodigital,"Reels silencioso com frases em tela e música tendência. 5 cenas, 2 segundos cada.",,pendente,,,
2026-10-10-stories,2026-10-10,12:30,stories,Venda direta honesta,Lançamento do guia,Semana 8,O que você recebe dentro do Do Zero ao Real,O que você recebe dentro do Do Zero ao Real,"O Guia Do Zero ao Real não promete renda automática. Ele entrega organização.

Tema de hoje: O que você recebe dentro do Do Zero ao Real.

Dentro dele você encontra fundamentos, cadastro em plataformas, conteúdo faceless, noções de copy e organização financeira básica.

Não é uma fórmula mágica. É um roteiro para parar de ficar perdido na primeira tela.

Você olha, aplica no seu ritmo e decide se faz sentido. Tem garantia de 7 dias conforme o checkout.

Para começar com um passo a passo organizado, acesse o guia pelo link da bio.

#dozeroaoreal #rendacomhonestidade #infoproduto #marketingdigital #faceless #rendaextra #kiwify #conteudodigital","Para começar com um passo a passo organizado, acesse o guia pelo link da bio.",#dozeroaoreal #rendacomhonestidade #infoproduto #marketingdigital #faceless #rendaextra #kiwify #conteudodigital,"Sequência de 3 stories: 1) pergunta/enquete, 2) dica curta, 3) CTA para link da bio/check-out.",2026-10-10-stories/2026-10-10-stories-1.jpg,pendente,,,
2026-10-11-estatico,2026-10-11,19:00,estatico,Educativo,Lançamento do guia,Semana 8,O que é um infoproduto explicado sem enrolação,O que é um infoproduto explicado sem enrolação,"O problema não é só falta de vontade. Muitas vezes é falta de ordem.

Tema de hoje: O que é um infoproduto explicado sem enrolação.

Pensa nisso como uma escada: primeiro você entende a base, depois monta a estrutura, depois publica, depois ajusta.

Quando você pula etapas, tudo parece confuso e qualquer ferramenta vira desculpa para travar.

A meta aqui é fazer o simples bem feito: um produto claro, uma oferta honesta e conteúdo constante.

Salva esse post e segue o @dozero.aoreal para aprender o caminho sem promessa falsa.

#dozeroaoreal #rendacomhonestidade #infoproduto #marketingdigital #faceless #rendaextra #kiwify #conteudodigital",Salva esse post e segue o @dozero.aoreal para aprender o caminho sem promessa falsa.,#dozeroaoreal #rendacomhonestidade #infoproduto #marketingdigital #faceless #rendaextra #kiwify #conteudodigital,"Card simples: título, subtítulo e elemento visual lima. Visual limpo, sem poluição.",2026-10-11-estatico/2026-10-11-estatico-1.jpg,pendente,,,
2026-10-12-carrossel,2026-10-12,19:30,carrossel,Jornada,Lançamento do guia,Semana 9,O dia em que eu percebi que precisava parar de esperar estar pronto,O dia em que eu percebi que precisava parar de esperar estar pronto,"O começo não precisa ser impressionante. Precisa existir.

Tema de hoje: O dia em que eu percebi que precisava parar de esperar estar pronto.

Não é sobre fingir que está tudo pronto. É sobre documentar o processo e continuar mesmo quando ainda falta lapidar.

A vantagem de começar pequeno é que você consegue corrigir rápido, sem depender de equipe, estúdio ou orçamento.

Feito com honestidade ainda vence muita ideia perfeita que nunca sai do papel.

Se você também está começando, acompanha a jornada no @dozero.aoreal.

#dozeroaoreal #rendacomhonestidade #infoproduto #marketingdigital #faceless #rendaextra #kiwify #conteudodigital","Se você também está começando, acompanha a jornada no @dozero.aoreal.",#dozeroaoreal #rendacomhonestidade #infoproduto #marketingdigital #faceless #rendaextra #kiwify #conteudodigital,"Slide 1: ""antes de começar..."" Slides 2-5: erros/ajustes. Último slide: convite para o guia.",2026-10-12-carrossel/2026-10-12-carrossel-1.jpg;2026-10-12-carrossel/2026-10-12-carrossel-2.jpg;2026-10-12-carrossel/2026-10-12-carrossel-3.jpg;2026-10-12-carrossel/2026-10-12-carrossel-4.jpg;2026-10-12-carrossel/2026-10-12-carrossel-5.jpg;2026-10-12-carrossel/2026-10-12-carrossel-6.jpg,pendente,,,
2026-10-13-reels,2026-10-13,20:15,reels,Conexão,Lançamento do guia,Semana 9,Você não precisa virar guru para vender algo útil,Você não precisa virar guru para vender algo útil,"Se você está tentando começar e sente que está atrasado, respira.

Tema de hoje: Você não precisa virar guru para vender algo útil.

Se o seu ponto de partida parece ruim, isso não te elimina. Só define qual é o próximo passo.

Você pode começar sem aparecer, sem equipamento caro e sem discurso de guru.

O que não dá é esperar coragem infinita para fazer a primeira publicação.

Comenta ""REAL"" se você quer começar do jeito possível, não do jeito perfeito.

#dozeroaoreal #rendacomhonestidade #infoproduto #marketingdigital #faceless #rendaextra #kiwify #conteudodigital","Comenta ""REAL"" se você quer começar do jeito possível, não do jeito perfeito.",#dozeroaoreal #rendacomhonestidade #infoproduto #marketingdigital #faceless #rendaextra #kiwify #conteudodigital,"Vídeo faceless com texto na tela, cortes rápidos e b-roll simples de computador/celular. Sem aparecer. Narrativa opcional ou áudio em alta baixo.",,pendente,,,
2026-10-14-stories,2026-10-14,12:30,stories,Bastidores / prova honesta,Lançamento do guia,Semana 9,Bastidor: o produto foi feito para quem precisa de clareza,Bastidor: o produto foi feito para quem precisa de clareza,"Por trás do guia existe uma escolha simples: clareza antes de hype.

Tema de hoje: Bastidor: o produto foi feito para quem precisa de clareza.

O conteúdo foi pensado para ensinar a estrutura: plataformas, conteúdo faceless, copy, organização e checklist de ação.

Sem depoimento inventado. Sem print falso. Sem ""ganhe X por dia"". A ideia é ser útil sem vender ilusão.

Isso deixa a promessa menor — e a entrega mais limpa.

Quer ver o mapa completo? O Guia Do Zero ao Real está no link da bio.

#dozeroaoreal #rendacomhonestidade #infoproduto #marketingdigital #faceless #rendaextra #kiwify #conteudodigital",Quer ver o mapa completo? O Guia Do Zero ao Real está no link da bio.,#dozeroaoreal #rendacomhonestidade #infoproduto #marketingdigital #faceless #rendaextra #kiwify #conteudodigital,"Story único com bastidor + caixa de pergunta: ""qual etapa mais te trava?"".",2026-10-14-stories/2026-10-14-stories-1.jpg,pendente,,,
2026-10-15-estatico,2026-10-15,19:00,estatico,Venda direta honesta,Lançamento do guia,Semana 9,"Por que R$49,99 compra clareza, não promessa de dinheiro","Por que R$49,99 compra clareza, não promessa de dinheiro","A proposta é simples: um mapa prático para quem está começando sem nada.

Tema de hoje: Por que R$49,99 compra clareza, não promessa de dinheiro.

Dentro dele você encontra fundamentos, cadastro em plataformas, conteúdo faceless, noções de copy e organização financeira básica.

Não é uma fórmula mágica. É um roteiro para parar de ficar perdido na primeira tela.

Você olha, aplica no seu ritmo e decide se faz sentido. Tem garantia de 7 dias conforme o checkout.

Para começar com um passo a passo organizado, acesse o guia pelo link da bio.

#dozeroaoreal #rendacomhonestidade #infoproduto #marketingdigital #faceless #rendaextra #kiwify #conteudodigital","Para começar com um passo a passo organizado, acesse o guia pelo link da bio.",#dozeroaoreal #rendacomhonestidade #infoproduto #marketingdigital #faceless #rendaextra #kiwify #conteudodigital,"Print/nota visual estilo checklist, com 3 bullets curtos.",2026-10-15-estatico/2026-10-15-estatico-1.jpg,pendente,,,
2026-10-16-carrossel,2026-10-16,19:30,carrossel,Educativo,Evergreen de tráfego,Semana 9,Por que começar pequeno é melhor do que esperar o plano perfeito,Por que começar pequeno é melhor do que esperar o plano perfeito,"Começar do zero fica mais difícil quando você tenta aprender tudo ao mesmo tempo.

Tema de hoje: Por que começar pequeno é melhor do que esperar o plano perfeito.

Pensa nisso como uma escada: primeiro você entende a base, depois monta a estrutura, depois publica, depois ajusta.

Quando você pula etapas, tudo parece confuso e qualquer ferramenta vira desculpa para travar.

A meta aqui é fazer o simples bem feito: um produto claro, uma oferta honesta e conteúdo constante.

Salva esse post e segue o @dozero.aoreal para aprender o caminho sem promessa falsa.

#dozeroaoreal #rendacomhonestidade #infoproduto #marketingdigital #faceless #rendaextra #kiwify #conteudodigital",Salva esse post e segue o @dozero.aoreal para aprender o caminho sem promessa falsa.,#dozeroaoreal #rendacomhonestidade #infoproduto #marketingdigital #faceless #rendaextra #kiwify #conteudodigital,Slide 1: título forte com fundo verde-noturno e palavra REAL em lima. Slides 2-6: um ponto por slide. Último slide: CTA para ver o guia no link da bio.,2026-10-16-carrossel/2026-10-16-carrossel-1.jpg;2026-10-16-carrossel/2026-10-16-carrossel-2.jpg;2026-10-16-carrossel/2026-10-16-carrossel-3.jpg;2026-10-16-carrossel/2026-10-16-carrossel-4.jpg;2026-10-16-carrossel/2026-10-16-carrossel-5.jpg;2026-10-16-carrossel/2026-10-16-carrossel-6.jpg,pendente,,,
2026-10-17-reels,2026-10-17,20:15,reels,Jornada,Evergreen de tráfego,Semana 9,O que mudou quando eu organizei o projeto em etapas,O que mudou quando eu organizei o projeto em etapas,"Nem todo bastidor é bonito, mas é nele que o negócio começa a ficar real.

Tema de hoje: O que mudou quando eu organizei o projeto em etapas.

Não é sobre fingir que está tudo pronto. É sobre documentar o processo e continuar mesmo quando ainda falta lapidar.

A vantagem de começar pequeno é que você consegue corrigir rápido, sem depender de equipe, estúdio ou orçamento.

Feito com honestidade ainda vence muita ideia perfeita que nunca sai do papel.

Se você também está começando, acompanha a jornada no @dozero.aoreal.

#dozeroaoreal #rendacomhonestidade #infoproduto #marketingdigital #faceless #rendaextra #kiwify #conteudodigital","Se você também está começando, acompanha a jornada no @dozero.aoreal.",#dozeroaoreal #rendacomhonestidade #infoproduto #marketingdigital #faceless #rendaextra #kiwify #conteudodigital,"Tela gravada mostrando checklist/rotina, com legendas grandes e ritmo rápido. Encerrar com CTA na bio.",,pendente,,,
2026-10-18-stories,2026-10-18,12:30,stories,Conexão,Evergreen de tráfego,Semana 9,O medo de errar não pode ser maior que a vontade de sair do lugar,O medo de errar não pode ser maior que a vontade de sair do lugar,"Você não precisa parecer expert para dar o primeiro passo com honestidade.

Tema de hoje: O medo de errar não pode ser maior que a vontade de sair do lugar.

Se o seu ponto de partida parece ruim, isso não te elimina. Só define qual é o próximo passo.

Você pode começar sem aparecer, sem equipamento caro e sem discurso de guru.

O que não dá é esperar coragem infinita para fazer a primeira publicação.

Comenta ""REAL"" se você quer começar do jeito possível, não do jeito perfeito.

#dozeroaoreal #rendacomhonestidade #infoproduto #marketingdigital #faceless #rendaextra #kiwify #conteudodigital","Comenta ""REAL"" se você quer começar do jeito possível, não do jeito perfeito.",#dozeroaoreal #rendacomhonestidade #infoproduto #marketingdigital #faceless #rendaextra #kiwify #conteudodigital,"Antes/depois conceitual: ""antes: perdido / depois: com checklist"". CTA discreto.",2026-10-18-stories/2026-10-18-stories-1.jpg,pendente,,,
2026-10-19-estatico,2026-10-19,19:00,estatico,Bastidores / prova honesta,Evergreen de tráfego,Semana 10,O que entra no guia e por que isso importa para iniciantes,O que entra no guia e por que isso importa para iniciantes,"Um bastidor importante: esse projeto não usa promessa de resultado garantido.

Tema de hoje: O que entra no guia e por que isso importa para iniciantes.

O conteúdo foi pensado para ensinar a estrutura: plataformas, conteúdo faceless, copy, organização e checklist de ação.

Sem depoimento inventado. Sem print falso. Sem ""ganhe X por dia"". A ideia é ser útil sem vender ilusão.

Isso deixa a promessa menor — e a entrega mais limpa.

Quer ver o mapa completo? O Guia Do Zero ao Real está no link da bio.

#dozeroaoreal #rendacomhonestidade #infoproduto #marketingdigital #faceless #rendaextra #kiwify #conteudodigital",Quer ver o mapa completo? O Guia Do Zero ao Real está no link da bio.,#dozeroaoreal #rendacomhonestidade #infoproduto #marketingdigital #faceless #rendaextra #kiwify #conteudodigital,"Imagem única com frase forte central, logo discreta e CTA na legenda.",2026-10-19-estatico/2026-10-19-estatico-1.jpg,pendente,,,
2026-10-20-carrossel,2026-10-20,19:30,carrossel,Venda direta honesta,Evergreen de tráfego,Semana 10,Antes de comprar: para quem esse guia serve e para quem não serve,Antes de comprar: para quem esse guia serve e para quem não serve,"Se você quer começar, mas sempre trava na próxima etapa, esse guia pode te ajudar.

Tema de hoje: Antes de comprar: para quem esse guia serve e para quem não serve.

Dentro dele você encontra fundamentos, cadastro em plataformas, conteúdo faceless, noções de copy e organização financeira básica.

Não é uma fórmula mágica. É um roteiro para parar de ficar perdido na primeira tela.

Você olha, aplica no seu ritmo e decide se faz sentido. Tem garantia de 7 dias conforme o checkout.

Para começar com um passo a passo organizado, acesse o guia pelo link da bio.

#dozeroaoreal #rendacomhonestidade #infoproduto #marketingdigital #faceless #rendaextra #kiwify #conteudodigital","Para começar com um passo a passo organizado, acesse o guia pelo link da bio.",#dozeroaoreal #rendacomhonestidade #infoproduto #marketingdigital #faceless #rendaextra #kiwify #conteudodigital,"Slide 1: pergunta direta. Slides seguintes: resposta em passos curtos. Último slide: ""salva para fazer depois"".",2026-10-20-carrossel/2026-10-20-carrossel-1.jpg;2026-10-20-carrossel/2026-10-20-carrossel-2.jpg;2026-10-20-carrossel/2026-10-20-carrossel-3.jpg;2026-10-20-carrossel/2026-10-20-carrossel-4.jpg;2026-10-20-carrossel/2026-10-20-carrossel-5.jpg;2026-10-20-carrossel/2026-10-20-carrossel-6.jpg,pendente,,,
2026-10-21-reels,2026-10-21,20:15,reels,Educativo,Evergreen de tráfego,Semana 10,Como escolher uma plataforma sem travar na comparação,Como escolher uma plataforma sem travar na comparação,"Antes de pensar em vender, você precisa entender o caminho básico.

Tema de hoje: Como escolher uma plataforma sem travar na comparação.

Pensa nisso como uma escada: primeiro você entende a base, depois monta a estrutura, depois publica, depois ajusta.

Quando você pula etapas, tudo parece confuso e qualquer ferramenta vira desculpa para travar.

A meta aqui é fazer o simples bem feito: um produto claro, uma oferta honesta e conteúdo constante.

Salva esse post e segue o @dozero.aoreal para aprender o caminho sem promessa falsa.

#dozeroaoreal #rendacomhonestidade #infoproduto #marketingdigital #faceless #rendaextra #kiwify #conteudodigital",Salva esse post e segue o @dozero.aoreal para aprender o caminho sem promessa falsa.,#dozeroaoreal #rendacomhonestidade #infoproduto #marketingdigital #faceless #rendaextra #kiwify #conteudodigital,"Reels silencioso com frases em tela e música tendência. 5 cenas, 2 segundos cada.",,pendente,,,
2026-10-22-stories,2026-10-22,12:30,stories,Jornada,Evergreen de tráfego,Semana 10,Por que documentar o processo ajuda mais do que fingir perfeição,Por que documentar o processo ajuda mais do que fingir perfeição,"Esse projeto nasceu do jeito que muita gente começa: sem estrutura perfeita.

Tema de hoje: Por que documentar o processo ajuda mais do que fingir perfeição.

Não é sobre fingir que está tudo pronto. É sobre documentar o processo e continuar mesmo quando ainda falta lapidar.

A vantagem de começar pequeno é que você consegue corrigir rápido, sem depender de equipe, estúdio ou orçamento.

Feito com honestidade ainda vence muita ideia perfeita que nunca sai do papel.

Se você também está começando, acompanha a jornada no @dozero.aoreal.

#dozeroaoreal #rendacomhonestidade #infoproduto #marketingdigital #faceless #rendaextra #kiwify #conteudodigital","Se você também está começando, acompanha a jornada no @dozero.aoreal.",#dozeroaoreal #rendacomhonestidade #infoproduto #marketingdigital #faceless #rendaextra #kiwify #conteudodigital,"Sequência de 3 stories: 1) pergunta/enquete, 2) dica curta, 3) CTA para link da bio/check-out.",2026-10-22-stories/2026-10-22-stories-1.jpg,pendente,,,
2026-10-23-estatico,2026-10-23,19:00,estatico,Conexão,Evergreen de tráfego,Semana 10,O começo parece feio porque ainda é começo,O começo parece feio porque ainda é começo,"Tem muita gente vendendo uma vida perfeita. Aqui a conversa é outra.

Tema de hoje: O começo parece feio porque ainda é começo.

Se o seu ponto de partida parece ruim, isso não te elimina. Só define qual é o próximo passo.

Você pode começar sem aparecer, sem equipamento caro e sem discurso de guru.

O que não dá é esperar coragem infinita para fazer a primeira publicação.

Comenta ""REAL"" se você quer começar do jeito possível, não do jeito perfeito.

#dozeroaoreal #rendacomhonestidade #infoproduto #marketingdigital #faceless #rendaextra #kiwify #conteudodigital","Comenta ""REAL"" se você quer começar do jeito possível, não do jeito perfeito.",#dozeroaoreal #rendacomhonestidade #infoproduto #marketingdigital #faceless #rendaextra #kiwify #conteudodigital,"Card simples: título, subtítulo e elemento visual lima. Visual limpo, sem poluição.",2026-10-23-estatico/2026-10-23-estatico-1.jpg,pendente,,,
2026-10-24-carrossel,2026-10-24,19:30,carrossel,Bastidores / prova honesta,Evergreen de tráfego,Semana 10,Como transformei dúvidas comuns em capítulos práticos,Como transformei dúvidas comuns em capítulos práticos,"A construção foi pensada para quem precisa sair da confusão e ir para um passo a passo.

Tema de hoje: Como transformei dúvidas comuns em capítulos práticos.

O conteúdo foi pensado para ensinar a estrutura: plataformas, conteúdo faceless, copy, organização e checklist de ação.

Sem depoimento inventado. Sem print falso. Sem ""ganhe X por dia"". A ideia é ser útil sem vender ilusão.

Isso deixa a promessa menor — e a entrega mais limpa.

Quer ver o mapa completo? O Guia Do Zero ao Real está no link da bio.

#dozeroaoreal #rendacomhonestidade #infoproduto #marketingdigital #faceless #rendaextra #kiwify #conteudodigital",Quer ver o mapa completo? O Guia Do Zero ao Real está no link da bio.,#dozeroaoreal #rendacomhonestidade #infoproduto #marketingdigital #faceless #rendaextra #kiwify #conteudodigital,"Slide 1: ""antes de começar..."" Slides 2-5: erros/ajustes. Último slide: convite para o guia.",2026-10-24-carrossel/2026-10-24-carrossel-1.jpg;2026-10-24-carrossel/2026-10-24-carrossel-2.jpg;2026-10-24-carrossel/2026-10-24-carrossel-3.jpg;2026-10-24-carrossel/2026-10-24-carrossel-4.jpg;2026-10-24-carrossel/2026-10-24-carrossel-5.jpg;2026-10-24-carrossel/2026-10-24-carrossel-6.jpg,pendente,,,
2026-10-25-reels,2026-10-25,20:15,reels,Venda direta honesta,Evergreen de tráfego,Semana 10,"O guia não faz por você, mas te mostra o caminho com ordem","O guia não faz por você, mas te mostra o caminho com ordem","O Guia Do Zero ao Real não promete renda automática. Ele entrega organização.

Tema de hoje: O guia não faz por você, mas te mostra o caminho com ordem.

Dentro dele você encontra fundamentos, cadastro em plataformas, conteúdo faceless, noções de copy e organização financeira básica.

Não é uma fórmula mágica. É um roteiro para parar de ficar perdido na primeira tela.

Você olha, aplica no seu ritmo e decide se faz sentido. Tem garantia de 7 dias conforme o checkout.

Para começar com um passo a passo organizado, acesse o guia pelo link da bio.

#dozeroaoreal #rendacomhonestidade #infoproduto #marketingdigital #faceless #rendaextra #kiwify #conteudodigital","Para começar com um passo a passo organizado, acesse o guia pelo link da bio.",#dozeroaoreal #rendacomhonestidade #infoproduto #marketingdigital #faceless #rendaextra #kiwify #conteudodigital,"Vídeo faceless com texto na tela, cortes rápidos e b-roll simples de computador/celular. Sem aparecer. Narrativa opcional ou áudio em alta baixo.",,pendente,,,
2026-10-26-stories,2026-10-26,12:30,stories,Educativo,Evergreen de tráfego,Semana 11,A diferença entre conteúdo que ensina e conteúdo que só ocupa espaço,A diferença entre conteúdo que ensina e conteúdo que só ocupa espaço,"O problema não é só falta de vontade. Muitas vezes é falta de ordem.

Tema de hoje: A diferença entre conteúdo que ensina e conteúdo que só ocupa espaço.

Pensa nisso como uma escada: primeiro você entende a base, depois monta a estrutura, depois publica, depois ajusta.

Quando você pula etapas, tudo parece confuso e qualquer ferramenta vira desculpa para travar.

A meta aqui é fazer o simples bem feito: um produto claro, uma oferta honesta e conteúdo constante.

Salva esse post e segue o @dozero.aoreal para aprender o caminho sem promessa falsa.

#dozeroaoreal #rendacomhonestidade #infoproduto #marketingdigital #faceless #rendaextra #kiwify #conteudodigital",Salva esse post e segue o @dozero.aoreal para aprender o caminho sem promessa falsa.,#dozeroaoreal #rendacomhonestidade #infoproduto #marketingdigital #faceless #rendaextra #kiwify #conteudodigital,"Story único com bastidor + caixa de pergunta: ""qual etapa mais te trava?"".",2026-10-26-stories/2026-10-26-stories-1.jpg,pendente,,,
2026-10-27-estatico,2026-10-27,19:00,estatico,Jornada,Evergreen de tráfego,Semana 11,Bastidor real: fazer simples para conseguir terminar,Bastidor real: fazer simples para conseguir terminar,"O começo não precisa ser impressionante. Precisa existir.

Tema de hoje: Bastidor real: fazer simples para conseguir terminar.

Não é sobre fingir que está tudo pronto. É sobre documentar o processo e continuar mesmo quando ainda falta lapidar.

A vantagem de começar pequeno é que você consegue corrigir rápido, sem depender de equipe, estúdio ou orçamento.

Feito com honestidade ainda vence muita ideia perfeita que nunca sai do papel.

Se você também está começando, acompanha a jornada no @dozero.aoreal.

#dozeroaoreal #rendacomhonestidade #infoproduto #marketingdigital #faceless #rendaextra #kiwify #conteudodigital","Se você também está começando, acompanha a jornada no @dozero.aoreal.",#dozeroaoreal #rendacomhonestidade #infoproduto #marketingdigital #faceless #rendaextra #kiwify #conteudodigital,"Print/nota visual estilo checklist, com 3 bullets curtos.",2026-10-27-estatico/2026-10-27-estatico-1.jpg,pendente,,,
2026-10-28-carrossel,2026-10-28,19:30,carrossel,Conexão,Evergreen de tráfego,Semana 11,Faceless não é se esconder; é escolher um formato possível,Faceless não é se esconder; é escolher um formato possível,"Se você está tentando começar e sente que está atrasado, respira.

Tema de hoje: Faceless não é se esconder; é escolher um formato possível.

Se o seu ponto de partida parece ruim, isso não te elimina. Só define qual é o próximo passo.

Você pode começar sem aparecer, sem equipamento caro e sem discurso de guru.

O que não dá é esperar coragem infinita para fazer a primeira publicação.

Comenta ""REAL"" se você quer começar do jeito possível, não do jeito perfeito.

#dozeroaoreal #rendacomhonestidade #infoproduto #marketingdigital #faceless #rendaextra #kiwify #conteudodigital","Comenta ""REAL"" se você quer começar do jeito possível, não do jeito perfeito.",#dozeroaoreal #rendacomhonestidade #infoproduto #marketingdigital #faceless #rendaextra #kiwify #conteudodigital,Slide 1: título forte com fundo verde-noturno e palavra REAL em lima. Slides 2-6: um ponto por slide. Último slide: CTA para ver o guia no link da bio.,2026-10-28-carrossel/2026-10-28-carrossel-1.jpg;2026-10-28-carrossel/2026-10-28-carrossel-2.jpg;2026-10-28-carrossel/2026-10-28-carrossel-3.jpg;2026-10-28-carrossel/2026-10-28-carrossel-4.jpg;2026-10-28-carrossel/2026-10-28-carrossel-5.jpg;2026-10-28-carrossel/2026-10-28-carrossel-6.jpg,pendente,,,
2026-10-29-reels,2026-10-29,20:15,reels,Bastidores / prova honesta,Evergreen de tráfego,Semana 11,"Por que a garantia existe, mas o esforço continua sendo seu","Por que a garantia existe, mas o esforço continua sendo seu","Por trás do guia existe uma escolha simples: clareza antes de hype.

Tema de hoje: Por que a garantia existe, mas o esforço continua sendo seu.

O conteúdo foi pensado para ensinar a estrutura: plataformas, conteúdo faceless, copy, organização e checklist de ação.

Sem depoimento inventado. Sem print falso. Sem ""ganhe X por dia"". A ideia é ser útil sem vender ilusão.

Isso deixa a promessa menor — e a entrega mais limpa.

Quer ver o mapa completo? O Guia Do Zero ao Real está no link da bio.

#dozeroaoreal #rendacomhonestidade #infoproduto #marketingdigital #faceless #rendaextra #kiwify #conteudodigital",Quer ver o mapa completo? O Guia Do Zero ao Real está no link da bio.,#dozeroaoreal #rendacomhonestidade #infoproduto #marketingdigital #faceless #rendaextra #kiwify #conteudodigital,"Tela gravada mostrando checklist/rotina, com legendas grandes e ritmo rápido. Encerrar com CTA na bio.",,pendente,,,
2026-10-30-stories,2026-10-30,12:30,stories,Venda direta honesta,Evergreen de tráfego,Semana 11,7 dias de garantia para você olhar com calma,7 dias de garantia para você olhar com calma,"A proposta é simples: um mapa prático para quem está começando sem nada.

Tema de hoje: 7 dias de garantia para você olhar com calma.

Dentro dele você encontra fundamentos, cadastro em plataformas, conteúdo faceless, noções de copy e organização financeira básica.

Não é uma fórmula mágica. É um roteiro para parar de ficar perdido na primeira tela.

Você olha, aplica no seu ritmo e decide se faz sentido. Tem garantia de 7 dias conforme o checkout.

Para começar com um passo a passo organizado, acesse o guia pelo link da bio.

#dozeroaoreal #rendacomhonestidade #infoproduto #marketingdigital #faceless #rendaextra #kiwify #conteudodigital","Para começar com um passo a passo organizado, acesse o guia pelo link da bio.",#dozeroaoreal #rendacomhonestidade #infoproduto #marketingdigital #faceless #rendaextra #kiwify #conteudodigital,"Antes/depois conceitual: ""antes: perdido / depois: com checklist"". CTA discreto.",2026-10-30-stories/2026-10-30-stories-1.jpg,pendente,,,
2026-10-31-estatico,2026-10-31,19:00,estatico,Educativo,Evergreen de tráfego,Semana 11,Como pensar em oferta sem prometer resultado impossível,Como pensar em oferta sem prometer resultado impossível,"Começar do zero fica mais difícil quando você tenta aprender tudo ao mesmo tempo.

Tema de hoje: Como pensar em oferta sem prometer resultado impossível.

Pensa nisso como uma escada: primeiro você entende a base, depois monta a estrutura, depois publica, depois ajusta.

Quando você pula etapas, tudo parece confuso e qualquer ferramenta vira desculpa para travar.

A meta aqui é fazer o simples bem feito: um produto claro, uma oferta honesta e conteúdo constante.

Salva esse post e segue o @dozero.aoreal para aprender o caminho sem promessa falsa.

#dozeroaoreal #rendacomhonestidade #infoproduto #marketingdigital #faceless #rendaextra #kiwify #conteudodigital",Salva esse post e segue o @dozero.aoreal para aprender o caminho sem promessa falsa.,#dozeroaoreal #rendacomhonestidade #infoproduto #marketingdigital #faceless #rendaextra #kiwify #conteudodigital,"Imagem única com frase forte central, logo discreta e CTA na legenda.",2026-10-31-estatico/2026-10-31-estatico-1.jpg,pendente,,,
2026-11-01-carrossel,2026-11-01,19:30,carrossel,Jornada,Evergreen de tráfego,Semana 11,A diferença entre estar perdido e estar no começo,A diferença entre estar perdido e estar no começo,"Nem todo bastidor é bonito, mas é nele que o negócio começa a ficar real.

Tema de hoje: A diferença entre estar perdido e estar no começo.

Não é sobre fingir que está tudo pronto. É sobre documentar o processo e continuar mesmo quando ainda falta lapidar.

A vantagem de começar pequeno é que você consegue corrigir rápido, sem depender de equipe, estúdio ou orçamento.

Feito com honestidade ainda vence muita ideia perfeita que nunca sai do papel.

Se você também está começando, acompanha a jornada no @dozero.aoreal.

#dozeroaoreal #rendacomhonestidade #infoproduto #marketingdigital #faceless #rendaextra #kiwify #conteudodigital","Se você também está começando, acompanha a jornada no @dozero.aoreal.",#dozeroaoreal #rendacomhonestidade #infoproduto #marketingdigital #faceless #rendaextra #kiwify #conteudodigital,"Slide 1: pergunta direta. Slides seguintes: resposta em passos curtos. Último slide: ""salva para fazer depois"".",2026-11-01-carrossel/2026-11-01-carrossel-1.jpg;2026-11-01-carrossel/2026-11-01-carrossel-2.jpg;2026-11-01-carrossel/2026-11-01-carrossel-3.jpg;2026-11-01-carrossel/2026-11-01-carrossel-4.jpg;2026-11-01-carrossel/2026-11-01-carrossel-5.jpg;2026-11-01-carrossel/2026-11-01-carrossel-6.jpg,pendente,,,
2026-11-02-reels,2026-11-02,20:15,reels,Conexão,Evergreen de tráfego,Semana 12,O plano perfeito muitas vezes é só procrastinação com nome bonito,O plano perfeito muitas vezes é só procrastinação com nome bonito,"Você não precisa parecer expert para dar o primeiro passo com honestidade.

Tema de hoje: O plano perfeito muitas vezes é só procrastinação com nome bonito.

Se o seu ponto de partida parece ruim, isso não te elimina. Só define qual é o próximo passo.

Você pode começar sem aparecer, sem equipamento caro e sem discurso de guru.

O que não dá é esperar coragem infinita para fazer a primeira publicação.

Comenta ""REAL"" se você quer começar do jeito possível, não do jeito perfeito.

#dozeroaoreal #rendacomhonestidade #infoproduto #marketingdigital #faceless #rendaextra #kiwify #conteudodigital","Comenta ""REAL"" se você quer começar do jeito possível, não do jeito perfeito.",#dozeroaoreal #rendacomhonestidade #infoproduto #marketingdigital #faceless #rendaextra #kiwify #conteudodigital,"Reels silencioso com frases em tela e música tendência. 5 cenas, 2 segundos cada.",,pendente,,,
2026-11-03-stories,2026-11-03,12:30,stories,Bastidores / prova honesta,Evergreen de tráfego,Semana 12,"Bastidor da VSL: direto ao ponto, sem teatro de riqueza","Bastidor da VSL: direto ao ponto, sem teatro de riqueza","Um bastidor importante: esse projeto não usa promessa de resultado garantido.

Tema de hoje: Bastidor da VSL: direto ao ponto, sem teatro de riqueza.

O conteúdo foi pensado para ensinar a estrutura: plataformas, conteúdo faceless, copy, organização e checklist de ação.

Sem depoimento inventado. Sem print falso. Sem ""ganhe X por dia"". A ideia é ser útil sem vender ilusão.

Isso deixa a promessa menor — e a entrega mais limpa.

Quer ver o mapa completo? O Guia Do Zero ao Real está no link da bio.

#dozeroaoreal #rendacomhonestidade #infoproduto #marketingdigital #faceless #rendaextra #kiwify #conteudodigital",Quer ver o mapa completo? O Guia Do Zero ao Real está no link da bio.,#dozeroaoreal #rendacomhonestidade #infoproduto #marketingdigital #faceless #rendaextra #kiwify #conteudodigital,"Sequência de 3 stories: 1) pergunta/enquete, 2) dica curta, 3) CTA para link da bio/check-out.",2026-11-03-stories/2026-11-03-stories-1.jpg,pendente,,,
2026-11-04-estatico,2026-11-04,19:00,estatico,Venda direta honesta,Evergreen de tráfego,Semana 12,Quer começar hoje? O checkout está na bio,Quer começar hoje? O checkout está na bio,"Se você quer começar, mas sempre trava na próxima etapa, esse guia pode te ajudar.

Tema de hoje: Quer começar hoje? O checkout está na bio.

Dentro dele você encontra fundamentos, cadastro em plataformas, conteúdo faceless, noções de copy e organização financeira básica.

Não é uma fórmula mágica. É um roteiro para parar de ficar perdido na primeira tela.

Você olha, aplica no seu ritmo e decide se faz sentido. Tem garantia de 7 dias conforme o checkout.

Para começar com um passo a passo organizado, acesse o guia pelo link da bio.

#dozeroaoreal #rendacomhonestidade #infoproduto #marketingdigital #faceless #rendaextra #kiwify #conteudodigital","Para começar com um passo a passo organizado, acesse o guia pelo link da bio.",#dozeroaoreal #rendacomhonestidade #infoproduto #marketingdigital #faceless #rendaextra #kiwify #conteudodigital,"Card simples: título, subtítulo e elemento visual lima. Visual limpo, sem poluição.",2026-11-04-estatico/2026-11-04-estatico-1.jpg,pendente,,,
2026-11-05-carrossel,2026-11-05,19:30,carrossel,Educativo,Evergreen de tráfego,Semana 12,O básico de copywriting para quem está começando do zero,O básico de copywriting para quem está começando do zero,"Antes de pensar em vender, você precisa entender o caminho básico.

Tema de hoje: O básico de copywriting para quem está começando do zero.

Pensa nisso como uma escada: primeiro você entende a base, depois monta a estrutura, depois publica, depois ajusta.

Quando você pula etapas, tudo parece confuso e qualquer ferramenta vira desculpa para travar.

A meta aqui é fazer o simples bem feito: um produto claro, uma oferta honesta e conteúdo constante.

Salva esse post e segue o @dozero.aoreal para aprender o caminho sem promessa falsa.

#dozeroaoreal #rendacomhonestidade #infoproduto #marketingdigital #faceless #rendaextra #kiwify #conteudodigital",Salva esse post e segue o @dozero.aoreal para aprender o caminho sem promessa falsa.,#dozeroaoreal #rendacomhonestidade #infoproduto #marketingdigital #faceless #rendaextra #kiwify #conteudodigital,"Slide 1: ""antes de começar..."" Slides 2-5: erros/ajustes. Último slide: convite para o guia.",2026-11-05-carrossel/2026-11-05-carrossel-1.jpg;2026-11-05-carrossel/2026-11-05-carrossel-2.jpg;2026-11-05-carrossel/2026-11-05-carrossel-3.jpg;2026-11-05-carrossel/2026-11-05-carrossel-4.jpg;2026-11-05-carrossel/2026-11-05-carrossel-5.jpg;2026-11-05-carrossel/2026-11-05-carrossel-6.jpg,pendente,,,
2026-11-06-reels,2026-11-06,20:15,reels,Jornada,Evergreen de tráfego,Semana 12,O que eu faria se estivesse começando hoje sem dinheiro para investir,O que eu faria se estivesse começando hoje sem dinheiro para investir,"Esse projeto nasceu do jeito que muita gente começa: sem estrutura perfeita.

Tema de hoje: O que eu faria se estivesse começando hoje sem dinheiro para investir.

Não é sobre fingir que está tudo pronto. É sobre documentar o processo e continuar mesmo quando ainda falta lapidar.

A vantagem de começar pequeno é que você consegue corrigir rápido, sem depender de equipe, estúdio ou orçamento.

Feito com honestidade ainda vence muita ideia perfeita que nunca sai do papel.

Se você também está começando, acompanha a jornada no @dozero.aoreal.

#dozeroaoreal #rendacomhonestidade #infoproduto #marketingdigital #faceless #rendaextra #kiwify #conteudodigital","Se você também está começando, acompanha a jornada no @dozero.aoreal.",#dozeroaoreal #rendacomhonestidade #infoproduto #marketingdigital #faceless #rendaextra #kiwify #conteudodigital,"Vídeo faceless com texto na tela, cortes rápidos e b-roll simples de computador/celular. Sem aparecer. Narrativa opcional ou áudio em alta baixo.",,pendente,,,
2026-11-07-stories,2026-11-07,12:30,stories,Conexão,Evergreen de tráfego,Semana 12,"Se você sente que está atrasado, leia isso","Se você sente que está atrasado, leia isso","Tem muita gente vendendo uma vida perfeita. Aqui a conversa é outra.

Tema de hoje: Se você sente que está atrasado, leia isso.

Se o seu ponto de partida parece ruim, isso não te elimina. Só define qual é o próximo passo.

Você pode começar sem aparecer, sem equipamento caro e sem discurso de guru.

O que não dá é esperar coragem infinita para fazer a primeira publicação.

Comenta ""REAL"" se você quer começar do jeito possível, não do jeito perfeito.

#dozeroaoreal #rendacomhonestidade #infoproduto #marketingdigital #faceless #rendaextra #kiwify #conteudodigital","Comenta ""REAL"" se você quer começar do jeito possível, não do jeito perfeito.",#dozeroaoreal #rendacomhonestidade #infoproduto #marketingdigital #faceless #rendaextra #kiwify #conteudodigital,"Story único com bastidor + caixa de pergunta: ""qual etapa mais te trava?"".",2026-11-07-stories/2026-11-07-stories-1.jpg,pendente,,,
2026-11-08-estatico,2026-11-08,19:00,estatico,Bastidores / prova honesta,Evergreen de tráfego,Semana 12,"Como o guia foi organizado por etapas, não por promessa","Como o guia foi organizado por etapas, não por promessa","A construção foi pensada para quem precisa sair da confusão e ir para um passo a passo.

Tema de hoje: Como o guia foi organizado por etapas, não por promessa.

O conteúdo foi pensado para ensinar a estrutura: plataformas, conteúdo faceless, copy, organização e checklist de ação.

Sem depoimento inventado. Sem print falso. Sem ""ganhe X por dia"". A ideia é ser útil sem vender ilusão.

Isso deixa a promessa menor — e a entrega mais limpa.

Quer ver o mapa completo? O Guia Do Zero ao Real está no link da bio.

#dozeroaoreal #rendacomhonestidade #infoproduto #marketingdigital #faceless #rendaextra #kiwify #conteudodigital",Quer ver o mapa completo? O Guia Do Zero ao Real está no link da bio.,#dozeroaoreal #rendacomhonestidade #infoproduto #marketingdigital #faceless #rendaextra #kiwify #conteudodigital,"Print/nota visual estilo checklist, com 3 bullets curtos.",2026-11-08-estatico/2026-11-08-estatico-1.jpg,pendente,,,
2026-11-09-carrossel,2026-11-09,19:30,carrossel,Venda direta honesta,Evergreen de tráfego,Semana 13,O Guia Do Zero ao Real é para quem quer começar com um mapa,O Guia Do Zero ao Real é para quem quer começar com um mapa,"O Guia Do Zero ao Real não promete renda automática. Ele entrega organização.

Tema de hoje: O Guia Do Zero ao Real é para quem quer começar com um mapa.

Dentro dele você encontra fundamentos, cadastro em plataformas, conteúdo faceless, noções de copy e organização financeira básica.

Não é uma fórmula mágica. É um roteiro para parar de ficar perdido na primeira tela.

Você olha, aplica no seu ritmo e decide se faz sentido. Tem garantia de 7 dias conforme o checkout.

Para começar com um passo a passo organizado, acesse o guia pelo link da bio.

#dozeroaoreal #rendacomhonestidade #infoproduto #marketingdigital #faceless #rendaextra #kiwify #conteudodigital","Para começar com um passo a passo organizado, acesse o guia pelo link da bio.",#dozeroaoreal #rendacomhonestidade #infoproduto #marketingdigital #faceless #rendaextra #kiwify #conteudodigital,Slide 1: título forte com fundo verde-noturno e palavra REAL em lima. Slides 2-6: um ponto por slide. Último slide: CTA para ver o guia no link da bio.,2026-11-09-carrossel/2026-11-09-carrossel-1.jpg;2026-11-09-carrossel/2026-11-09-carrossel-2.jpg;2026-11-09-carrossel/2026-11-09-carrossel-3.jpg;2026-11-09-carrossel/2026-11-09-carrossel-4.jpg;2026-11-09-carrossel/2026-11-09-carrossel-5.jpg;2026-11-09-carrossel/2026-11-09-carrossel-6.jpg,pendente,,,
2026-11-10-reels,2026-11-10,20:15,reels,Educativo,Evergreen de tráfego,Semana 13,Como montar uma rotina simples de produção de conteúdo,Como montar uma rotina simples de produção de conteúdo,"O problema não é só falta de vontade. Muitas vezes é falta de ordem.

Tema de hoje: Como montar uma rotina simples de produção de conteúdo.

Pensa nisso como uma escada: primeiro você entende a base, depois monta a estrutura, depois publica, depois ajusta.

Quando você pula etapas, tudo parece confuso e qualquer ferramenta vira desculpa para travar.

A meta aqui é fazer o simples bem feito: um produto claro, uma oferta honesta e conteúdo constante.

Salva esse post e segue o @dozero.aoreal para aprender o caminho sem promessa falsa.

#dozeroaoreal #rendacomhonestidade #infoproduto #marketingdigital #faceless #rendaextra #kiwify #conteudodigital",Salva esse post e segue o @dozero.aoreal para aprender o caminho sem promessa falsa.,#dozeroaoreal #rendacomhonestidade #infoproduto #marketingdigital #faceless #rendaextra #kiwify #conteudodigital,"Tela gravada mostrando checklist/rotina, com legendas grandes e ritmo rápido. Encerrar com CTA na bio.",,pendente,,,
2026-11-11-stories,2026-11-11,12:30,stories,Jornada,Evergreen de tráfego,Semana 13,A parte invisível de construir um projeto do zero,A parte invisível de construir um projeto do zero,"O começo não precisa ser impressionante. Precisa existir.

Tema de hoje: A parte invisível de construir um projeto do zero.

Não é sobre fingir que está tudo pronto. É sobre documentar o processo e continuar mesmo quando ainda falta lapidar.

A vantagem de começar pequeno é que você consegue corrigir rápido, sem depender de equipe, estúdio ou orçamento.

Feito com honestidade ainda vence muita ideia perfeita que nunca sai do papel.

Se você também está começando, acompanha a jornada no @dozero.aoreal.

#dozeroaoreal #rendacomhonestidade #infoproduto #marketingdigital #faceless #rendaextra #kiwify #conteudodigital","Se você também está começando, acompanha a jornada no @dozero.aoreal.",#dozeroaoreal #rendacomhonestidade #infoproduto #marketingdigital #faceless #rendaextra #kiwify #conteudodigital,"Antes/depois conceitual: ""antes: perdido / depois: com checklist"". CTA discreto.",2026-11-11-stories/2026-11-11-stories-1.jpg,pendente,,,
2026-11-12-estatico,2026-11-12,19:00,estatico,Conexão,Evergreen de tráfego,Semana 13,"Nem todo mundo começa com câmera, equipe e dinheiro","Nem todo mundo começa com câmera, equipe e dinheiro","Se você está tentando começar e sente que está atrasado, respira.

Tema de hoje: Nem todo mundo começa com câmera, equipe e dinheiro.

Se o seu ponto de partida parece ruim, isso não te elimina. Só define qual é o próximo passo.

Você pode começar sem aparecer, sem equipamento caro e sem discurso de guru.

O que não dá é esperar coragem infinita para fazer a primeira publicação.

Comenta ""REAL"" se você quer começar do jeito possível, não do jeito perfeito.

#dozeroaoreal #rendacomhonestidade #infoproduto #marketingdigital #faceless #rendaextra #kiwify #conteudodigital","Comenta ""REAL"" se você quer começar do jeito possível, não do jeito perfeito.",#dozeroaoreal #rendacomhonestidade #infoproduto #marketingdigital #faceless #rendaextra #kiwify #conteudodigital,"Imagem única com frase forte central, logo discreta e CTA na legenda.",2026-11-12-estatico/2026-11-12-estatico-1.jpg,pendente,,,
2026-11-13-carrossel,2026-11-13,19:30,carrossel,Bastidores / prova honesta,Evergreen de tráfego,Semana 13,O que tem por trás de uma landing page simples e honesta,O que tem por trás de uma landing page simples e honesta,"Por trás do guia existe uma escolha simples: clareza antes de hype.

Tema de hoje: O que tem por trás de uma landing page simples e honesta.

O conteúdo foi pensado para ensinar a estrutura: plataformas, conteúdo faceless, copy, organização e checklist de ação.

Sem depoimento inventado. Sem print falso. Sem ""ganhe X por dia"". A ideia é ser útil sem vender ilusão.

Isso deixa a promessa menor — e a entrega mais limpa.

Quer ver o mapa completo? O Guia Do Zero ao Real está no link da bio.

#dozeroaoreal #rendacomhonestidade #infoproduto #marketingdigital #faceless #rendaextra #kiwify #conteudodigital",Quer ver o mapa completo? O Guia Do Zero ao Real está no link da bio.,#dozeroaoreal #rendacomhonestidade #infoproduto #marketingdigital #faceless #rendaextra #kiwify #conteudodigital,"Slide 1: pergunta direta. Slides seguintes: resposta em passos curtos. Último slide: ""salva para fazer depois"".",2026-11-13-carrossel/2026-11-13-carrossel-1.jpg;2026-11-13-carrossel/2026-11-13-carrossel-2.jpg;2026-11-13-carrossel/2026-11-13-carrossel-3.jpg;2026-11-13-carrossel/2026-11-13-carrossel-4.jpg;2026-11-13-carrossel/2026-11-13-carrossel-5.jpg;2026-11-13-carrossel/2026-11-13-carrossel-6.jpg,pendente,,,
2026-11-14-reels,2026-11-14,20:15,reels,Venda direta honesta,Evergreen de tráfego,Semana 13,"Se você trava no primeiro passo, o guia foi feito para isso","Se você trava no primeiro passo, o guia foi feito para isso","A proposta é simples: um mapa prático para quem está começando sem nada.

Tema de hoje: Se você trava no primeiro passo, o guia foi feito para isso.

Dentro dele você encontra fundamentos, cadastro em plataformas, conteúdo faceless, noções de copy e organização financeira básica.

Não é uma fórmula mágica. É um roteiro para parar de ficar perdido na primeira tela.

Você olha, aplica no seu ritmo e decide se faz sentido. Tem garantia de 7 dias conforme o checkout.

Para começar com um passo a passo organizado, acesse o guia pelo link da bio.

#dozeroaoreal #rendacomhonestidade #infoproduto #marketingdigital #faceless #rendaextra #kiwify #conteudodigital","Para começar com um passo a passo organizado, acesse o guia pelo link da bio.",#dozeroaoreal #rendacomhonestidade #infoproduto #marketingdigital #faceless #rendaextra #kiwify #conteudodigital,"Reels silencioso com frases em tela e música tendência. 5 cenas, 2 segundos cada.",,pendente,,,
2026-11-15-stories,2026-11-15,12:30,stories,Educativo,Evergreen de tráfego,Semana 13,O que colocar numa bio que realmente explica o perfil,O que colocar numa bio que realmente explica o perfil,"Começar do zero fica mais difícil quando você tenta aprender tudo ao mesmo tempo.

Tema de hoje: O que colocar numa bio que realmente explica o perfil.

Pensa nisso como uma escada: primeiro você entende a base, depois monta a estrutura, depois publica, depois ajusta.

Quando você pula etapas, tudo parece confuso e qualquer ferramenta vira desculpa para travar.

A meta aqui é fazer o simples bem feito: um produto claro, uma oferta honesta e conteúdo constante.

Salva esse post e segue o @dozero.aoreal para aprender o caminho sem promessa falsa.

#dozeroaoreal #rendacomhonestidade #infoproduto #marketingdigital #faceless #rendaextra #kiwify #conteudodigital",Salva esse post e segue o @dozero.aoreal para aprender o caminho sem promessa falsa.,#dozeroaoreal #rendacomhonestidade #infoproduto #marketingdigital #faceless #rendaextra #kiwify #conteudodigital,"Sequência de 3 stories: 1) pergunta/enquete, 2) dica curta, 3) CTA para link da bio/check-out.",2026-11-15-stories/2026-11-15-stories-1.jpg,pendente,,,
2026-11-16-estatico,2026-11-16,19:00,estatico,Jornada,Evergreen de tráfego,Semana 14,Começar sem aparecer também é uma escolha válida,Começar sem aparecer também é uma escolha válida,"Nem todo bastidor é bonito, mas é nele que o negócio começa a ficar real.

Tema de hoje: Começar sem aparecer também é uma escolha válida.

Não é sobre fingir que está tudo pronto. É sobre documentar o processo e continuar mesmo quando ainda falta lapidar.

A vantagem de começar pequeno é que você consegue corrigir rápido, sem depender de equipe, estúdio ou orçamento.

Feito com honestidade ainda vence muita ideia perfeita que nunca sai do papel.

Se você também está começando, acompanha a jornada no @dozero.aoreal.

#dozeroaoreal #rendacomhonestidade #infoproduto #marketingdigital #faceless #rendaextra #kiwify #conteudodigital","Se você também está começando, acompanha a jornada no @dozero.aoreal.",#dozeroaoreal #rendacomhonestidade #infoproduto #marketingdigital #faceless #rendaextra #kiwify #conteudodigital,"Card simples: título, subtítulo e elemento visual lima. Visual limpo, sem poluição.",2026-11-16-estatico/2026-11-16-estatico-1.jpg,pendente,,,
2026-11-17-carrossel,2026-11-17,19:30,carrossel,Conexão,Evergreen de tráfego,Semana 14,A vergonha de começar pequeno trava mais do que a falta de ferramenta,A vergonha de começar pequeno trava mais do que a falta de ferramenta,"Você não precisa parecer expert para dar o primeiro passo com honestidade.

Tema de hoje: A vergonha de começar pequeno trava mais do que a falta de ferramenta.

Se o seu ponto de partida parece ruim, isso não te elimina. Só define qual é o próximo passo.

Você pode começar sem aparecer, sem equipamento caro e sem discurso de guru.

O que não dá é esperar coragem infinita para fazer a primeira publicação.

Comenta ""REAL"" se você quer começar do jeito possível, não do jeito perfeito.

#dozeroaoreal #rendacomhonestidade #infoproduto #marketingdigital #faceless #rendaextra #kiwify #conteudodigital","Comenta ""REAL"" se você quer começar do jeito possível, não do jeito perfeito.",#dozeroaoreal #rendacomhonestidade #infoproduto #marketingdigital #faceless #rendaextra #kiwify #conteudodigital,"Slide 1: ""antes de começar..."" Slides 2-5: erros/ajustes. Último slide: convite para o guia.",2026-11-17-carrossel/2026-11-17-carrossel-1.jpg;2026-11-17-carrossel/2026-11-17-carrossel-2.jpg;2026-11-17-carrossel/2026-11-17-carrossel-3.jpg;2026-11-17-carrossel/2026-11-17-carrossel-4.jpg;2026-11-17-carrossel/2026-11-17-carrossel-5.jpg;2026-11-17-carrossel/2026-11-17-carrossel-6.jpg,pendente,,,
2026-11-18-reels,2026-11-18,20:15,reels,Bastidores / prova honesta,Evergreen de tráfego,Semana 14,Por que não uso depoimento falso nem print inventado,Por que não uso depoimento falso nem print inventado,"Um bastidor importante: esse projeto não usa promessa de resultado garantido.

Tema de hoje: Por que não uso depoimento falso nem print inventado.

O conteúdo foi pensado para ensinar a estrutura: plataformas, conteúdo faceless, copy, organização e checklist de ação.

Sem depoimento inventado. Sem print falso. Sem ""ganhe X por dia"". A ideia é ser útil sem vender ilusão.

Isso deixa a promessa menor — e a entrega mais limpa.

Quer ver o mapa completo? O Guia Do Zero ao Real está no link da bio.

#dozeroaoreal #rendacomhonestidade #infoproduto #marketingdigital #faceless #rendaextra #kiwify #conteudodigital",Quer ver o mapa completo? O Guia Do Zero ao Real está no link da bio.,#dozeroaoreal #rendacomhonestidade #infoproduto #marketingdigital #faceless #rendaextra #kiwify #conteudodigital,"Vídeo faceless com texto na tela, cortes rápidos e b-roll simples de computador/celular. Sem aparecer. Narrativa opcional ou áudio em alta baixo.",,pendente,,,
2026-11-19-stories,2026-11-19,12:30,stories,Venda direta honesta,Evergreen de tráfego,Semana 14,O que você recebe dentro do Do Zero ao Real,O que você recebe dentro do Do Zero ao Real,"Se você quer começar, mas sempre trava na próxima etapa, esse guia pode te ajudar.

Tema de hoje: O que você recebe dentro do Do Zero ao Real.

Dentro dele você encontra fundamentos, cadastro em plataformas, conteúdo faceless, noções de copy e organização financeira básica.

Não é uma fórmula mágica. É um roteiro para parar de ficar perdido na primeira tela.

Você olha, aplica no seu ritmo e decide se faz sentido. Tem garantia de 7 dias conforme o checkout.

Para começar com um passo a passo organizado, acesse o guia pelo link da bio.

#dozeroaoreal #rendacomhonestidade #infoproduto #marketingdigital #faceless #rendaextra #kiwify #conteudodigital","Para começar com um passo a passo organizado, acesse o guia pelo link da bio.",#dozeroaoreal #rendacomhonestidade #infoproduto #marketingdigital #faceless #rendaextra #kiwify #conteudodigital,"Story único com bastidor + caixa de pergunta: ""qual etapa mais te trava?"".",2026-11-19-stories/2026-11-19-stories-1.jpg,pendente,,,
2026-11-20-estatico,2026-11-20,19:00,estatico,Educativo,Evergreen de tráfego,Semana 14,Como usar prova honesta mesmo sem depoimentos ainda,Como usar prova honesta mesmo sem depoimentos ainda,"Antes de pensar em vender, você precisa entender o caminho básico.

Tema de hoje: Como usar prova honesta mesmo sem depoimentos ainda.

Pensa nisso como uma escada: primeiro você entende a base, depois monta a estrutura, depois publica, depois ajusta.

Quando você pula etapas, tudo parece confuso e qualquer ferramenta vira desculpa para travar.

A meta aqui é fazer o simples bem feito: um produto claro, uma oferta honesta e conteúdo constante.

Salva esse post e segue o @dozero.aoreal para aprender o caminho sem promessa falsa.

#dozeroaoreal #rendacomhonestidade #infoproduto #marketingdigital #faceless #rendaextra #kiwify #conteudodigital",Salva esse post e segue o @dozero.aoreal para aprender o caminho sem promessa falsa.,#dozeroaoreal #rendacomhonestidade #infoproduto #marketingdigital #faceless #rendaextra #kiwify #conteudodigital,"Print/nota visual estilo checklist, com 3 bullets curtos.",2026-11-20-estatico/2026-11-20-estatico-1.jpg,pendente,,,
2026-11-21-carrossel,2026-11-21,19:30,carrossel,Jornada,Evergreen de tráfego,Semana 14,O dia em que eu percebi que precisava parar de esperar estar pronto,O dia em que eu percebi que precisava parar de esperar estar pronto,"Esse projeto nasceu do jeito que muita gente começa: sem estrutura perfeita.

Tema de hoje: O dia em que eu percebi que precisava parar de esperar estar pronto.

Não é sobre fingir que está tudo pronto. É sobre documentar o processo e continuar mesmo quando ainda falta lapidar.

A vantagem de começar pequeno é que você consegue corrigir rápido, sem depender de equipe, estúdio ou orçamento.

Feito com honestidade ainda vence muita ideia perfeita que nunca sai do papel.

Se você também está começando, acompanha a jornada no @dozero.aoreal.

#dozeroaoreal #rendacomhonestidade #infoproduto #marketingdigital #faceless #rendaextra #kiwify #conteudodigital","Se você também está começando, acompanha a jornada no @dozero.aoreal.",#dozeroaoreal #rendacomhonestidade #infoproduto #marketingdigital #faceless #rendaextra #kiwify #conteudodigital,Slide 1: título forte com fundo verde-noturno e palavra REAL em lima. Slides 2-6: um ponto por slide. Último slide: CTA para ver o guia no link da bio.,2026-11-21-carrossel/2026-11-21-carrossel-1.jpg;2026-11-21-carrossel/2026-11-21-carrossel-2.jpg;2026-11-21-carrossel/2026-11-21-carrossel-3.jpg;2026-11-21-carrossel/2026-11-21-carrossel-4.jpg;2026-11-21-carrossel/2026-11-21-carrossel-5.jpg;2026-11-21-carrossel/2026-11-21-carrossel-6.jpg,pendente,,,
2026-11-22-reels,2026-11-22,20:15,reels,Conexão,Evergreen de tráfego,Semana 14,Você não precisa virar guru para vender algo útil,Você não precisa virar guru para vender algo útil,"Tem muita gente vendendo uma vida perfeita. Aqui a conversa é outra.

Tema de hoje: Você não precisa virar guru para vender algo útil.

Se o seu ponto de partida parece ruim, isso não te elimina. Só define qual é o próximo passo.

Você pode começar sem aparecer, sem equipamento caro e sem discurso de guru.

O que não dá é esperar coragem infinita para fazer a primeira publicação.

Comenta ""REAL"" se você quer começar do jeito possível, não do jeito perfeito.

#dozeroaoreal #rendacomhonestidade #infoproduto #marketingdigital #faceless #rendaextra #kiwify #conteudodigital","Comenta ""REAL"" se você quer começar do jeito possível, não do jeito perfeito.",#dozeroaoreal #rendacomhonestidade #infoproduto #marketingdigital #faceless #rendaextra #kiwify #conteudodigital,"Tela gravada mostrando checklist/rotina, com legendas grandes e ritmo rápido. Encerrar com CTA na bio.",,pendente,,,
2026-11-23-stories,2026-11-23,12:30,stories,Bastidores / prova honesta,Evergreen de tráfego,Semana 15,Bastidor: o produto foi feito para quem precisa de clareza,Bastidor: o produto foi feito para quem precisa de clareza,"A construção foi pensada para quem precisa sair da confusão e ir para um passo a passo.

Tema de hoje: Bastidor: o produto foi feito para quem precisa de clareza.

O conteúdo foi pensado para ensinar a estrutura: plataformas, conteúdo faceless, copy, organização e checklist de ação.

Sem depoimento inventado. Sem print falso. Sem ""ganhe X por dia"". A ideia é ser útil sem vender ilusão.

Isso deixa a promessa menor — e a entrega mais limpa.

Quer ver o mapa completo? O Guia Do Zero ao Real está no link da bio.

#dozeroaoreal #rendacomhonestidade #infoproduto #marketingdigital #faceless #rendaextra #kiwify #conteudodigital",Quer ver o mapa completo? O Guia Do Zero ao Real está no link da bio.,#dozeroaoreal #rendacomhonestidade #infoproduto #marketingdigital #faceless #rendaextra #kiwify #conteudodigital,"Antes/depois conceitual: ""antes: perdido / depois: com checklist"". CTA discreto.",2026-11-23-stories/2026-11-23-stories-1.jpg,pendente,,,
2026-11-24-estatico,2026-11-24,19:00,estatico,Venda direta honesta,Evergreen de tráfego,Semana 15,"Por que R$49,99 compra clareza, não promessa de dinheiro","Por que R$49,99 compra clareza, não promessa de dinheiro","O Guia Do Zero ao Real não promete renda automática. Ele entrega organização.

Tema de hoje: Por que R$49,99 compra clareza, não promessa de dinheiro.

Dentro dele você encontra fundamentos, cadastro em plataformas, conteúdo faceless, noções de copy e organização financeira básica.

Não é uma fórmula mágica. É um roteiro para parar de ficar perdido na primeira tela.

Você olha, aplica no seu ritmo e decide se faz sentido. Tem garantia de 7 dias conforme o checkout.

Para começar com um passo a passo organizado, acesse o guia pelo link da bio.

#dozeroaoreal #rendacomhonestidade #infoproduto #marketingdigital #faceless #rendaextra #kiwify #conteudodigital","Para começar com um passo a passo organizado, acesse o guia pelo link da bio.",#dozeroaoreal #rendacomhonestidade #infoproduto #marketingdigital #faceless #rendaextra #kiwify #conteudodigital,"Imagem única com frase forte central, logo discreta e CTA na legenda.",2026-11-24-estatico/2026-11-24-estatico-1.jpg,pendente,,,
2026-11-25-carrossel,2026-11-25,19:30,carrossel,Educativo,Evergreen de tráfego,Semana 15,3 erros de quem começa no marketing digital sem direção,3 erros de quem começa no marketing digital sem direção,"O problema não é só falta de vontade. Muitas vezes é falta de ordem.

Tema de hoje: 3 erros de quem começa no marketing digital sem direção.

Pensa nisso como uma escada: primeiro você entende a base, depois monta a estrutura, depois publica, depois ajusta.

Quando você pula etapas, tudo parece confuso e qualquer ferramenta vira desculpa para travar.

A meta aqui é fazer o simples bem feito: um produto claro, uma oferta honesta e conteúdo constante.

Salva esse post e segue o @dozero.aoreal para aprender o caminho sem promessa falsa.

#dozeroaoreal #rendacomhonestidade #infoproduto #marketingdigital #faceless #rendaextra #kiwify #conteudodigital",Salva esse post e segue o @dozero.aoreal para aprender o caminho sem promessa falsa.,#dozeroaoreal #rendacomhonestidade #infoproduto #marketingdigital #faceless #rendaextra #kiwify #conteudodigital,"Slide 1: pergunta direta. Slides seguintes: resposta em passos curtos. Último slide: ""salva para fazer depois"".",2026-11-25-carrossel/2026-11-25-carrossel-1.jpg;2026-11-25-carrossel/2026-11-25-carrossel-2.jpg;2026-11-25-carrossel/2026-11-25-carrossel-3.jpg;2026-11-25-carrossel/2026-11-25-carrossel-4.jpg;2026-11-25-carrossel/2026-11-25-carrossel-5.jpg;2026-11-25-carrossel/2026-11-25-carrossel-6.jpg,pendente,,,
2026-11-26-reels,2026-11-26,20:15,reels,Jornada,Evergreen de tráfego,Semana 15,O que mudou quando eu organizei o projeto em etapas,O que mudou quando eu organizei o projeto em etapas,"O começo não precisa ser impressionante. Precisa existir.

Tema de hoje: O que mudou quando eu organizei o projeto em etapas.

Não é sobre fingir que está tudo pronto. É sobre documentar o processo e continuar mesmo quando ainda falta lapidar.

A vantagem de começar pequeno é que você consegue corrigir rápido, sem depender de equipe, estúdio ou orçamento.

Feito com honestidade ainda vence muita ideia perfeita que nunca sai do papel.

Se você também está começando, acompanha a jornada no @dozero.aoreal.

#dozeroaoreal #rendacomhonestidade #infoproduto #marketingdigital #faceless #rendaextra #kiwify #conteudodigital","Se você também está começando, acompanha a jornada no @dozero.aoreal.",#dozeroaoreal #rendacomhonestidade #infoproduto #marketingdigital #faceless #rendaextra #kiwify #conteudodigital,"Reels silencioso com frases em tela e música tendência. 5 cenas, 2 segundos cada.",,pendente,,,
2026-11-27-stories,2026-11-27,12:30,stories,Conexão,Evergreen de tráfego,Semana 15,O medo de errar não pode ser maior que a vontade de sair do lugar,O medo de errar não pode ser maior que a vontade de sair do lugar,"Se você está tentando começar e sente que está atrasado, respira.

Tema de hoje: O medo de errar não pode ser maior que a vontade de sair do lugar.

Se o seu ponto de partida parece ruim, isso não te elimina. Só define qual é o próximo passo.

Você pode começar sem aparecer, sem equipamento caro e sem discurso de guru.

O que não dá é esperar coragem infinita para fazer a primeira publicação.

Comenta ""REAL"" se você quer começar do jeito possível, não do jeito perfeito.

#dozeroaoreal #rendacomhonestidade #infoproduto #marketingdigital #faceless #rendaextra #kiwify #conteudodigital","Comenta ""REAL"" se você quer começar do jeito possível, não do jeito perfeito.",#dozeroaoreal #rendacomhonestidade #infoproduto #marketingdigital #faceless #rendaextra #kiwify #conteudodigital,"Sequência de 3 stories: 1) pergunta/enquete, 2) dica curta, 3) CTA para link da bio/check-out.",2026-11-27-stories/2026-11-27-stories-1.jpg,pendente,,,
2026-11-28-estatico,2026-11-28,19:00,estatico,Bastidores / prova honesta,Evergreen de tráfego,Semana 15,O que entra no guia e por que isso importa para iniciantes,O que entra no guia e por que isso importa para iniciantes,"Por trás do guia existe uma escolha simples: clareza antes de hype.

Tema de hoje: O que entra no guia e por que isso importa para iniciantes.

O conteúdo foi pensado para ensinar a estrutura: plataformas, conteúdo faceless, copy, organização e checklist de ação.

Sem depoimento inventado. Sem print falso. Sem ""ganhe X por dia"". A ideia é ser útil sem vender ilusão.

Isso deixa a promessa menor — e a entrega mais limpa.

Quer ver o mapa completo? O Guia Do Zero ao Real está no link da bio.

#dozeroaoreal #rendacomhonestidade #infoproduto #marketingdigital #faceless #rendaextra #kiwify #conteudodigital",Quer ver o mapa completo? O Guia Do Zero ao Real está no link da bio.,#dozeroaoreal #rendacomhonestidade #infoproduto #marketingdigital #faceless #rendaextra #kiwify #conteudodigital,"Card simples: título, subtítulo e elemento visual lima. Visual limpo, sem poluição.",2026-11-28-estatico/2026-11-28-estatico-1.jpg,pendente,,,
2026-11-29-carrossel,2026-11-29,19:30,carrossel,Venda direta honesta,Evergreen de tráfego,Semana 15,Antes de comprar: para quem esse guia serve e para quem não serve,Antes de comprar: para quem esse guia serve e para quem não serve,"A proposta é simples: um mapa prático para quem está começando sem nada.

Tema de hoje: Antes de comprar: para quem esse guia serve e para quem não serve.

Dentro dele você encontra fundamentos, cadastro em plataformas, conteúdo faceless, noções de copy e organização financeira básica.

Não é uma fórmula mágica. É um roteiro para parar de ficar perdido na primeira tela.

Você olha, aplica no seu ritmo e decide se faz sentido. Tem garantia de 7 dias conforme o checkout.

Para começar com um passo a passo organizado, acesse o guia pelo link da bio.

#dozeroaoreal #rendacomhonestidade #infoproduto #marketingdigital #faceless #rendaextra #kiwify #conteudodigital","Para começar com um passo a passo organizado, acesse o guia pelo link da bio.",#dozeroaoreal #rendacomhonestidade #infoproduto #marketingdigital #faceless #rendaextra #kiwify #conteudodigital,"Slide 1: ""antes de começar..."" Slides 2-5: erros/ajustes. Último slide: convite para o guia.",2026-11-29-carrossel/2026-11-29-carrossel-1.jpg;2026-11-29-carrossel/2026-11-29-carrossel-2.jpg;2026-11-29-carrossel/2026-11-29-carrossel-3.jpg;2026-11-29-carrossel/2026-11-29-carrossel-4.jpg;2026-11-29-carrossel/2026-11-29-carrossel-5.jpg;2026-11-29-carrossel/2026-11-29-carrossel-6.jpg,pendente,,,
2026-11-30-reels,2026-11-30,20:15,reels,Educativo,Evergreen de tráfego,Semana 16,O que é um infoproduto explicado sem enrolação,O que é um infoproduto explicado sem enrolação,"Começar do zero fica mais difícil quando você tenta aprender tudo ao mesmo tempo.

Tema de hoje: O que é um infoproduto explicado sem enrolação.

Pensa nisso como uma escada: primeiro você entende a base, depois monta a estrutura, depois publica, depois ajusta.

Quando você pula etapas, tudo parece confuso e qualquer ferramenta vira desculpa para travar.

A meta aqui é fazer o simples bem feito: um produto claro, uma oferta honesta e conteúdo constante.

Salva esse post e segue o @dozero.aoreal para aprender o caminho sem promessa falsa.

#dozeroaoreal #rendacomhonestidade #infoproduto #marketingdigital #faceless #rendaextra #kiwify #conteudodigital",Salva esse post e segue o @dozero.aoreal para aprender o caminho sem promessa falsa.,#dozeroaoreal #rendacomhonestidade #infoproduto #marketingdigital #faceless #rendaextra #kiwify #conteudodigital,"Vídeo faceless com texto na tela, cortes rápidos e b-roll simples de computador/celular. Sem aparecer. Narrativa opcional ou áudio em alta baixo.",,pendente,,,
2026-12-01-stories,2026-12-01,12:30,stories,Jornada,Evergreen de tráfego,Semana 16,Por que documentar o processo ajuda mais do que fingir perfeição,Por que documentar o processo ajuda mais do que fingir perfeição,"Nem todo bastidor é bonito, mas é nele que o negócio começa a ficar real.

Tema de hoje: Por que documentar o processo ajuda mais do que fingir perfeição.

Não é sobre fingir que está tudo pronto. É sobre documentar o processo e continuar mesmo quando ainda falta lapidar.

A vantagem de começar pequeno é que você consegue corrigir rápido, sem depender de equipe, estúdio ou orçamento.

Feito com honestidade ainda vence muita ideia perfeita que nunca sai do papel.

Se você também está começando, acompanha a jornada no @dozero.aoreal.

#dozeroaoreal #rendacomhonestidade #infoproduto #marketingdigital #faceless #rendaextra #kiwify #conteudodigital","Se você também está começando, acompanha a jornada no @dozero.aoreal.",#dozeroaoreal #rendacomhonestidade #infoproduto #marketingdigital #faceless #rendaextra #kiwify #conteudodigital,"Story único com bastidor + caixa de pergunta: ""qual etapa mais te trava?"".",2026-12-01-stories/2026-12-01-stories-1.jpg,pendente,,,
2026-12-02-estatico,2026-12-02,19:00,estatico,Conexão,Evergreen de tráfego,Semana 16,O começo parece feio porque ainda é começo,O começo parece feio porque ainda é começo,"Você não precisa parecer expert para dar o primeiro passo com honestidade.

Tema de hoje: O começo parece feio porque ainda é começo.

Se o seu ponto de partida parece ruim, isso não te elimina. Só define qual é o próximo passo.

Você pode começar sem aparecer, sem equipamento caro e sem discurso de guru.

O que não dá é esperar coragem infinita para fazer a primeira publicação.

Comenta ""REAL"" se você quer começar do jeito possível, não do jeito perfeito.

#dozeroaoreal #rendacomhonestidade #infoproduto #marketingdigital #faceless #rendaextra #kiwify #conteudodigital","Comenta ""REAL"" se você quer começar do jeito possível, não do jeito perfeito.",#dozeroaoreal #rendacomhonestidade #infoproduto #marketingdigital #faceless #rendaextra #kiwify #conteudodigital,"Print/nota visual estilo checklist, com 3 bullets curtos.",2026-12-02-estatico/2026-12-02-estatico-1.jpg,pendente,,,
2026-12-03-carrossel,2026-12-03,19:30,carrossel,Bastidores / prova honesta,Evergreen de tráfego,Semana 16,Como transformei dúvidas comuns em capítulos práticos,Como transformei dúvidas comuns em capítulos práticos,"Um bastidor importante: esse projeto não usa promessa de resultado garantido.

Tema de hoje: Como transformei dúvidas comuns em capítulos práticos.

O conteúdo foi pensado para ensinar a estrutura: plataformas, conteúdo faceless, copy, organização e checklist de ação.

Sem depoimento inventado. Sem print falso. Sem ""ganhe X por dia"". A ideia é ser útil sem vender ilusão.

Isso deixa a promessa menor — e a entrega mais limpa.

Quer ver o mapa completo? O Guia Do Zero ao Real está no link da bio.

#dozeroaoreal #rendacomhonestidade #infoproduto #marketingdigital #faceless #rendaextra #kiwify #conteudodigital",Quer ver o mapa completo? O Guia Do Zero ao Real está no link da bio.,#dozeroaoreal #rendacomhonestidade #infoproduto #marketingdigital #faceless #rendaextra #kiwify #conteudodigital,Slide 1: título forte com fundo verde-noturno e palavra REAL em lima. Slides 2-6: um ponto por slide. Último slide: CTA para ver o guia no link da bio.,2026-12-03-carrossel/2026-12-03-carrossel-1.jpg;2026-12-03-carrossel/2026-12-03-carrossel-2.jpg;2026-12-03-carrossel/2026-12-03-carrossel-3.jpg;2026-12-03-carrossel/2026-12-03-carrossel-4.jpg;2026-12-03-carrossel/2026-12-03-carrossel-5.jpg;2026-12-03-carrossel/2026-12-03-carrossel-6.jpg,pendente,,,
2026-12-04-reels,2026-12-04,20:15,reels,Venda direta honesta,Evergreen de tráfego,Semana 16,"O guia não faz por você, mas te mostra o caminho com ordem","O guia não faz por você, mas te mostra o caminho com ordem","Se você quer começar, mas sempre trava na próxima etapa, esse guia pode te ajudar.

Tema de hoje: O guia não faz por você, mas te mostra o caminho com ordem.

Dentro dele você encontra fundamentos, cadastro em plataformas, conteúdo faceless, noções de copy e organização financeira básica.

Não é uma fórmula mágica. É um roteiro para parar de ficar perdido na primeira tela.

Você olha, aplica no seu ritmo e decide se faz sentido. Tem garantia de 7 dias conforme o checkout.

Para começar com um passo a passo organizado, acesse o guia pelo link da bio.

#dozeroaoreal #rendacomhonestidade #infoproduto #marketingdigital #faceless #rendaextra #kiwify #conteudodigital","Para começar com um passo a passo organizado, acesse o guia pelo link da bio.",#dozeroaoreal #rendacomhonestidade #infoproduto #marketingdigital #faceless #rendaextra #kiwify #conteudodigital,"Tela gravada mostrando checklist/rotina, com legendas grandes e ritmo rápido. Encerrar com CTA na bio.",,pendente,,,
2026-12-05-stories,2026-12-05,12:30,stories,Educativo,Evergreen de tráfego,Semana 16,Por que começar pequeno é melhor do que esperar o plano perfeito,Por que começar pequeno é melhor do que esperar o plano perfeito,"Antes de pensar em vender, você precisa entender o caminho básico.

Tema de hoje: Por que começar pequeno é melhor do que esperar o plano perfeito.

Pensa nisso como uma escada: primeiro você entende a base, depois monta a estrutura, depois publica, depois ajusta.

Quando você pula etapas, tudo parece confuso e qualquer ferramenta vira desculpa para travar.

A meta aqui é fazer o simples bem feito: um produto claro, uma oferta honesta e conteúdo constante.

Salva esse post e segue o @dozero.aoreal para aprender o caminho sem promessa falsa.

#dozeroaoreal #rendacomhonestidade #infoproduto #marketingdigital #faceless #rendaextra #kiwify #conteudodigital",Salva esse post e segue o @dozero.aoreal para aprender o caminho sem promessa falsa.,#dozeroaoreal #rendacomhonestidade #infoproduto #marketingdigital #faceless #rendaextra #kiwify #conteudodigital,"Antes/depois conceitual: ""antes: perdido / depois: com checklist"". CTA discreto.",2026-12-05-stories/2026-12-05-stories-1.jpg,pendente,,,
2026-12-06-estatico,2026-12-06,19:00,estatico,Jornada,Evergreen de tráfego,Semana 16,Bastidor real: fazer simples para conseguir terminar,Bastidor real: fazer simples para conseguir terminar,"Esse projeto nasceu do jeito que muita gente começa: sem estrutura perfeita.

Tema de hoje: Bastidor real: fazer simples para conseguir terminar.

Não é sobre fingir que está tudo pronto. É sobre documentar o processo e continuar mesmo quando ainda falta lapidar.

A vantagem de começar pequeno é que você consegue corrigir rápido, sem depender de equipe, estúdio ou orçamento.

Feito com honestidade ainda vence muita ideia perfeita que nunca sai do papel.

Se você também está começando, acompanha a jornada no @dozero.aoreal.

#dozeroaoreal #rendacomhonestidade #infoproduto #marketingdigital #faceless #rendaextra #kiwify #conteudodigital","Se você também está começando, acompanha a jornada no @dozero.aoreal.",#dozeroaoreal #rendacomhonestidade #infoproduto #marketingdigital #faceless #rendaextra #kiwify #conteudodigital,"Imagem única com frase forte central, logo discreta e CTA na legenda.",2026-12-06-estatico/2026-12-06-estatico-1.jpg,pendente,,,
2026-12-07-carrossel,2026-12-07,19:30,carrossel,Conexão,Evergreen de tráfego,Semana 17,Faceless não é se esconder; é escolher um formato possível,Faceless não é se esconder; é escolher um formato possível,"Tem muita gente vendendo uma vida perfeita. Aqui a conversa é outra.

Tema de hoje: Faceless não é se esconder; é escolher um formato possível.

Se o seu ponto de partida parece ruim, isso não te elimina. Só define qual é o próximo passo.

Você pode começar sem aparecer, sem equipamento caro e sem discurso de guru.

O que não dá é esperar coragem infinita para fazer a primeira publicação.

Comenta ""REAL"" se você quer começar do jeito possível, não do jeito perfeito.

#dozeroaoreal #rendacomhonestidade #infoproduto #marketingdigital #faceless #rendaextra #kiwify #conteudodigital","Comenta ""REAL"" se você quer começar do jeito possível, não do jeito perfeito.",#dozeroaoreal #rendacomhonestidade #infoproduto #marketingdigital #faceless #rendaextra #kiwify #conteudodigital,"Slide 1: pergunta direta. Slides seguintes: resposta em passos curtos. Último slide: ""salva para fazer depois"".",2026-12-07-carrossel/2026-12-07-carrossel-1.jpg;2026-12-07-carrossel/2026-12-07-carrossel-2.jpg;2026-12-07-carrossel/2026-12-07-carrossel-3.jpg;2026-12-07-carrossel/2026-12-07-carrossel-4.jpg;2026-12-07-carrossel/2026-12-07-carrossel-5.jpg;2026-12-07-carrossel/2026-12-07-carrossel-6.jpg,pendente,,,
2026-12-08-reels,2026-12-08,20:15,reels,Bastidores / prova honesta,Evergreen de tráfego,Semana 17,"Por que a garantia existe, mas o esforço continua sendo seu","Por que a garantia existe, mas o esforço continua sendo seu","A construção foi pensada para quem precisa sair da confusão e ir para um passo a passo.

Tema de hoje: Por que a garantia existe, mas o esforço continua sendo seu.

O conteúdo foi pensado para ensinar a estrutura: plataformas, conteúdo faceless, copy, organização e checklist de ação.

Sem depoimento inventado. Sem print falso. Sem ""ganhe X por dia"". A ideia é ser útil sem vender ilusão.

Isso deixa a promessa menor — e a entrega mais limpa.

Quer ver o mapa completo? O Guia Do Zero ao Real está no link da bio.

#dozeroaoreal #rendacomhonestidade #infoproduto #marketingdigital #faceless #rendaextra #kiwify #conteudodigital",Quer ver o mapa completo? O Guia Do Zero ao Real está no link da bio.,#dozeroaoreal #rendacomhonestidade #infoproduto #marketingdigital #faceless #rendaextra #kiwify #conteudodigital,"Reels silencioso com frases em tela e música tendência. 5 cenas, 2 segundos cada.",,pendente,,,
2026-12-09-stories,2026-12-09,12:30,stories,Venda direta honesta,Evergreen de tráfego,Semana 17,7 dias de garantia para você olhar com calma,7 dias de garantia para você olhar com calma,"O Guia Do Zero ao Real não promete renda automática. Ele entrega organização.

Tema de hoje: 7 dias de garantia para você olhar com calma.

Dentro dele você encontra fundamentos, cadastro em plataformas, conteúdo faceless, noções de copy e organização financeira básica.

Não é uma fórmula mágica. É um roteiro para parar de ficar perdido na primeira tela.

Você olha, aplica no seu ritmo e decide se faz sentido. Tem garantia de 7 dias conforme o checkout.

Para começar com um passo a passo organizado, acesse o guia pelo link da bio.

#dozeroaoreal #rendacomhonestidade #infoproduto #marketingdigital #faceless #rendaextra #kiwify #conteudodigital","Para começar com um passo a passo organizado, acesse o guia pelo link da bio.",#dozeroaoreal #rendacomhonestidade #infoproduto #marketingdigital #faceless #rendaextra #kiwify #conteudodigital,"Sequência de 3 stories: 1) pergunta/enquete, 2) dica curta, 3) CTA para link da bio/check-out.",2026-12-09-stories/2026-12-09-stories-1.jpg,pendente,,,
2026-12-10-estatico,2026-12-10,19:00,estatico,Educativo,Evergreen de tráfego,Semana 17,Como escolher uma plataforma sem travar na comparação,Como escolher uma plataforma sem travar na comparação,"O problema não é só falta de vontade. Muitas vezes é falta de ordem.

Tema de hoje: Como escolher uma plataforma sem travar na comparação.

Pensa nisso como uma escada: primeiro você entende a base, depois monta a estrutura, depois publica, depois ajusta.

Quando você pula etapas, tudo parece confuso e qualquer ferramenta vira desculpa para travar.

A meta aqui é fazer o simples bem feito: um produto claro, uma oferta honesta e conteúdo constante.

Salva esse post e segue o @dozero.aoreal para aprender o caminho sem promessa falsa.

#dozeroaoreal #rendacomhonestidade #infoproduto #marketingdigital #faceless #rendaextra #kiwify #conteudodigital",Salva esse post e segue o @dozero.aoreal para aprender o caminho sem promessa falsa.,#dozeroaoreal #rendacomhonestidade #infoproduto #marketingdigital #faceless #rendaextra #kiwify #conteudodigital,"Card simples: título, subtítulo e elemento visual lima. Visual limpo, sem poluição.",2026-12-10-estatico/2026-12-10-estatico-1.jpg,pendente,,,
2026-12-11-carrossel,2026-12-11,19:30,carrossel,Jornada,Evergreen de tráfego,Semana 17,A diferença entre estar perdido e estar no começo,A diferença entre estar perdido e estar no começo,"O começo não precisa ser impressionante. Precisa existir.

Tema de hoje: A diferença entre estar perdido e estar no começo.

Não é sobre fingir que está tudo pronto. É sobre documentar o processo e continuar mesmo quando ainda falta lapidar.

A vantagem de começar pequeno é que você consegue corrigir rápido, sem depender de equipe, estúdio ou orçamento.

Feito com honestidade ainda vence muita ideia perfeita que nunca sai do papel.

Se você também está começando, acompanha a jornada no @dozero.aoreal.

#dozeroaoreal #rendacomhonestidade #infoproduto #marketingdigital #faceless #rendaextra #kiwify #conteudodigital","Se você também está começando, acompanha a jornada no @dozero.aoreal.",#dozeroaoreal #rendacomhonestidade #infoproduto #marketingdigital #faceless #rendaextra #kiwify #conteudodigital,"Slide 1: ""antes de começar..."" Slides 2-5: erros/ajustes. Último slide: convite para o guia.",2026-12-11-carrossel/2026-12-11-carrossel-1.jpg;2026-12-11-carrossel/2026-12-11-carrossel-2.jpg;2026-12-11-carrossel/2026-12-11-carrossel-3.jpg;2026-12-11-carrossel/2026-12-11-carrossel-4.jpg;2026-12-11-carrossel/2026-12-11-carrossel-5.jpg;2026-12-11-carrossel/2026-12-11-carrossel-6.jpg,pendente,,,
2026-12-12-reels,2026-12-12,20:15,reels,Conexão,Evergreen de tráfego,Semana 17,O plano perfeito muitas vezes é só procrastinação com nome bonito,O plano perfeito muitas vezes é só procrastinação com nome bonito,"Se você está tentando começar e sente que está atrasado, respira.

Tema de hoje: O plano perfeito muitas vezes é só procrastinação com nome bonito.

Se o seu ponto de partida parece ruim, isso não te elimina. Só define qual é o próximo passo.

Você pode começar sem aparecer, sem equipamento caro e sem discurso de guru.

O que não dá é esperar coragem infinita para fazer a primeira publicação.

Comenta ""REAL"" se você quer começar do jeito possível, não do jeito perfeito.

#dozeroaoreal #rendacomhonestidade #infoproduto #marketingdigital #faceless #rendaextra #kiwify #conteudodigital","Comenta ""REAL"" se você quer começar do jeito possível, não do jeito perfeito.",#dozeroaoreal #rendacomhonestidade #infoproduto #marketingdigital #faceless #rendaextra #kiwify #conteudodigital,"Vídeo faceless com texto na tela, cortes rápidos e b-roll simples de computador/celular. Sem aparecer. Narrativa opcional ou áudio em alta baixo.",,pendente,,,
2026-12-13-stories,2026-12-13,12:30,stories,Bastidores / prova honesta,Evergreen de tráfego,Semana 17,"Bastidor da VSL: direto ao ponto, sem teatro de riqueza","Bastidor da VSL: direto ao ponto, sem teatro de riqueza","Por trás do guia existe uma escolha simples: clareza antes de hype.

Tema de hoje: Bastidor da VSL: direto ao ponto, sem teatro de riqueza.

O conteúdo foi pensado para ensinar a estrutura: plataformas, conteúdo faceless, copy, organização e checklist de ação.

Sem depoimento inventado. Sem print falso. Sem ""ganhe X por dia"". A ideia é ser útil sem vender ilusão.

Isso deixa a promessa menor — e a entrega mais limpa.

Quer ver o mapa completo? O Guia Do Zero ao Real está no link da bio.

#dozeroaoreal #rendacomhonestidade #infoproduto #marketingdigital #faceless #rendaextra #kiwify #conteudodigital",Quer ver o mapa completo? O Guia Do Zero ao Real está no link da bio.,#dozeroaoreal #rendacomhonestidade #infoproduto #marketingdigital #faceless #rendaextra #kiwify #conteudodigital,"Story único com bastidor + caixa de pergunta: ""qual etapa mais te trava?"".",2026-12-13-stories/2026-12-13-stories-1.jpg,pendente,,,
2026-12-14-estatico,2026-12-14,19:00,estatico,Venda direta honesta,Evergreen de tráfego,Semana 18,Quer começar hoje? O checkout está na bio,Quer começar hoje? O checkout está na bio,"A proposta é simples: um mapa prático para quem está começando sem nada.

Tema de hoje: Quer começar hoje? O checkout está na bio.

Dentro dele você encontra fundamentos, cadastro em plataformas, conteúdo faceless, noções de copy e organização financeira básica.

Não é uma fórmula mágica. É um roteiro para parar de ficar perdido na primeira tela.

Você olha, aplica no seu ritmo e decide se faz sentido. Tem garantia de 7 dias conforme o checkout.

Para começar com um passo a passo organizado, acesse o guia pelo link da bio.

#dozeroaoreal #rendacomhonestidade #infoproduto #marketingdigital #faceless #rendaextra #kiwify #conteudodigital","Para começar com um passo a passo organizado, acesse o guia pelo link da bio.",#dozeroaoreal #rendacomhonestidade #infoproduto #marketingdigital #faceless #rendaextra #kiwify #conteudodigital,"Print/nota visual estilo checklist, com 3 bullets curtos.",2026-12-14-estatico/2026-12-14-estatico-1.jpg,pendente,,,
2026-12-15-carrossel,2026-12-15,19:30,carrossel,Educativo,Evergreen de tráfego,Semana 18,A diferença entre conteúdo que ensina e conteúdo que só ocupa espaço,A diferença entre conteúdo que ensina e conteúdo que só ocupa espaço,"Começar do zero fica mais difícil quando você tenta aprender tudo ao mesmo tempo.

Tema de hoje: A diferença entre conteúdo que ensina e conteúdo que só ocupa espaço.

Pensa nisso como uma escada: primeiro você entende a base, depois monta a estrutura, depois publica, depois ajusta.

Quando você pula etapas, tudo parece confuso e qualquer ferramenta vira desculpa para travar.

A meta aqui é fazer o simples bem feito: um produto claro, uma oferta honesta e conteúdo constante.

Salva esse post e segue o @dozero.aoreal para aprender o caminho sem promessa falsa.

#dozeroaoreal #rendacomhonestidade #infoproduto #marketingdigital #faceless #rendaextra #kiwify #conteudodigital",Salva esse post e segue o @dozero.aoreal para aprender o caminho sem promessa falsa.,#dozeroaoreal #rendacomhonestidade #infoproduto #marketingdigital #faceless #rendaextra #kiwify #conteudodigital,Slide 1: título forte com fundo verde-noturno e palavra REAL em lima. Slides 2-6: um ponto por slide. Último slide: CTA para ver o guia no link da bio.,2026-12-15-carrossel/2026-12-15-carrossel-1.jpg;2026-12-15-carrossel/2026-12-15-carrossel-2.jpg;2026-12-15-carrossel/2026-12-15-carrossel-3.jpg;2026-12-15-carrossel/2026-12-15-carrossel-4.jpg;2026-12-15-carrossel/2026-12-15-carrossel-5.jpg;2026-12-15-carrossel/2026-12-15-carrossel-6.jpg,pendente,,,
2026-12-16-reels,2026-12-16,20:15,reels,Jornada,Evergreen de tráfego,Semana 18,O que eu faria se estivesse começando hoje sem dinheiro para investir,O que eu faria se estivesse começando hoje sem dinheiro para investir,"Nem todo bastidor é bonito, mas é nele que o negócio começa a ficar real.

Tema de hoje: O que eu faria se estivesse começando hoje sem dinheiro para investir.

Não é sobre fingir que está tudo pronto. É sobre documentar o processo e continuar mesmo quando ainda falta lapidar.

A vantagem de começar pequeno é que você consegue corrigir rápido, sem depender de equipe, estúdio ou orçamento.

Feito com honestidade ainda vence muita ideia perfeita que nunca sai do papel.

Se você também está começando, acompanha a jornada no @dozero.aoreal.

#dozeroaoreal #rendacomhonestidade #infoproduto #marketingdigital #faceless #rendaextra #kiwify #conteudodigital","Se você também está começando, acompanha a jornada no @dozero.aoreal.",#dozeroaoreal #rendacomhonestidade #infoproduto #marketingdigital #faceless #rendaextra #kiwify #conteudodigital,"Tela gravada mostrando checklist/rotina, com legendas grandes e ritmo rápido. Encerrar com CTA na bio.",,pendente,,,
2026-12-17-stories,2026-12-17,12:30,stories,Conexão,Evergreen de tráfego,Semana 18,"Se você sente que está atrasado, leia isso","Se você sente que está atrasado, leia isso","Você não precisa parecer expert para dar o primeiro passo com honestidade.

Tema de hoje: Se você sente que está atrasado, leia isso.

Se o seu ponto de partida parece ruim, isso não te elimina. Só define qual é o próximo passo.

Você pode começar sem aparecer, sem equipamento caro e sem discurso de guru.

O que não dá é esperar coragem infinita para fazer a primeira publicação.

Comenta ""REAL"" se você quer começar do jeito possível, não do jeito perfeito.

#dozeroaoreal #rendacomhonestidade #infoproduto #marketingdigital #faceless #rendaextra #kiwify #conteudodigital","Comenta ""REAL"" se você quer começar do jeito possível, não do jeito perfeito.",#dozeroaoreal #rendacomhonestidade #infoproduto #marketingdigital #faceless #rendaextra #kiwify #conteudodigital,"Antes/depois conceitual: ""antes: perdido / depois: com checklist"". CTA discreto.",2026-12-17-stories/2026-12-17-stories-1.jpg,pendente,,,
2026-12-18-estatico,2026-12-18,19:00,estatico,Bastidores / prova honesta,Evergreen de tráfego,Semana 18,"Como o guia foi organizado por etapas, não por promessa","Como o guia foi organizado por etapas, não por promessa","Um bastidor importante: esse projeto não usa promessa de resultado garantido.

Tema de hoje: Como o guia foi organizado por etapas, não por promessa.

O conteúdo foi pensado para ensinar a estrutura: plataformas, conteúdo faceless, copy, organização e checklist de ação.

Sem depoimento inventado. Sem print falso. Sem ""ganhe X por dia"". A ideia é ser útil sem vender ilusão.

Isso deixa a promessa menor — e a entrega mais limpa.

Quer ver o mapa completo? O Guia Do Zero ao Real está no link da bio.

#dozeroaoreal #rendacomhonestidade #infoproduto #marketingdigital #faceless #rendaextra #kiwify #conteudodigital",Quer ver o mapa completo? O Guia Do Zero ao Real está no link da bio.,#dozeroaoreal #rendacomhonestidade #infoproduto #marketingdigital #faceless #rendaextra #kiwify #conteudodigital,"Imagem única com frase forte central, logo discreta e CTA na legenda.",2026-12-18-estatico/2026-12-18-estatico-1.jpg,pendente,,,
2026-12-19-carrossel,2026-12-19,19:30,carrossel,Venda direta honesta,Evergreen de tráfego,Semana 18,O Guia Do Zero ao Real é para quem quer começar com um mapa,O Guia Do Zero ao Real é para quem quer começar com um mapa,"Se você quer começar, mas sempre trava na próxima etapa, esse guia pode te ajudar.

Tema de hoje: O Guia Do Zero ao Real é para quem quer começar com um mapa.

Dentro dele você encontra fundamentos, cadastro em plataformas, conteúdo faceless, noções de copy e organização financeira básica.

Não é uma fórmula mágica. É um roteiro para parar de ficar perdido na primeira tela.

Você olha, aplica no seu ritmo e decide se faz sentido. Tem garantia de 7 dias conforme o checkout.

Para começar com um passo a passo organizado, acesse o guia pelo link da bio.

#dozeroaoreal #rendacomhonestidade #infoproduto #marketingdigital #faceless #rendaextra #kiwify #conteudodigital","Para começar com um passo a passo organizado, acesse o guia pelo link da bio.",#dozeroaoreal #rendacomhonestidade #infoproduto #marketingdigital #faceless #rendaextra #kiwify #conteudodigital,"Slide 1: pergunta direta. Slides seguintes: resposta em passos curtos. Último slide: ""salva para fazer depois"".",2026-12-19-carrossel/2026-12-19-carrossel-1.jpg;2026-12-19-carrossel/2026-12-19-carrossel-2.jpg;2026-12-19-carrossel/2026-12-19-carrossel-3.jpg;2026-12-19-carrossel/2026-12-19-carrossel-4.jpg;2026-12-19-carrossel/2026-12-19-carrossel-5.jpg;2026-12-19-carrossel/2026-12-19-carrossel-6.jpg,pendente,,,
2026-12-20-reels,2026-12-20,20:15,reels,Educativo,Evergreen de tráfego,Semana 18,Como pensar em oferta sem prometer resultado impossível,Como pensar em oferta sem prometer resultado impossível,"Antes de pensar em vender, você precisa entender o caminho básico.

Tema de hoje: Como pensar em oferta sem prometer resultado impossível.

Pensa nisso como uma escada: primeiro você entende a base, depois monta a estrutura, depois publica, depois ajusta.

Quando você pula etapas, tudo parece confuso e qualquer ferramenta vira desculpa para travar.

A meta aqui é fazer o simples bem feito: um produto claro, uma oferta honesta e conteúdo constante.

Salva esse post e segue o @dozero.aoreal para aprender o caminho sem promessa falsa.

#dozeroaoreal #rendacomhonestidade #infoproduto #marketingdigital #faceless #rendaextra #kiwify #conteudodigital",Salva esse post e segue o @dozero.aoreal para aprender o caminho sem promessa falsa.,#dozeroaoreal #rendacomhonestidade #infoproduto #marketingdigital #faceless #rendaextra #kiwify #conteudodigital,"Reels silencioso com frases em tela e música tendência. 5 cenas, 2 segundos cada.",,pendente,,,
2026-12-21-stories,2026-12-21,12:30,stories,Jornada,Evergreen de tráfego,Semana 19,A parte invisível de construir um projeto do zero,A parte invisível de construir um projeto do zero,"Esse projeto nasceu do jeito que muita gente começa: sem estrutura perfeita.

Tema de hoje: A parte invisível de construir um projeto do zero.

Não é sobre fingir que está tudo pronto. É sobre documentar o processo e continuar mesmo quando ainda falta lapidar.

A vantagem de começar pequeno é que você consegue corrigir rápido, sem depender de equipe, estúdio ou orçamento.

Feito com honestidade ainda vence muita ideia perfeita que nunca sai do papel.

Se você também está começando, acompanha a jornada no @dozero.aoreal.

#dozeroaoreal #rendacomhonestidade #infoproduto #marketingdigital #faceless #rendaextra #kiwify #conteudodigital","Se você também está começando, acompanha a jornada no @dozero.aoreal.",#dozeroaoreal #rendacomhonestidade #infoproduto #marketingdigital #faceless #rendaextra #kiwify #conteudodigital,"Sequência de 3 stories: 1) pergunta/enquete, 2) dica curta, 3) CTA para link da bio/check-out.",2026-12-21-stories/2026-12-21-stories-1.jpg,pendente,,,
2026-12-22-estatico,2026-12-22,19:00,estatico,Conexão,Evergreen de tráfego,Semana 19,"Nem todo mundo começa com câmera, equipe e dinheiro","Nem todo mundo começa com câmera, equipe e dinheiro","Tem muita gente vendendo uma vida perfeita. Aqui a conversa é outra.

Tema de hoje: Nem todo mundo começa com câmera, equipe e dinheiro.

Se o seu ponto de partida parece ruim, isso não te elimina. Só define qual é o próximo passo.

Você pode começar sem aparecer, sem equipamento caro e sem discurso de guru.

O que não dá é esperar coragem infinita para fazer a primeira publicação.

Comenta ""REAL"" se você quer começar do jeito possível, não do jeito perfeito.

#dozeroaoreal #rendacomhonestidade #infoproduto #marketingdigital #faceless #rendaextra #kiwify #conteudodigital","Comenta ""REAL"" se você quer começar do jeito possível, não do jeito perfeito.",#dozeroaoreal #rendacomhonestidade #infoproduto #marketingdigital #faceless #rendaextra #kiwify #conteudodigital,"Card simples: título, subtítulo e elemento visual lima. Visual limpo, sem poluição.",2026-12-22-estatico/2026-12-22-estatico-1.jpg,pendente,,,
2026-12-23-carrossel,2026-12-23,19:30,carrossel,Bastidores / prova honesta,Evergreen de tráfego,Semana 19,O que tem por trás de uma landing page simples e honesta,O que tem por trás de uma landing page simples e honesta,"A construção foi pensada para quem precisa sair da confusão e ir para um passo a passo.

Tema de hoje: O que tem por trás de uma landing page simples e honesta.

O conteúdo foi pensado para ensinar a estrutura: plataformas, conteúdo faceless, copy, organização e checklist de ação.

Sem depoimento inventado. Sem print falso. Sem ""ganhe X por dia"". A ideia é ser útil sem vender ilusão.

Isso deixa a promessa menor — e a entrega mais limpa.

Quer ver o mapa completo? O Guia Do Zero ao Real está no link da bio.

#dozeroaoreal #rendacomhonestidade #infoproduto #marketingdigital #faceless #rendaextra #kiwify #conteudodigital",Quer ver o mapa completo? O Guia Do Zero ao Real está no link da bio.,#dozeroaoreal #rendacomhonestidade #infoproduto #marketingdigital #faceless #rendaextra #kiwify #conteudodigital,"Slide 1: ""antes de começar..."" Slides 2-5: erros/ajustes. Último slide: convite para o guia.",2026-12-23-carrossel/2026-12-23-carrossel-1.jpg;2026-12-23-carrossel/2026-12-23-carrossel-2.jpg;2026-12-23-carrossel/2026-12-23-carrossel-3.jpg;2026-12-23-carrossel/2026-12-23-carrossel-4.jpg;2026-12-23-carrossel/2026-12-23-carrossel-5.jpg;2026-12-23-carrossel/2026-12-23-carrossel-6.jpg,pendente,,,
2026-12-24-reels,2026-12-24,20:15,reels,Venda direta honesta,Evergreen de tráfego,Semana 19,"Se você trava no primeiro passo, o guia foi feito para isso","Se você trava no primeiro passo, o guia foi feito para isso","O Guia Do Zero ao Real não promete renda automática. Ele entrega organização.

Tema de hoje: Se você trava no primeiro passo, o guia foi feito para isso.

Dentro dele você encontra fundamentos, cadastro em plataformas, conteúdo faceless, noções de copy e organização financeira básica.

Não é uma fórmula mágica. É um roteiro para parar de ficar perdido na primeira tela.

Você olha, aplica no seu ritmo e decide se faz sentido. Tem garantia de 7 dias conforme o checkout.

Para começar com um passo a passo organizado, acesse o guia pelo link da bio.

#dozeroaoreal #rendacomhonestidade #infoproduto #marketingdigital #faceless #rendaextra #kiwify #conteudodigital","Para começar com um passo a passo organizado, acesse o guia pelo link da bio.",#dozeroaoreal #rendacomhonestidade #infoproduto #marketingdigital #faceless #rendaextra #kiwify #conteudodigital,"Vídeo faceless com texto na tela, cortes rápidos e b-roll simples de computador/celular. Sem aparecer. Narrativa opcional ou áudio em alta baixo.",,pendente,,,
2026-12-25-stories,2026-12-25,12:30,stories,Educativo,Evergreen de tráfego,Semana 19,O básico de copywriting para quem está começando do zero,O básico de copywriting para quem está começando do zero,"O problema não é só falta de vontade. Muitas vezes é falta de ordem.

Tema de hoje: O básico de copywriting para quem está começando do zero.

Pensa nisso como uma escada: primeiro você entende a base, depois monta a estrutura, depois publica, depois ajusta.

Quando você pula etapas, tudo parece confuso e qualquer ferramenta vira desculpa para travar.

A meta aqui é fazer o simples bem feito: um produto claro, uma oferta honesta e conteúdo constante.

Salva esse post e segue o @dozero.aoreal para aprender o caminho sem promessa falsa.

#dozeroaoreal #rendacomhonestidade #infoproduto #marketingdigital #faceless #rendaextra #kiwify #conteudodigital",Salva esse post e segue o @dozero.aoreal para aprender o caminho sem promessa falsa.,#dozeroaoreal #rendacomhonestidade #infoproduto #marketingdigital #faceless #rendaextra #kiwify #conteudodigital,"Story único com bastidor + caixa de pergunta: ""qual etapa mais te trava?"".",2026-12-25-stories/2026-12-25-stories-1.jpg,pendente,,,
2026-12-26-estatico,2026-12-26,19:00,estatico,Jornada,Evergreen de tráfego,Semana 19,Começar sem aparecer também é uma escolha válida,Começar sem aparecer também é uma escolha válida,"O começo não precisa ser impressionante. Precisa existir.

Tema de hoje: Começar sem aparecer também é uma escolha válida.

Não é sobre fingir que está tudo pronto. É sobre documentar o processo e continuar mesmo quando ainda falta lapidar.

A vantagem de começar pequeno é que você consegue corrigir rápido, sem depender de equipe, estúdio ou orçamento.

Feito com honestidade ainda vence muita ideia perfeita que nunca sai do papel.

Se você também está começando, acompanha a jornada no @dozero.aoreal.

#dozeroaoreal #rendacomhonestidade #infoproduto #marketingdigital #faceless #rendaextra #kiwify #conteudodigital","Se você também está começando, acompanha a jornada no @dozero.aoreal.",#dozeroaoreal #rendacomhonestidade #infoproduto #marketingdigital #faceless #rendaextra #kiwify #conteudodigital,"Print/nota visual estilo checklist, com 3 bullets curtos.",2026-12-26-estatico/2026-12-26-estatico-1.jpg,pendente,,,
2026-12-27-carrossel,2026-12-27,19:30,carrossel,Conexão,Evergreen de tráfego,Semana 19,A vergonha de começar pequeno trava mais do que a falta de ferramenta,A vergonha de começar pequeno trava mais do que a falta de ferramenta,"Se você está tentando começar e sente que está atrasado, respira.

Tema de hoje: A vergonha de começar pequeno trava mais do que a falta de ferramenta.

Se o seu ponto de partida parece ruim, isso não te elimina. Só define qual é o próximo passo.

Você pode começar sem aparecer, sem equipamento caro e sem discurso de guru.

O que não dá é esperar coragem infinita para fazer a primeira publicação.

Comenta ""REAL"" se você quer começar do jeito possível, não do jeito perfeito.

#dozeroaoreal #rendacomhonestidade #infoproduto #marketingdigital #faceless #rendaextra #kiwify #conteudodigital","Comenta ""REAL"" se você quer começar do jeito possível, não do jeito perfeito.",#dozeroaoreal #rendacomhonestidade #infoproduto #marketingdigital #faceless #rendaextra #kiwify #conteudodigital,Slide 1: título forte com fundo verde-noturno e palavra REAL em lima. Slides 2-6: um ponto por slide. Último slide: CTA para ver o guia no link da bio.,2026-12-27-carrossel/2026-12-27-carrossel-1.jpg;2026-12-27-carrossel/2026-12-27-carrossel-2.jpg;2026-12-27-carrossel/2026-12-27-carrossel-3.jpg;2026-12-27-carrossel/2026-12-27-carrossel-4.jpg;2026-12-27-carrossel/2026-12-27-carrossel-5.jpg;2026-12-27-carrossel/2026-12-27-carrossel-6.jpg,pendente,,,
2026-12-28-reels,2026-12-28,20:15,reels,Bastidores / prova honesta,Evergreen de tráfego,Semana 20,Por que não uso depoimento falso nem print inventado,Por que não uso depoimento falso nem print inventado,"Por trás do guia existe uma escolha simples: clareza antes de hype.

Tema de hoje: Por que não uso depoimento falso nem print inventado.

O conteúdo foi pensado para ensinar a estrutura: plataformas, conteúdo faceless, copy, organização e checklist de ação.

Sem depoimento inventado. Sem print falso. Sem ""ganhe X por dia"". A ideia é ser útil sem vender ilusão.

Isso deixa a promessa menor — e a entrega mais limpa.

Quer ver o mapa completo? O Guia Do Zero ao Real está no link da bio.

#dozeroaoreal #rendacomhonestidade #infoproduto #marketingdigital #faceless #rendaextra #kiwify #conteudodigital",Quer ver o mapa completo? O Guia Do Zero ao Real está no link da bio.,#dozeroaoreal #rendacomhonestidade #infoproduto #marketingdigital #faceless #rendaextra #kiwify #conteudodigital,"Tela gravada mostrando checklist/rotina, com legendas grandes e ritmo rápido. Encerrar com CTA na bio.",,pendente,,,
2026-12-29-stories,2026-12-29,12:30,stories,Venda direta honesta,Evergreen de tráfego,Semana 20,O que você recebe dentro do Do Zero ao Real,O que você recebe dentro do Do Zero ao Real,"A proposta é simples: um mapa prático para quem está começando sem nada.

Tema de hoje: O que você recebe dentro do Do Zero ao Real.

Dentro dele você encontra fundamentos, cadastro em plataformas, conteúdo faceless, noções de copy e organização financeira básica.

Não é uma fórmula mágica. É um roteiro para parar de ficar perdido na primeira tela.

Você olha, aplica no seu ritmo e decide se faz sentido. Tem garantia de 7 dias conforme o checkout.

Para começar com um passo a passo organizado, acesse o guia pelo link da bio.

#dozeroaoreal #rendacomhonestidade #infoproduto #marketingdigital #faceless #rendaextra #kiwify #conteudodigital","Para começar com um passo a passo organizado, acesse o guia pelo link da bio.",#dozeroaoreal #rendacomhonestidade #infoproduto #marketingdigital #faceless #rendaextra #kiwify #conteudodigital,"Antes/depois conceitual: ""antes: perdido / depois: com checklist"". CTA discreto.",2026-12-29-stories/2026-12-29-stories-1.jpg,pendente,,,
2026-12-30-estatico,2026-12-30,19:00,estatico,Educativo,Evergreen de tráfego,Semana 20,Como montar uma rotina simples de produção de conteúdo,Como montar uma rotina simples de produção de conteúdo,"Começar do zero fica mais difícil quando você tenta aprender tudo ao mesmo tempo.

Tema de hoje: Como montar uma rotina simples de produção de conteúdo.

Pensa nisso como uma escada: primeiro você entende a base, depois monta a estrutura, depois publica, depois ajusta.

Quando você pula etapas, tudo parece confuso e qualquer ferramenta vira desculpa para travar.

A meta aqui é fazer o simples bem feito: um produto claro, uma oferta honesta e conteúdo constante.

Salva esse post e segue o @dozero.aoreal para aprender o caminho sem promessa falsa.

#dozeroaoreal #rendacomhonestidade #infoproduto #marketingdigital #faceless #rendaextra #kiwify #conteudodigital",Salva esse post e segue o @dozero.aoreal para aprender o caminho sem promessa falsa.,#dozeroaoreal #rendacomhonestidade #infoproduto #marketingdigital #faceless #rendaextra #kiwify #conteudodigital,"Imagem única com frase forte central, logo discreta e CTA na legenda.",2026-12-30-estatico/2026-12-30-estatico-1.jpg,pendente,,,
2026-12-31-carrossel,2026-12-31,19:30,carrossel,Jornada,Evergreen de tráfego,Semana 20,O dia em que eu percebi que precisava parar de esperar estar pronto,O dia em que eu percebi que precisava parar de esperar estar pronto,"Nem todo bastidor é bonito, mas é nele que o negócio começa a ficar real.

Tema de hoje: O dia em que eu percebi que precisava parar de esperar estar pronto.

Não é sobre fingir que está tudo pronto. É sobre documentar o processo e continuar mesmo quando ainda falta lapidar.

A vantagem de começar pequeno é que você consegue corrigir rápido, sem depender de equipe, estúdio ou orçamento.

Feito com honestidade ainda vence muita ideia perfeita que nunca sai do papel.

Se você também está começando, acompanha a jornada no @dozero.aoreal.

#dozeroaoreal #rendacomhonestidade #infoproduto #marketingdigital #faceless #rendaextra #kiwify #conteudodigital","Se você também está começando, acompanha a jornada no @dozero.aoreal.",#dozeroaoreal #rendacomhonestidade #infoproduto #marketingdigital #faceless #rendaextra #kiwify #conteudodigital,"Slide 1: pergunta direta. Slides seguintes: resposta em passos curtos. Último slide: ""salva para fazer depois"".",2026-12-31-carrossel/2026-12-31-carrossel-1.jpg;2026-12-31-carrossel/2026-12-31-carrossel-2.jpg;2026-12-31-carrossel/2026-12-31-carrossel-3.jpg;2026-12-31-carrossel/2026-12-31-carrossel-4.jpg;2026-12-31-carrossel/2026-12-31-carrossel-5.jpg;2026-12-31-carrossel/2026-12-31-carrossel-6.jpg,pendente,,,
2027-01-01-reels,2027-01-01,20:15,reels,Conexão,Recomeço de janeiro,Semana 20,Você não precisa virar guru para vender algo útil,Você não precisa virar guru para vender algo útil,"Você não precisa parecer expert para dar o primeiro passo com honestidade.

Tema de hoje: Você não precisa virar guru para vender algo útil.

Se o seu ponto de partida parece ruim, isso não te elimina. Só define qual é o próximo passo.

Você pode começar sem aparecer, sem equipamento caro e sem discurso de guru.

O que não dá é esperar coragem infinita para fazer a primeira publicação.

Comenta ""REAL"" se você quer começar do jeito possível, não do jeito perfeito.

#dozeroaoreal #rendacomhonestidade #infoproduto #marketingdigital #faceless #rendaextra #kiwify #conteudodigital","Comenta ""REAL"" se você quer começar do jeito possível, não do jeito perfeito.",#dozeroaoreal #rendacomhonestidade #infoproduto #marketingdigital #faceless #rendaextra #kiwify #conteudodigital,"Reels silencioso com frases em tela e música tendência. 5 cenas, 2 segundos cada.",,pendente,,,
2027-01-02-stories,2027-01-02,12:30,stories,Bastidores / prova honesta,Recomeço de janeiro,Semana 20,Bastidor: o produto foi feito para quem precisa de clareza,Bastidor: o produto foi feito para quem precisa de clareza,"Um bastidor importante: esse projeto não usa promessa de resultado garantido.

Tema de hoje: Bastidor: o produto foi feito para quem precisa de clareza.

O conteúdo foi pensado para ensinar a estrutura: plataformas, conteúdo faceless, copy, organização e checklist de ação.

Sem depoimento inventado. Sem print falso. Sem ""ganhe X por dia"". A ideia é ser útil sem vender ilusão.

Isso deixa a promessa menor — e a entrega mais limpa.

Quer ver o mapa completo? O Guia Do Zero ao Real está no link da bio.

#dozeroaoreal #rendacomhonestidade #infoproduto #marketingdigital #faceless #rendaextra #kiwify #conteudodigital",Quer ver o mapa completo? O Guia Do Zero ao Real está no link da bio.,#dozeroaoreal #rendacomhonestidade #infoproduto #marketingdigital #faceless #rendaextra #kiwify #conteudodigital,"Sequência de 3 stories: 1) pergunta/enquete, 2) dica curta, 3) CTA para link da bio/check-out.",2027-01-02-stories/2027-01-02-stories-1.jpg,pendente,,,
2027-01-03-estatico,2027-01-03,19:00,estatico,Venda direta honesta,Recomeço de janeiro,Semana 20,"Por que R$49,99 compra clareza, não promessa de dinheiro","Por que R$49,99 compra clareza, não promessa de dinheiro","Se você quer começar, mas sempre trava na próxima etapa, esse guia pode te ajudar.

Tema de hoje: Por que R$49,99 compra clareza, não promessa de dinheiro.

Dentro dele você encontra fundamentos, cadastro em plataformas, conteúdo faceless, noções de copy e organização financeira básica.

Não é uma fórmula mágica. É um roteiro para parar de ficar perdido na primeira tela.

Você olha, aplica no seu ritmo e decide se faz sentido. Tem garantia de 7 dias conforme o checkout.

Para começar com um passo a passo organizado, acesse o guia pelo link da bio.

#dozeroaoreal #rendacomhonestidade #infoproduto #marketingdigital #faceless #rendaextra #kiwify #conteudodigital","Para começar com um passo a passo organizado, acesse o guia pelo link da bio.",#dozeroaoreal #rendacomhonestidade #infoproduto #marketingdigital #faceless #rendaextra #kiwify #conteudodigital,"Card simples: título, subtítulo e elemento visual lima. Visual limpo, sem poluição.",2027-01-03-estatico/2027-01-03-estatico-1.jpg,pendente,,,
2027-01-04-carrossel,2027-01-04,19:30,carrossel,Educativo,Recomeço de janeiro,Semana 21,O que colocar numa bio que realmente explica o perfil,O que colocar numa bio que realmente explica o perfil,"Antes de pensar em vender, você precisa entender o caminho básico.

Tema de hoje: O que colocar numa bio que realmente explica o perfil.

Pensa nisso como uma escada: primeiro você entende a base, depois monta a estrutura, depois publica, depois ajusta.

Quando você pula etapas, tudo parece confuso e qualquer ferramenta vira desculpa para travar.

A meta aqui é fazer o simples bem feito: um produto claro, uma oferta honesta e conteúdo constante.

Salva esse post e segue o @dozero.aoreal para aprender o caminho sem promessa falsa.

#dozeroaoreal #rendacomhonestidade #infoproduto #marketingdigital #faceless #rendaextra #kiwify #conteudodigital",Salva esse post e segue o @dozero.aoreal para aprender o caminho sem promessa falsa.,#dozeroaoreal #rendacomhonestidade #infoproduto #marketingdigital #faceless #rendaextra #kiwify #conteudodigital,"Slide 1: ""antes de começar..."" Slides 2-5: erros/ajustes. Último slide: convite para o guia.",2027-01-04-carrossel/2027-01-04-carrossel-1.jpg;2027-01-04-carrossel/2027-01-04-carrossel-2.jpg;2027-01-04-carrossel/2027-01-04-carrossel-3.jpg;2027-01-04-carrossel/2027-01-04-carrossel-4.jpg;2027-01-04-carrossel/2027-01-04-carrossel-5.jpg;2027-01-04-carrossel/2027-01-04-carrossel-6.jpg,pendente,,,
2027-01-05-reels,2027-01-05,20:15,reels,Jornada,Recomeço de janeiro,Semana 21,O que mudou quando eu organizei o projeto em etapas,O que mudou quando eu organizei o projeto em etapas,"Esse projeto nasceu do jeito que muita gente começa: sem estrutura perfeita.

Tema de hoje: O que mudou quando eu organizei o projeto em etapas.

Não é sobre fingir que está tudo pronto. É sobre documentar o processo e continuar mesmo quando ainda falta lapidar.

A vantagem de começar pequeno é que você consegue corrigir rápido, sem depender de equipe, estúdio ou orçamento.

Feito com honestidade ainda vence muita ideia perfeita que nunca sai do papel.

Se você também está começando, acompanha a jornada no @dozero.aoreal.

#dozeroaoreal #rendacomhonestidade #infoproduto #marketingdigital #faceless #rendaextra #kiwify #conteudodigital","Se você também está começando, acompanha a jornada no @dozero.aoreal.",#dozeroaoreal #rendacomhonestidade #infoproduto #marketingdigital #faceless #rendaextra #kiwify #conteudodigital,"Vídeo faceless com texto na tela, cortes rápidos e b-roll simples de computador/celular. Sem aparecer. Narrativa opcional ou áudio em alta baixo.",,pendente,,,
2027-01-06-stories,2027-01-06,12:30,stories,Conexão,Recomeço de janeiro,Semana 21,O medo de errar não pode ser maior que a vontade de sair do lugar,O medo de errar não pode ser maior que a vontade de sair do lugar,"Tem muita gente vendendo uma vida perfeita. Aqui a conversa é outra.

Tema de hoje: O medo de errar não pode ser maior que a vontade de sair do lugar.

Se o seu ponto de partida parece ruim, isso não te elimina. Só define qual é o próximo passo.

Você pode começar sem aparecer, sem equipamento caro e sem discurso de guru.

O que não dá é esperar coragem infinita para fazer a primeira publicação.

Comenta ""REAL"" se você quer começar do jeito possível, não do jeito perfeito.

#dozeroaoreal #rendacomhonestidade #infoproduto #marketingdigital #faceless #rendaextra #kiwify #conteudodigital","Comenta ""REAL"" se você quer começar do jeito possível, não do jeito perfeito.",#dozeroaoreal #rendacomhonestidade #infoproduto #marketingdigital #faceless #rendaextra #kiwify #conteudodigital,"Story único com bastidor + caixa de pergunta: ""qual etapa mais te trava?"".",2027-01-06-stories/2027-01-06-stories-1.jpg,pendente,,,
2027-01-07-estatico,2027-01-07,19:00,estatico,Bastidores / prova honesta,Recomeço de janeiro,Semana 21,O que entra no guia e por que isso importa para iniciantes,O que entra no guia e por que isso importa para iniciantes,"A construção foi pensada para quem precisa sair da confusão e ir para um passo a passo.

Tema de hoje: O que entra no guia e por que isso importa para iniciantes.

O conteúdo foi pensado para ensinar a estrutura: plataformas, conteúdo faceless, copy, organização e checklist de ação.

Sem depoimento inventado. Sem print falso. Sem ""ganhe X por dia"". A ideia é ser útil sem vender ilusão.

Isso deixa a promessa menor — e a entrega mais limpa.

Quer ver o mapa completo? O Guia Do Zero ao Real está no link da bio.

#dozeroaoreal #rendacomhonestidade #infoproduto #marketingdigital #faceless #rendaextra #kiwify #conteudodigital",Quer ver o mapa completo? O Guia Do Zero ao Real está no link da bio.,#dozeroaoreal #rendacomhonestidade #infoproduto #marketingdigital #faceless #rendaextra #kiwify #conteudodigital,"Print/nota visual estilo checklist, com 3 bullets curtos.",2027-01-07-estatico/2027-01-07-estatico-1.jpg,pendente,,,
2027-01-08-carrossel,2027-01-08,19:30,carrossel,Venda direta honesta,Recomeço de janeiro,Semana 21,Antes de comprar: para quem esse guia serve e para quem não serve,Antes de comprar: para quem esse guia serve e para quem não serve,"O Guia Do Zero ao Real não promete renda automática. Ele entrega organização.

Tema de hoje: Antes de comprar: para quem esse guia serve e para quem não serve.

Dentro dele você encontra fundamentos, cadastro em plataformas, conteúdo faceless, noções de copy e organização financeira básica.

Não é uma fórmula mágica. É um roteiro para parar de ficar perdido na primeira tela.

Você olha, aplica no seu ritmo e decide se faz sentido. Tem garantia de 7 dias conforme o checkout.

Para começar com um passo a passo organizado, acesse o guia pelo link da bio.

#dozeroaoreal #rendacomhonestidade #infoproduto #marketingdigital #faceless #rendaextra #kiwify #conteudodigital","Para começar com um passo a passo organizado, acesse o guia pelo link da bio.",#dozeroaoreal #rendacomhonestidade #infoproduto #marketingdigital #faceless #rendaextra #kiwify #conteudodigital,Slide 1: título forte com fundo verde-noturno e palavra REAL em lima. Slides 2-6: um ponto por slide. Último slide: CTA para ver o guia no link da bio.,2027-01-08-carrossel/2027-01-08-carrossel-1.jpg;2027-01-08-carrossel/2027-01-08-carrossel-2.jpg;2027-01-08-carrossel/2027-01-08-carrossel-3.jpg;2027-01-08-carrossel/2027-01-08-carrossel-4.jpg;2027-01-08-carrossel/2027-01-08-carrossel-5.jpg;2027-01-08-carrossel/2027-01-08-carrossel-6.jpg,pendente,,,
2027-01-09-reels,2027-01-09,20:15,reels,Educativo,Recomeço de janeiro,Semana 21,Como usar prova honesta mesmo sem depoimentos ainda,Como usar prova honesta mesmo sem depoimentos ainda,"O problema não é só falta de vontade. Muitas vezes é falta de ordem.

Tema de hoje: Como usar prova honesta mesmo sem depoimentos ainda.

Pensa nisso como uma escada: primeiro você entende a base, depois monta a estrutura, depois publica, depois ajusta.

Quando você pula etapas, tudo parece confuso e qualquer ferramenta vira desculpa para travar.

A meta aqui é fazer o simples bem feito: um produto claro, uma oferta honesta e conteúdo constante.

Salva esse post e segue o @dozero.aoreal para aprender o caminho sem promessa falsa.

#dozeroaoreal #rendacomhonestidade #infoproduto #marketingdigital #faceless #rendaextra #kiwify #conteudodigital",Salva esse post e segue o @dozero.aoreal para aprender o caminho sem promessa falsa.,#dozeroaoreal #rendacomhonestidade #infoproduto #marketingdigital #faceless #rendaextra #kiwify #conteudodigital,"Tela gravada mostrando checklist/rotina, com legendas grandes e ritmo rápido. Encerrar com CTA na bio.",,pendente,,,
2027-01-10-stories,2027-01-10,12:30,stories,Jornada,Recomeço de janeiro,Semana 21,Por que documentar o processo ajuda mais do que fingir perfeição,Por que documentar o processo ajuda mais do que fingir perfeição,"O começo não precisa ser impressionante. Precisa existir.

Tema de hoje: Por que documentar o processo ajuda mais do que fingir perfeição.

Não é sobre fingir que está tudo pronto. É sobre documentar o processo e continuar mesmo quando ainda falta lapidar.

A vantagem de começar pequeno é que você consegue corrigir rápido, sem depender de equipe, estúdio ou orçamento.

Feito com honestidade ainda vence muita ideia perfeita que nunca sai do papel.

Se você também está começando, acompanha a jornada no @dozero.aoreal.

#dozeroaoreal #rendacomhonestidade #infoproduto #marketingdigital #faceless #rendaextra #kiwify #conteudodigital","Se você também está começando, acompanha a jornada no @dozero.aoreal.",#dozeroaoreal #rendacomhonestidade #infoproduto #marketingdigital #faceless #rendaextra #kiwify #conteudodigital,"Antes/depois conceitual: ""antes: perdido / depois: com checklist"". CTA discreto.",2027-01-10-stories/2027-01-10-stories-1.jpg,pendente,,,
2027-01-11-estatico,2027-01-11,19:00,estatico,Conexão,Recomeço de janeiro,Semana 22,O começo parece feio porque ainda é começo,O começo parece feio porque ainda é começo,"Se você está tentando começar e sente que está atrasado, respira.

Tema de hoje: O começo parece feio porque ainda é começo.

Se o seu ponto de partida parece ruim, isso não te elimina. Só define qual é o próximo passo.

Você pode começar sem aparecer, sem equipamento caro e sem discurso de guru.

O que não dá é esperar coragem infinita para fazer a primeira publicação.

Comenta ""REAL"" se você quer começar do jeito possível, não do jeito perfeito.

#dozeroaoreal #rendacomhonestidade #infoproduto #marketingdigital #faceless #rendaextra #kiwify #conteudodigital","Comenta ""REAL"" se você quer começar do jeito possível, não do jeito perfeito.",#dozeroaoreal #rendacomhonestidade #infoproduto #marketingdigital #faceless #rendaextra #kiwify #conteudodigital,"Imagem única com frase forte central, logo discreta e CTA na legenda.",2027-01-11-estatico/2027-01-11-estatico-1.jpg,pendente,,,
2027-01-12-carrossel,2027-01-12,19:30,carrossel,Bastidores / prova honesta,Recomeço de janeiro,Semana 22,Como transformei dúvidas comuns em capítulos práticos,Como transformei dúvidas comuns em capítulos práticos,"Por trás do guia existe uma escolha simples: clareza antes de hype.

Tema de hoje: Como transformei dúvidas comuns em capítulos práticos.

O conteúdo foi pensado para ensinar a estrutura: plataformas, conteúdo faceless, copy, organização e checklist de ação.

Sem depoimento inventado. Sem print falso. Sem ""ganhe X por dia"". A ideia é ser útil sem vender ilusão.

Isso deixa a promessa menor — e a entrega mais limpa.

Quer ver o mapa completo? O Guia Do Zero ao Real está no link da bio.

#dozeroaoreal #rendacomhonestidade #infoproduto #marketingdigital #faceless #rendaextra #kiwify #conteudodigital",Quer ver o mapa completo? O Guia Do Zero ao Real está no link da bio.,#dozeroaoreal #rendacomhonestidade #infoproduto #marketingdigital #faceless #rendaextra #kiwify #conteudodigital,"Slide 1: pergunta direta. Slides seguintes: resposta em passos curtos. Último slide: ""salva para fazer depois"".",2027-01-12-carrossel/2027-01-12-carrossel-1.jpg;2027-01-12-carrossel/2027-01-12-carrossel-2.jpg;2027-01-12-carrossel/2027-01-12-carrossel-3.jpg;2027-01-12-carrossel/2027-01-12-carrossel-4.jpg;2027-01-12-carrossel/2027-01-12-carrossel-5.jpg;2027-01-12-carrossel/2027-01-12-carrossel-6.jpg,pendente,,,
2027-01-13-reels,2027-01-13,20:15,reels,Venda direta honesta,Recomeço de janeiro,Semana 22,"O guia não faz por você, mas te mostra o caminho com ordem","O guia não faz por você, mas te mostra o caminho com ordem","A proposta é simples: um mapa prático para quem está começando sem nada.

Tema de hoje: O guia não faz por você, mas te mostra o caminho com ordem.

Dentro dele você encontra fundamentos, cadastro em plataformas, conteúdo faceless, noções de copy e organização financeira básica.

Não é uma fórmula mágica. É um roteiro para parar de ficar perdido na primeira tela.

Você olha, aplica no seu ritmo e decide se faz sentido. Tem garantia de 7 dias conforme o checkout.

Para começar com um passo a passo organizado, acesse o guia pelo link da bio.

#dozeroaoreal #rendacomhonestidade #infoproduto #marketingdigital #faceless #rendaextra #kiwify #conteudodigital","Para começar com um passo a passo organizado, acesse o guia pelo link da bio.",#dozeroaoreal #rendacomhonestidade #infoproduto #marketingdigital #faceless #rendaextra #kiwify #conteudodigital,"Reels silencioso com frases em tela e música tendência. 5 cenas, 2 segundos cada.",,pendente,,,
2027-01-14-stories,2027-01-14,12:30,stories,Educativo,Recomeço de janeiro,Semana 22,3 erros de quem começa no marketing digital sem direção,3 erros de quem começa no marketing digital sem direção,"Começar do zero fica mais difícil quando você tenta aprender tudo ao mesmo tempo.

Tema de hoje: 3 erros de quem começa no marketing digital sem direção.

Pensa nisso como uma escada: primeiro você entende a base, depois monta a estrutura, depois publica, depois ajusta.

Quando você pula etapas, tudo parece confuso e qualquer ferramenta vira desculpa para travar.

A meta aqui é fazer o simples bem feito: um produto claro, uma oferta honesta e conteúdo constante.

Salva esse post e segue o @dozero.aoreal para aprender o caminho sem promessa falsa.

#dozeroaoreal #rendacomhonestidade #infoproduto #marketingdigital #faceless #rendaextra #kiwify #conteudodigital",Salva esse post e segue o @dozero.aoreal para aprender o caminho sem promessa falsa.,#dozeroaoreal #rendacomhonestidade #infoproduto #marketingdigital #faceless #rendaextra #kiwify #conteudodigital,"Sequência de 3 stories: 1) pergunta/enquete, 2) dica curta, 3) CTA para link da bio/check-out.",2027-01-14-stories/2027-01-14-stories-1.jpg,pendente,,,
2027-01-15-estatico,2027-01-15,19:00,estatico,Jornada,Recomeço de janeiro,Semana 22,Bastidor real: fazer simples para conseguir terminar,Bastidor real: fazer simples para conseguir terminar,"Nem todo bastidor é bonito, mas é nele que o negócio começa a ficar real.

Tema de hoje: Bastidor real: fazer simples para conseguir terminar.

Não é sobre fingir que está tudo pronto. É sobre documentar o processo e continuar mesmo quando ainda falta lapidar.

A vantagem de começar pequeno é que você consegue corrigir rápido, sem depender de equipe, estúdio ou orçamento.

Feito com honestidade ainda vence muita ideia perfeita que nunca sai do papel.

Se você também está começando, acompanha a jornada no @dozero.aoreal.

#dozeroaoreal #rendacomhonestidade #infoproduto #marketingdigital #faceless #rendaextra #kiwify #conteudodigital","Se você também está começando, acompanha a jornada no @dozero.aoreal.",#dozeroaoreal #rendacomhonestidade #infoproduto #marketingdigital #faceless #rendaextra #kiwify #conteudodigital,"Card simples: título, subtítulo e elemento visual lima. Visual limpo, sem poluição.",2027-01-15-estatico/2027-01-15-estatico-1.jpg,pendente,,,
2027-01-16-carrossel,2027-01-16,19:30,carrossel,Conexão,Recomeço de janeiro,Semana 22,Faceless não é se esconder; é escolher um formato possível,Faceless não é se esconder; é escolher um formato possível,"Você não precisa parecer expert para dar o primeiro passo com honestidade.

Tema de hoje: Faceless não é se esconder; é escolher um formato possível.

Se o seu ponto de partida parece ruim, isso não te elimina. Só define qual é o próximo passo.

Você pode começar sem aparecer, sem equipamento caro e sem discurso de guru.

O que não dá é esperar coragem infinita para fazer a primeira publicação.

Comenta ""REAL"" se você quer começar do jeito possível, não do jeito perfeito.

#dozeroaoreal #rendacomhonestidade #infoproduto #marketingdigital #faceless #rendaextra #kiwify #conteudodigital","Comenta ""REAL"" se você quer começar do jeito possível, não do jeito perfeito.",#dozeroaoreal #rendacomhonestidade #infoproduto #marketingdigital #faceless #rendaextra #kiwify #conteudodigital,"Slide 1: ""antes de começar..."" Slides 2-5: erros/ajustes. Último slide: convite para o guia.",2027-01-16-carrossel/2027-01-16-carrossel-1.jpg;2027-01-16-carrossel/2027-01-16-carrossel-2.jpg;2027-01-16-carrossel/2027-01-16-carrossel-3.jpg;2027-01-16-carrossel/2027-01-16-carrossel-4.jpg;2027-01-16-carrossel/2027-01-16-carrossel-5.jpg;2027-01-16-carrossel/2027-01-16-carrossel-6.jpg,pendente,,,
2027-01-17-reels,2027-01-17,20:15,reels,Bastidores / prova honesta,Recomeço de janeiro,Semana 22,"Por que a garantia existe, mas o esforço continua sendo seu","Por que a garantia existe, mas o esforço continua sendo seu","Um bastidor importante: esse projeto não usa promessa de resultado garantido.

Tema de hoje: Por que a garantia existe, mas o esforço continua sendo seu.

O conteúdo foi pensado para ensinar a estrutura: plataformas, conteúdo faceless, copy, organização e checklist de ação.

Sem depoimento inventado. Sem print falso. Sem ""ganhe X por dia"". A ideia é ser útil sem vender ilusão.

Isso deixa a promessa menor — e a entrega mais limpa.

Quer ver o mapa completo? O Guia Do Zero ao Real está no link da bio.

#dozeroaoreal #rendacomhonestidade #infoproduto #marketingdigital #faceless #rendaextra #kiwify #conteudodigital",Quer ver o mapa completo? O Guia Do Zero ao Real está no link da bio.,#dozeroaoreal #rendacomhonestidade #infoproduto #marketingdigital #faceless #rendaextra #kiwify #conteudodigital,"Vídeo faceless com texto na tela, cortes rápidos e b-roll simples de computador/celular. Sem aparecer. Narrativa opcional ou áudio em alta baixo.",,pendente,,,
2027-01-18-stories,2027-01-18,12:30,stories,Venda direta honesta,Recomeço de janeiro,Semana 23,7 dias de garantia para você olhar com calma,7 dias de garantia para você olhar com calma,"Se você quer começar, mas sempre trava na próxima etapa, esse guia pode te ajudar.

Tema de hoje: 7 dias de garantia para você olhar com calma.

Dentro dele você encontra fundamentos, cadastro em plataformas, conteúdo faceless, noções de copy e organização financeira básica.

Não é uma fórmula mágica. É um roteiro para parar de ficar perdido na primeira tela.

Você olha, aplica no seu ritmo e decide se faz sentido. Tem garantia de 7 dias conforme o checkout.

Para começar com um passo a passo organizado, acesse o guia pelo link da bio.

#dozeroaoreal #rendacomhonestidade #infoproduto #marketingdigital #faceless #rendaextra #kiwify #conteudodigital","Para começar com um passo a passo organizado, acesse o guia pelo link da bio.",#dozeroaoreal #rendacomhonestidade #infoproduto #marketingdigital #faceless #rendaextra #kiwify #conteudodigital,"Story único com bastidor + caixa de pergunta: ""qual etapa mais te trava?"".",2027-01-18-stories/2027-01-18-stories-1.jpg,pendente,,,
2027-01-19-estatico,2027-01-19,19:00,estatico,Educativo,Recomeço de janeiro,Semana 23,O que é um infoproduto explicado sem enrolação,O que é um infoproduto explicado sem enrolação,"Antes de pensar em vender, você precisa entender o caminho básico.

Tema de hoje: O que é um infoproduto explicado sem enrolação.

Pensa nisso como uma escada: primeiro você entende a base, depois monta a estrutura, depois publica, depois ajusta.

Quando você pula etapas, tudo parece confuso e qualquer ferramenta vira desculpa para travar.

A meta aqui é fazer o simples bem feito: um produto claro, uma oferta honesta e conteúdo constante.

Salva esse post e segue o @dozero.aoreal para aprender o caminho sem promessa falsa.

#dozeroaoreal #rendacomhonestidade #infoproduto #marketingdigital #faceless #rendaextra #kiwify #conteudodigital",Salva esse post e segue o @dozero.aoreal para aprender o caminho sem promessa falsa.,#dozeroaoreal #rendacomhonestidade #infoproduto #marketingdigital #faceless #rendaextra #kiwify #conteudodigital,"Print/nota visual estilo checklist, com 3 bullets curtos.",2027-01-19-estatico/2027-01-19-estatico-1.jpg,pendente,,,
2027-01-20-carrossel,2027-01-20,19:30,carrossel,Jornada,Recomeço de janeiro,Semana 23,A diferença entre estar perdido e estar no começo,A diferença entre estar perdido e estar no começo,"Esse projeto nasceu do jeito que muita gente começa: sem estrutura perfeita.

Tema de hoje: A diferença entre estar perdido e estar no começo.

Não é sobre fingir que está tudo pronto. É sobre documentar o processo e continuar mesmo quando ainda falta lapidar.

A vantagem de começar pequeno é que você consegue corrigir rápido, sem depender de equipe, estúdio ou orçamento.

Feito com honestidade ainda vence muita ideia perfeita que nunca sai do papel.

Se você também está começando, acompanha a jornada no @dozero.aoreal.

#dozeroaoreal #rendacomhonestidade #infoproduto #marketingdigital #faceless #rendaextra #kiwify #conteudodigital","Se você também está começando, acompanha a jornada no @dozero.aoreal.",#dozeroaoreal #rendacomhonestidade #infoproduto #marketingdigital #faceless #rendaextra #kiwify #conteudodigital,Slide 1: título forte com fundo verde-noturno e palavra REAL em lima. Slides 2-6: um ponto por slide. Último slide: CTA para ver o guia no link da bio.,2027-01-20-carrossel/2027-01-20-carrossel-1.jpg;2027-01-20-carrossel/2027-01-20-carrossel-2.jpg;2027-01-20-carrossel/2027-01-20-carrossel-3.jpg;2027-01-20-carrossel/2027-01-20-carrossel-4.jpg;2027-01-20-carrossel/2027-01-20-carrossel-5.jpg;2027-01-20-carrossel/2027-01-20-carrossel-6.jpg,pendente,,,
2027-01-21-reels,2027-01-21,20:15,reels,Conexão,Recomeço de janeiro,Semana 23,O plano perfeito muitas vezes é só procrastinação com nome bonito,O plano perfeito muitas vezes é só procrastinação com nome bonito,"Tem muita gente vendendo uma vida perfeita. Aqui a conversa é outra.

Tema de hoje: O plano perfeito muitas vezes é só procrastinação com nome bonito.

Se o seu ponto de partida parece ruim, isso não te elimina. Só define qual é o próximo passo.

Você pode começar sem aparecer, sem equipamento caro e sem discurso de guru.

O que não dá é esperar coragem infinita para fazer a primeira publicação.

Comenta ""REAL"" se você quer começar do jeito possível, não do jeito perfeito.

#dozeroaoreal #rendacomhonestidade #infoproduto #marketingdigital #faceless #rendaextra #kiwify #conteudodigital","Comenta ""REAL"" se você quer começar do jeito possível, não do jeito perfeito.",#dozeroaoreal #rendacomhonestidade #infoproduto #marketingdigital #faceless #rendaextra #kiwify #conteudodigital,"Tela gravada mostrando checklist/rotina, com legendas grandes e ritmo rápido. Encerrar com CTA na bio.",,pendente,,,
2027-01-22-stories,2027-01-22,12:30,stories,Bastidores / prova honesta,Recomeço de janeiro,Semana 23,"Bastidor da VSL: direto ao ponto, sem teatro de riqueza","Bastidor da VSL: direto ao ponto, sem teatro de riqueza","A construção foi pensada para quem precisa sair da confusão e ir para um passo a passo.

Tema de hoje: Bastidor da VSL: direto ao ponto, sem teatro de riqueza.

O conteúdo foi pensado para ensinar a estrutura: plataformas, conteúdo faceless, copy, organização e checklist de ação.

Sem depoimento inventado. Sem print falso. Sem ""ganhe X por dia"". A ideia é ser útil sem vender ilusão.

Isso deixa a promessa menor — e a entrega mais limpa.

Quer ver o mapa completo? O Guia Do Zero ao Real está no link da bio.

#dozeroaoreal #rendacomhonestidade #infoproduto #marketingdigital #faceless #rendaextra #kiwify #conteudodigital",Quer ver o mapa completo? O Guia Do Zero ao Real está no link da bio.,#dozeroaoreal #rendacomhonestidade #infoproduto #marketingdigital #faceless #rendaextra #kiwify #conteudodigital,"Antes/depois conceitual: ""antes: perdido / depois: com checklist"". CTA discreto.",2027-01-22-stories/2027-01-22-stories-1.jpg,pendente,,,
2027-01-23-estatico,2027-01-23,19:00,estatico,Venda direta honesta,Recomeço de janeiro,Semana 23,Quer começar hoje? O checkout está na bio,Quer começar hoje? O checkout está na bio,"O Guia Do Zero ao Real não promete renda automática. Ele entrega organização.

Tema de hoje: Quer começar hoje? O checkout está na bio.

Dentro dele você encontra fundamentos, cadastro em plataformas, conteúdo faceless, noções de copy e organização financeira básica.

Não é uma fórmula mágica. É um roteiro para parar de ficar perdido na primeira tela.

Você olha, aplica no seu ritmo e decide se faz sentido. Tem garantia de 7 dias conforme o checkout.

Para começar com um passo a passo organizado, acesse o guia pelo link da bio.

#dozeroaoreal #rendacomhonestidade #infoproduto #marketingdigital #faceless #rendaextra #kiwify #conteudodigital","Para começar com um passo a passo organizado, acesse o guia pelo link da bio.",#dozeroaoreal #rendacomhonestidade #infoproduto #marketingdigital #faceless #rendaextra #kiwify #conteudodigital,"Imagem única com frase forte central, logo discreta e CTA na legenda.",2027-01-23-estatico/2027-01-23-estatico-1.jpg,pendente,,,
2027-01-24-carrossel,2027-01-24,19:30,carrossel,Educativo,Recomeço de janeiro,Semana 23,Por que começar pequeno é melhor do que esperar o plano perfeito,Por que começar pequeno é melhor do que esperar o plano perfeito,"O problema não é só falta de vontade. Muitas vezes é falta de ordem.

Tema de hoje: Por que começar pequeno é melhor do que esperar o plano perfeito.

Pensa nisso como uma escada: primeiro você entende a base, depois monta a estrutura, depois publica, depois ajusta.

Quando você pula etapas, tudo parece confuso e qualquer ferramenta vira desculpa para travar.

A meta aqui é fazer o simples bem feito: um produto claro, uma oferta honesta e conteúdo constante.

Salva esse post e segue o @dozero.aoreal para aprender o caminho sem promessa falsa.

#dozeroaoreal #rendacomhonestidade #infoproduto #marketingdigital #faceless #rendaextra #kiwify #conteudodigital",Salva esse post e segue o @dozero.aoreal para aprender o caminho sem promessa falsa.,#dozeroaoreal #rendacomhonestidade #infoproduto #marketingdigital #faceless #rendaextra #kiwify #conteudodigital,"Slide 1: pergunta direta. Slides seguintes: resposta em passos curtos. Último slide: ""salva para fazer depois"".",2027-01-24-carrossel/2027-01-24-carrossel-1.jpg;2027-01-24-carrossel/2027-01-24-carrossel-2.jpg;2027-01-24-carrossel/2027-01-24-carrossel-3.jpg;2027-01-24-carrossel/2027-01-24-carrossel-4.jpg;2027-01-24-carrossel/2027-01-24-carrossel-5.jpg;2027-01-24-carrossel/2027-01-24-carrossel-6.jpg,pendente,,,
2027-01-25-reels,2027-01-25,20:15,reels,Jornada,Recomeço de janeiro,Semana 24,O que eu faria se estivesse começando hoje sem dinheiro para investir,O que eu faria se estivesse começando hoje sem dinheiro para investir,"O começo não precisa ser impressionante. Precisa existir.

Tema de hoje: O que eu faria se estivesse começando hoje sem dinheiro para investir.

Não é sobre fingir que está tudo pronto. É sobre documentar o processo e continuar mesmo quando ainda falta lapidar.

A vantagem de começar pequeno é que você consegue corrigir rápido, sem depender de equipe, estúdio ou orçamento.

Feito com honestidade ainda vence muita ideia perfeita que nunca sai do papel.

Se você também está começando, acompanha a jornada no @dozero.aoreal.

#dozeroaoreal #rendacomhonestidade #infoproduto #marketingdigital #faceless #rendaextra #kiwify #conteudodigital","Se você também está começando, acompanha a jornada no @dozero.aoreal.",#dozeroaoreal #rendacomhonestidade #infoproduto #marketingdigital #faceless #rendaextra #kiwify #conteudodigital,"Reels silencioso com frases em tela e música tendência. 5 cenas, 2 segundos cada.",,pendente,,,
2027-01-26-stories,2027-01-26,12:30,stories,Conexão,Recomeço de janeiro,Semana 24,"Se você sente que está atrasado, leia isso","Se você sente que está atrasado, leia isso","Se você está tentando começar e sente que está atrasado, respira.

Tema de hoje: Se você sente que está atrasado, leia isso.

Se o seu ponto de partida parece ruim, isso não te elimina. Só define qual é o próximo passo.

Você pode começar sem aparecer, sem equipamento caro e sem discurso de guru.

O que não dá é esperar coragem infinita para fazer a primeira publicação.

Comenta ""REAL"" se você quer começar do jeito possível, não do jeito perfeito.

#dozeroaoreal #rendacomhonestidade #infoproduto #marketingdigital #faceless #rendaextra #kiwify #conteudodigital","Comenta ""REAL"" se você quer começar do jeito possível, não do jeito perfeito.",#dozeroaoreal #rendacomhonestidade #infoproduto #marketingdigital #faceless #rendaextra #kiwify #conteudodigital,"Sequência de 3 stories: 1) pergunta/enquete, 2) dica curta, 3) CTA para link da bio/check-out.",2027-01-26-stories/2027-01-26-stories-1.jpg,pendente,,,
2027-01-27-estatico,2027-01-27,19:00,estatico,Bastidores / prova honesta,Recomeço de janeiro,Semana 24,"Como o guia foi organizado por etapas, não por promessa","Como o guia foi organizado por etapas, não por promessa","Por trás do guia existe uma escolha simples: clareza antes de hype.

Tema de hoje: Como o guia foi organizado por etapas, não por promessa.

O conteúdo foi pensado para ensinar a estrutura: plataformas, conteúdo faceless, copy, organização e checklist de ação.

Sem depoimento inventado. Sem print falso. Sem ""ganhe X por dia"". A ideia é ser útil sem vender ilusão.

Isso deixa a promessa menor — e a entrega mais limpa.

Quer ver o mapa completo? O Guia Do Zero ao Real está no link da bio.

#dozeroaoreal #rendacomhonestidade #infoproduto #marketingdigital #faceless #rendaextra #kiwify #conteudodigital",Quer ver o mapa completo? O Guia Do Zero ao Real está no link da bio.,#dozeroaoreal #rendacomhonestidade #infoproduto #marketingdigital #faceless #rendaextra #kiwify #conteudodigital,"Card simples: título, subtítulo e elemento visual lima. Visual limpo, sem poluição.",2027-01-27-estatico/2027-01-27-estatico-1.jpg,pendente,,,
2027-01-28-carrossel,2027-01-28,19:30,carrossel,Venda direta honesta,Recomeço de janeiro,Semana 24,O Guia Do Zero ao Real é para quem quer começar com um mapa,O Guia Do Zero ao Real é para quem quer começar com um mapa,"A proposta é simples: um mapa prático para quem está começando sem nada.

Tema de hoje: O Guia Do Zero ao Real é para quem quer começar com um mapa.

Dentro dele você encontra fundamentos, cadastro em plataformas, conteúdo faceless, noções de copy e organização financeira básica.

Não é uma fórmula mágica. É um roteiro para parar de ficar perdido na primeira tela.

Você olha, aplica no seu ritmo e decide se faz sentido. Tem garantia de 7 dias conforme o checkout.

Para começar com um passo a passo organizado, acesse o guia pelo link da bio.

#dozeroaoreal #rendacomhonestidade #infoproduto #marketingdigital #faceless #rendaextra #kiwify #conteudodigital","Para começar com um passo a passo organizado, acesse o guia pelo link da bio.",#dozeroaoreal #rendacomhonestidade #infoproduto #marketingdigital #faceless #rendaextra #kiwify #conteudodigital,"Slide 1: ""antes de começar..."" Slides 2-5: erros/ajustes. Último slide: convite para o guia.",2027-01-28-carrossel/2027-01-28-carrossel-1.jpg;2027-01-28-carrossel/2027-01-28-carrossel-2.jpg;2027-01-28-carrossel/2027-01-28-carrossel-3.jpg;2027-01-28-carrossel/2027-01-28-carrossel-4.jpg;2027-01-28-carrossel/2027-01-28-carrossel-5.jpg;2027-01-28-carrossel/2027-01-28-carrossel-6.jpg,pendente,,,
2027-01-29-reels,2027-01-29,20:15,reels,Educativo,Recomeço de janeiro,Semana 24,Como escolher uma plataforma sem travar na comparação,Como escolher uma plataforma sem travar na comparação,"Começar do zero fica mais difícil quando você tenta aprender tudo ao mesmo tempo.

Tema de hoje: Como escolher uma plataforma sem travar na comparação.

Pensa nisso como uma escada: primeiro você entende a base, depois monta a estrutura, depois publica, depois ajusta.

Quando você pula etapas, tudo parece confuso e qualquer ferramenta vira desculpa para travar.

A meta aqui é fazer o simples bem feito: um produto claro, uma oferta honesta e conteúdo constante.

Salva esse post e segue o @dozero.aoreal para aprender o caminho sem promessa falsa.

#dozeroaoreal #rendacomhonestidade #infoproduto #marketingdigital #faceless #rendaextra #kiwify #conteudodigital",Salva esse post e segue o @dozero.aoreal para aprender o caminho sem promessa falsa.,#dozeroaoreal #rendacomhonestidade #infoproduto #marketingdigital #faceless #rendaextra #kiwify #conteudodigital,"Vídeo faceless com texto na tela, cortes rápidos e b-roll simples de computador/celular. Sem aparecer. Narrativa opcional ou áudio em alta baixo.",,pendente,,,
2027-01-30-stories,2027-01-30,12:30,stories,Jornada,Recomeço de janeiro,Semana 24,A parte invisível de construir um projeto do zero,A parte invisível de construir um projeto do zero,"Nem todo bastidor é bonito, mas é nele que o negócio começa a ficar real.

Tema de hoje: A parte invisível de construir um projeto do zero.

Não é sobre fingir que está tudo pronto. É sobre documentar o processo e continuar mesmo quando ainda falta lapidar.

A vantagem de começar pequeno é que você consegue corrigir rápido, sem depender de equipe, estúdio ou orçamento.

Feito com honestidade ainda vence muita ideia perfeita que nunca sai do papel.

Se você também está começando, acompanha a jornada no @dozero.aoreal.

#dozeroaoreal #rendacomhonestidade #infoproduto #marketingdigital #faceless #rendaextra #kiwify #conteudodigital","Se você também está começando, acompanha a jornada no @dozero.aoreal.",#dozeroaoreal #rendacomhonestidade #infoproduto #marketingdigital #faceless #rendaextra #kiwify #conteudodigital,"Story único com bastidor + caixa de pergunta: ""qual etapa mais te trava?"".",2027-01-30-stories/2027-01-30-stories-1.jpg,pendente,,,
2027-01-31-estatico,2027-01-31,19:00,estatico,Conexão,Recomeço de janeiro,Semana 24,"Nem todo mundo começa com câmera, equipe e dinheiro","Nem todo mundo começa com câmera, equipe e dinheiro","Você não precisa parecer expert para dar o primeiro passo com honestidade.

Tema de hoje: Nem todo mundo começa com câmera, equipe e dinheiro.

Se o seu ponto de partida parece ruim, isso não te elimina. Só define qual é o próximo passo.

Você pode começar sem aparecer, sem equipamento caro e sem discurso de guru.

O que não dá é esperar coragem infinita para fazer a primeira publicação.

Comenta ""REAL"" se você quer começar do jeito possível, não do jeito perfeito.

#dozeroaoreal #rendacomhonestidade #infoproduto #marketingdigital #faceless #rendaextra #kiwify #conteudodigital","Comenta ""REAL"" se você quer começar do jeito possível, não do jeito perfeito.",#dozeroaoreal #rendacomhonestidade #infoproduto #marketingdigital #faceless #rendaextra #kiwify #conteudodigital,"Print/nota visual estilo checklist, com 3 bullets curtos.",2027-01-31-estatico/2027-01-31-estatico-1.jpg,pendente,,,
2027-02-01-carrossel,2027-02-01,19:30,carrossel,Bastidores / prova honesta,Recomeço de janeiro,Semana 25,O que tem por trás de uma landing page simples e honesta,O que tem por trás de uma landing page simples e honesta,"Um bastidor importante: esse projeto não usa promessa de resultado garantido.

Tema de hoje: O que tem por trás de uma landing page simples e honesta.

O conteúdo foi pensado para ensinar a estrutura: plataformas, conteúdo faceless, copy, organização e checklist de ação.

Sem depoimento inventado. Sem print falso. Sem ""ganhe X por dia"". A ideia é ser útil sem vender ilusão.

Isso deixa a promessa menor — e a entrega mais limpa.

Quer ver o mapa completo? O Guia Do Zero ao Real está no link da bio.

#dozeroaoreal #rendacomhonestidade #infoproduto #marketingdigital #faceless #rendaextra #kiwify #conteudodigital",Quer ver o mapa completo? O Guia Do Zero ao Real está no link da bio.,#dozeroaoreal #rendacomhonestidade #infoproduto #marketingdigital #faceless #rendaextra #kiwify #conteudodigital,Slide 1: título forte com fundo verde-noturno e palavra REAL em lima. Slides 2-6: um ponto por slide. Último slide: CTA para ver o guia no link da bio.,2027-02-01-carrossel/2027-02-01-carrossel-1.jpg;2027-02-01-carrossel/2027-02-01-carrossel-2.jpg;2027-02-01-carrossel/2027-02-01-carrossel-3.jpg;2027-02-01-carrossel/2027-02-01-carrossel-4.jpg;2027-02-01-carrossel/2027-02-01-carrossel-5.jpg;2027-02-01-carrossel/2027-02-01-carrossel-6.jpg,pendente,,,
2027-02-02-reels,2027-02-02,20:15,reels,Venda direta honesta,Recomeço de janeiro,Semana 25,"Se você trava no primeiro passo, o guia foi feito para isso","Se você trava no primeiro passo, o guia foi feito para isso","Se você quer começar, mas sempre trava na próxima etapa, esse guia pode te ajudar.

Tema de hoje: Se você trava no primeiro passo, o guia foi feito para isso.

Dentro dele você encontra fundamentos, cadastro em plataformas, conteúdo faceless, noções de copy e organização financeira básica.

Não é uma fórmula mágica. É um roteiro para parar de ficar perdido na primeira tela.

Você olha, aplica no seu ritmo e decide se faz sentido. Tem garantia de 7 dias conforme o checkout.

Para começar com um passo a passo organizado, acesse o guia pelo link da bio.

#dozeroaoreal #rendacomhonestidade #infoproduto #marketingdigital #faceless #rendaextra #kiwify #conteudodigital","Para começar com um passo a passo organizado, acesse o guia pelo link da bio.",#dozeroaoreal #rendacomhonestidade #infoproduto #marketingdigital #faceless #rendaextra #kiwify #conteudodigital,"Tela gravada mostrando checklist/rotina, com legendas grandes e ritmo rápido. Encerrar com CTA na bio.",,pendente,,,
2027-02-03-stories,2027-02-03,12:30,stories,Educativo,Recomeço de janeiro,Semana 25,A diferença entre conteúdo que ensina e conteúdo que só ocupa espaço,A diferença entre conteúdo que ensina e conteúdo que só ocupa espaço,"Antes de pensar em vender, você precisa entender o caminho básico.

Tema de hoje: A diferença entre conteúdo que ensina e conteúdo que só ocupa espaço.

Pensa nisso como uma escada: primeiro você entende a base, depois monta a estrutura, depois publica, depois ajusta.

Quando você pula etapas, tudo parece confuso e qualquer ferramenta vira desculpa para travar.

A meta aqui é fazer o simples bem feito: um produto claro, uma oferta honesta e conteúdo constante.

Salva esse post e segue o @dozero.aoreal para aprender o caminho sem promessa falsa.

#dozeroaoreal #rendacomhonestidade #infoproduto #marketingdigital #faceless #rendaextra #kiwify #conteudodigital",Salva esse post e segue o @dozero.aoreal para aprender o caminho sem promessa falsa.,#dozeroaoreal #rendacomhonestidade #infoproduto #marketingdigital #faceless #rendaextra #kiwify #conteudodigital,"Antes/depois conceitual: ""antes: perdido / depois: com checklist"". CTA discreto.",2027-02-03-stories/2027-02-03-stories-1.jpg,pendente,,,
2027-02-04-estatico,2027-02-04,19:00,estatico,Jornada,Recomeço de janeiro,Semana 25,Começar sem aparecer também é uma escolha válida,Começar sem aparecer também é uma escolha válida,"Esse projeto nasceu do jeito que muita gente começa: sem estrutura perfeita.

Tema de hoje: Começar sem aparecer também é uma escolha válida.

Não é sobre fingir que está tudo pronto. É sobre documentar o processo e continuar mesmo quando ainda falta lapidar.

A vantagem de começar pequeno é que você consegue corrigir rápido, sem depender de equipe, estúdio ou orçamento.

Feito com honestidade ainda vence muita ideia perfeita que nunca sai do papel.

Se você também está começando, acompanha a jornada no @dozero.aoreal.

#dozeroaoreal #rendacomhonestidade #infoproduto #marketingdigital #faceless #rendaextra #kiwify #conteudodigital","Se você também está começando, acompanha a jornada no @dozero.aoreal.",#dozeroaoreal #rendacomhonestidade #infoproduto #marketingdigital #faceless #rendaextra #kiwify #conteudodigital,"Imagem única com frase forte central, logo discreta e CTA na legenda.",2027-02-04-estatico/2027-02-04-estatico-1.jpg,pendente,,,
2027-02-05-carrossel,2027-02-05,19:30,carrossel,Conexão,Recomeço de janeiro,Semana 25,A vergonha de começar pequeno trava mais do que a falta de ferramenta,A vergonha de começar pequeno trava mais do que a falta de ferramenta,"Tem muita gente vendendo uma vida perfeita. Aqui a conversa é outra.

Tema de hoje: A vergonha de começar pequeno trava mais do que a falta de ferramenta.

Se o seu ponto de partida parece ruim, isso não te elimina. Só define qual é o próximo passo.

Você pode começar sem aparecer, sem equipamento caro e sem discurso de guru.

O que não dá é esperar coragem infinita para fazer a primeira publicação.

Comenta ""REAL"" se você quer começar do jeito possível, não do jeito perfeito.

#dozeroaoreal #rendacomhonestidade #infoproduto #marketingdigital #faceless #rendaextra #kiwify #conteudodigital","Comenta ""REAL"" se você quer começar do jeito possível, não do jeito perfeito.",#dozeroaoreal #rendacomhonestidade #infoproduto #marketingdigital #faceless #rendaextra #kiwify #conteudodigital,"Slide 1: pergunta direta. Slides seguintes: resposta em passos curtos. Último slide: ""salva para fazer depois"".",2027-02-05-carrossel/2027-02-05-carrossel-1.jpg;2027-02-05-carrossel/2027-02-05-carrossel-2.jpg;2027-02-05-carrossel/2027-02-05-carrossel-3.jpg;2027-02-05-carrossel/2027-02-05-carrossel-4.jpg;2027-02-05-carrossel/2027-02-05-carrossel-5.jpg;2027-02-05-carrossel/2027-02-05-carrossel-6.jpg,pendente,,,
